<?xml version="1.0" encoding="UTF-8"?>

<!--© The Office of the High Commisioner for Human Rights-->

<udhr iso639-3="azb" xml:lang="azb" key="032" n="South Azerbaijani"  dir="ltr" iso15924="Latn" xmlns="http://www.unicode.org/udhr">
   <title>İNSAN HAKLARI EVRENSEL BEYANNAMESİ</title>
   <note>
      <para>Tüm insanlar eşit vazgeçilemez haklar ve temel özgürlüklerle doğarlar.</para>
      <para>Birleşmiş Milletler her bireyin insan haklarını desteklemek,tanıtmak ve korumak için taahhüt etmiştir, Bu taahhüt Birleşmiş Milletlerin dünya halklarının temel insan haklarına ve insan onuruna ve değerine olan inancını yeniden teyit eden Şarltlarndan kaynaklıdır</para>
      <para>Birleşmiş Milletler, İnsan Hakları Evrensel Beyannamesinde herkesin hakkı diğeriyle eşit olduğunu açık ve net olarak belitmiştir</para>
      <para>Bu hakların sahibi sizsiniz,</para>
      <para>Bu sizin haklarınızdır.</para>
      <para>Haklarınızı bilin ve onları kendiniz ve kardeşleriniz için savunmaya yardimci olun.</para>
   </note>
   <preamble>
      <title>Önsöz</title>
      <para>Adaletin ve özgürlüğun ve barışın temeli, tüm İnsanlık ailesinin üyelerinde ve eşit haklarıyla bulunan onurun tanınmasiken,</para>
      <para>Insan haklarını unutup tanınmaması ve hor görülmesi insan vicdanına zarar vererek isyana sevkeden vahşiliklere sebep olmuştur, genel insanların özlem duyduğu amaç bireyin ifade ve inanç özgürlüğüne sahip olduğu ve kendini korkudan ve yoksulluktan kurtardığı bir dünyanın ortaya çıkmasıdır.</para>
      <para>Yasanın insan haklarını koruması icin ve baskıya karşı son çare olarak ayaklanmaya mecbur kalmaması için esaslı bir zaruret oluriken,</para>
      <para>Uluslararası dostane ilişkilerin geliştirilmesini teşvik etmek gerekliyken,</para>
      <para>Birleşmiş Milletler halkları, temel insan haklarına, bireyin haysiyetine ve değerine, kadın ve erkeğin eşit haklarının inancına yeniden teyit etmişiken,daha geniş bir hürriyet içerisinde daha iyi hayat şartları kurmaya karar verdiklerini beyan ederken,</para>
      <para>Üye Devletler Birleşmiş Milletler Teşkilatı ile insan haklarını ve temel özgürlüklere sürekli uyulmasını sağlamak ve saygı duyulması için işbirliği yapmaya sözü vermişiken,</para>
      <para>Bu hakların ve özgürlüklerin genel bilincli olmanın önemi bu taahhüdün tam olarak anlamıyla gerçekleştirilmes iken,</para>
      <para>Birleşmiş Milletler Genel Kurulu :</para>
      <para>Bütün halklar ve uluslar için bir ortak başarı ölçüsü olarak bu insan Hakları Evrensel Bildirgesini ilan eder;</para>
      <para>Her birey ve toplumun her organı bu Bildirgeyi daima gözönünde bulundurarak, bu hak ve özgürlüklere saygının yerleşmesini amaçlayan eğitim ve öğretim yoluyla; ve hem üye Devletlerin halklarında hem de egemenlikleri altındaki halklarda bu hak ve özgürlüklerin evrensel ve etkin olarak tanınmasını ve gözetilmesini amaçlayan ulusal ve uluslararası tedrici önlemler alarak çaba göstersinler.</para>
   </preamble>
   <article number="1">
      <title>Madde 1</title>
      <para>Tüm insanlar hür döğarlar, hak ve onur bakımından eşit döğarlar, onlar akıl ve vicdana sahiptirler ve birbirlerine karşı kardeşlik ruhu içinde davranmalılar.</para>
   </article>
   <article number="2">
      <title>Madde 2</title>
      <para>Herkes, bu beyannamede yer alan tüm hak ve özgürlüklerden yararlanmaya ayrımcılıksiz sahiptir. Irk, renk, cinsiyet, dil, din, siyasi görüş veya diğer herhangi bir ak'de, milli veya sosyal menşe, servet, doğuş veya herhangi diğer bir statüye dayalı ayrımcılık gibi olmayacaktır, erkek ve kadın arasında herhangi bir ayrımcılık olmayacaktır.</para>
      <para>Yukarıdakilere ek olarak, bağımsız memleket uyruğu olsun, vesayet altında bulunan, gayri muhtar veya sair bir egemenlik kayıtlamasına tabi ülke uyruğu olsun, bir şahıs hakkında, uyruğu bulunduğu memleket veya ülkenin siyasi, hukuki veya milletlerarası statüsü bakımından hiçbir ayrılık gözetilmeyecektir.</para>
  </article>
   <article number="3">
      <title>Madde 3</title>
      <para>Herkesin yaşama, özgürlüğe ve kişi güvenliğine hakkı vardır.</para>
   </article>
   <article number="4">
      <title>Madde 4</title>
      <para>Hiç kimse kölelik veya esaret altında tutulamaz. Kölelik ve köle ticareti her şeklinde yasaktır.</para>
   </article>
   <article number="5">
      <title>Madde 5</title>
      <para>Hiç kimse işkenceye, gayriinsani, zor işlemlere veya aşağılayıcı muameleye veya gaddarlığa veya onur kırıcı cezalara tabi tutulamaz.</para>
   </article>
   <article number="6">
      <title>Madde 6</title>
      <para>Her insan, nerede olursa olsun, hukuk kişiliğin tanınması hakkına sahiptir.</para>
   </article>
   <article number="7">
      <title>Madde 7</title>
      <para>Tüm insanlar yasa önünde eşittir ve hiçbir ayrım gözetmeksizin tüm korumadan yararlanma hakkına sahiptir,Buna ek olarak, hepsi bu beyanı ve bu tür ayrımcılığa yönelik her türlü kışkırtmaya karşı ihlal eden herhangi bir ayrımcılığa karşı eşit korunma hakkına sahiptir.</para>
   </article>
   <article number="8">
      <title>Madde 8</title>
      <para>Her kişi, kendisine kanunl ile tanınan temel hakları ihlal eden fiillerin telafi edilmesi için milli mahkemelere müracaat hakkına sahiptir.</para>
   </article>
   <article number="9">
      <title>Madde 9</title>
      <para>Hiç kimse keyfi olarak tutuklanamaz, alıkonulanamaz veya sürülemez.</para>
   </article>
   <article number="10">
      <title>Madde 10</title>
      <para>Her insanın, hakları ve yükümlülükleri ve kendisine yöneltilen herhangi bir suç isnadına ilişkin alenen adil görüş açısından, diğerleriyle eşit bir şekilde davasının bağımsız ve tarafsız bir mahkemede görülmesini sağlama hakkı vardır.</para>
   </article>
   <article number="11">
      <title>Madde 11</title>
      <orderedlist>
         <listitem>
            <para>Bir suçla itham edilen her kişi, savunması için gerekli tüm garantilere sahip olduğu açık bir yargılamada kanuna göre suçlu olduğu kanıtlanıncaya kadar masum sayılır.</para>
         </listitem>
         <listitem>
            <para>Hiç kimse işlendikleri sırada milli veya milletlerarası hukuka göre suç teşkil etmeyen fiillerden veya ihmallerden ötürü mahkum edilemez. Bunun gibi, suçun işlendiği sırada uygulanabilecek olan cezadan daha şiddetli bir ceza verilemez.</para>
         </listitem>
      </orderedlist>
   </article>
   <article number="12">
      <title>Madde 12</title>
      <para>Hiç kimsenin özel hayatına, ailesine, konutuna veya yazışmalarına keyfi olarak karışılamaz, şeref ve itibarına saldırılamaz. Ve her insanın bu tür müdahalelerden veya kampanyalardan yasa tarafından korunma hakkı vardır.</para>
   </article>
   <article number="13">
      <title>Madde 13</title>
      <orderedlist>
         <listitem>
            <para>Herkes, her bir devletin sınırları içinde serbestçe dolalşma ve yerleşme özgürlüğüne sahiptir.</para>
         </listitem>
         <listitem>
            <para>Herkes, kendi ülkesi de dahil, herhangi bir ülkeyi terk etme ve o ülkeye dönme hakkına sahiptir.</para>
         </listitem>
      </orderedlist>
   </article>
   <article number="14">
      <title>Madde 14</title>
      <orderedlist>
         <listitem>
            <para>Herkesin başka ülkelere mülteci olma veya zulümden kaçmak için mülteci talepi etme hakkı vardır.</para>
         </listitem>
         <listitem>
            <para>Bu haktan, politik olmayan suçlardan yargılanan veya Birleşmiş Milletler'in amaç ve ilkelerine aykırı eylemlerden dolayı faydalanamaz.</para>
         </listitem>
      </orderedlist>
   </article>
   <article number="15">
      <title>Madde 15</title>
      <orderedlist>
         <listitem>
            <para>Herkesin bir uyrukluğa hakkı vardır.</para>
         </listitem>
         <listitem>
            <para>Hiç kimse keyfi olarak uyrukluğundan ve uyrukluğunu değiştirmek hakkından mahrum edilemez.</para>
         </listitem>
      </orderedlist>
   </article>
   <article number="16">
      <title>Madde 16</title>
      <orderedlist>
         <listitem>
            <para>Erkek ve kadın evlilik çağına geldiğinde, cinsiyet ve din nedeniyle herhangi bir kısıtlama olmadan aile kurma ve evlenme hakkına sahip olurlar ve evlilikte, evlilik süresince ve evliliğin sona ermesinde eşit haklara sahiptirler.</para>
         </listitem>
         <listitem>
            <para>Evlenmek isteyen iki tarafın tam rızası olmadan evlilik sözleşmesi akdedilmez.</para>
         </listitem>
         <listitem>
            <para>Aile, toplumun doğal ve temel unsurudur, toplum ve devlet tarafından korunma hakkına sahiptir.</para>
         </listitem>
      </orderedlist>
   </article>
   <article number="17">
      <title>Madde 17</title>
      <orderedlist>
         <listitem>
            <para>Herkesin tek başına veya başkalarıyla birlikte mülkiyete sahip olma hakkı vardır.</para>
         </listitem>
         <listitem>
            <para>Hiç kimse mal ve mülkünden keyfi olarak mahrum edilemez.</para>
         </listitem>
      </orderedlist>
   </article>
   <article number="18">
      <title>Madde 18</title>
      <para>Herkes düşünce, vicdan ve din özgürlük hakkına sahiptir ve bu hak, dinini veya inancını değiştirme özgürlüğünü ve bunları eğitimle, uygulamayla ve ritüeller kurulmasıyla ve bunları gizlice veya açıkça, tek başına ya da topluca ifade etme özgürlüğünü içerir.</para>
   </article>
   <article number="19">
      <title>Madde 19</title>
      <para>Herkesin görüş ve ifade özgürlüğü hakkı vardır ve bu hak, memleket coğrafi sınırlarla kısıtlanmaksızın ve müdahale olmaksızın kanaat sahibi olma, haber ve fikirleri alma ve bunları bir ortamda herhangi bir mecrada yayınlama özgürlüğünü içerir.</para>
   </article>
   <article number="20">
      <title>Madde 20</title>
      <orderedlist>
         <listitem>
            <para>Herkesin barışçıl derneklere ve gruplara katılma özgürlük hakkı vardır.</para>
         </listitem>
         <listitem>
            <para>Hiç kimse bir derneğe mensup olmaya zorlanamaz.</para>
         </listitem>
     </orderedlist>
   </article>
   <article number="21">
      <title>Madde 21</title>
      <orderedlist>
         <listitem>
            <para>Herkes, doğrudan veya serbestçe seçilmiş temsilciler aracılığıyla, ülkesinin kamu işlerinin yönetimine katılma hakkına sahiptir.</para>
         </listitem>
         <listitem>
            <para>Herkesin,ülkede bir kamu görevine sahip olma hakkı aynıdır.</para>
         </listitem>
         <listitem>
            <para>Halkın iradesi, hükümet otoritesinin kaynağıdır ve bu irade, gizli oylama temelinde ve herkes için eşit olarak yapılan periyodik adil seçimlerle veya oylama özgürlüğünü garanti benzer herhangi prosedüre göre ifade edilebilir.</para>
         </listitem>
      </orderedlist>
   </article>
   <article number="22">
      <title>Madde 22</title>
      <para>Toplumun bir üyesi olarak herkesin sosyal güvenlik hakkı olmalı ve Ekonomik, sosyal ve eğitimsel hakları olmalı (onuru ve kişiliğinin özgür büyümesi için vazgeçilmezdir) ve bu haklar her devletin sistemlerine ve kaynaklarına uygun olarak ulusal çabalar ve uluslararası işbirliği ile elde edilir.</para>
   </article>
   <article number="23">
      <title>Madde 23</title>
      <orderedlist>
         <listitem>
            <para>Herkes, çalışma hakkına, adil ve elverişli koşullarda seçme özgürlüğüne ve işsizlikten korunma hakkına sahiptir.</para>
         </listitem>
         <listitem>
            <para>Herkesin, hiçbir ayrım gözetilmeksizin, eşit iş karşılığında eşit ücrete hakkı vardır.</para>
         </listitem>
         <listitem>
            <para>Çalışan her kimsenin kendisine ve ailesine insanlık haysiyetine uygun bir yaşayış sağlayan ve gerekirse her türlü sosyal koruma vasıtalarıyla da tamamlanan adil ve elverişli bir ücrete hakkı vardır.</para>
         </listitem>
         <listitem>
            <para>Herkesin menfaatlerinin korunmasi için sendikalar kurmaya ve bunlara katılmaya hakkı vardır.</para>
         </listitem>
      </orderedlist>
   </article>
   <article number="24">
      <title>Madde 24</title>
      <para>Herkesin dinlenmeye ve eğlenmeye hakkı vardır, bilhassa çalışma müddetinin makul surette sınırlandırılmasına ve muayyen devrelerde ücretli tatillere hakkı vardır.</para>
   </article>
   <article number="25">
      <title>Madde 25</title>
      <orderedlist>
         <listitem>
            <para>Herkesin kendisinin ve ailesinin sağlık ve refahı için beslenme, giyim, konut ve tıbbi bakım hakkı vardır. Herkes, işsizlik, hastalık, dulluk, yaşlılık ve kendi iradesi dışındaki koşullardan doğan geçim sıkıntısı durumunda güvenlik hakkına sahiptir.</para>
         </listitem>
         <listitem>
            <para>Anaların ve çocukların özel bakım ve yardım görme hakları vardır. Bütün çocuklar, evlilik içi veya evlilik dışı doğmuş olsunlar, aynı sosyal güvenceden yararlanırlar.</para>
         </listitem>
      </orderedlist>
   </article>
   <article number="26">
      <title>Madde 26</title>
      <orderedlist>
         <listitem>
            <para>Her şahsın öğrenim hakkı vardır. Öğrenim hiç olmazsa ilk ve temel safhalarında parasızdır. İlk öğretim mecburidir. Teknik ve mesleki öğretimden herkes istifade edebilmelidir. Yüksek öğretim, liyakatlerine göre herkese tam eşitlikle açık olmalıdır.</para>
         </listitem>
         <listitem>
            <para>Öğretim insan şahsiyetinin tam gelişmesini ve insan haklarıyla ana hürriyetlerine saygının kuvvetlenmesini hedef almalıdır. Öğretim bütün milletler, ırk ve din grupları arasında anlayış, hoşgörü ve dostluğu teşvik etmeli ve Birleşmiş Milletlerin barışın idamesi yolundaki çalışmalarını geliştirmelidir.</para>
         </listitem>
         <listitem>
            <para>Ana baba, çocuklarına verilecek eğitim türünü seçmek hakkını öncelikle sahiptirler.</para>
         </listitem>
      </orderedlist>
   </article>
   <article number="27">
      <title>Madde 27</title>
      <orderedlist>
         <listitem>
            <para>Herkes, kültür topluluğu yaşamına özgürce katılma, güzel sanatlardan yararlanma, bilimsel gelişmeye katkıda bulunma ve sonuçlarından yararlanma hakkına sahiptir.</para>
         </listitem>
         <listitem>
            <para>Herkesin yarattığı, her türlü bilim, edebiyat veya sanat eserlerinden mütevellit manevi ve maddi menfaatlerin korunmasına hakkı vardır.</para>
         </listitem>
      </orderedlist>
   </article>
   <article number="28">
      <title>Madde 28</title>
      <para>Herkes, bu bildirgede derpiş edilen hak ve özgürlüklerin tam olarak gerçekleştirildiği uluslararası bir sosyal düzenden yararlanma hakkına sahiptir.</para>
   </article>
   <article number="29">
      <title>Madde 29</title>
      <orderedlist>
         <listitem>
            <para>Demokratik bir toplumda kişi, hak ve özgürlüklerini kullanırken, başkalarının hak ve özgürlüklerinin tanınmasını ve bunlara saygı duyulmasını sağlamak ve kamu düzeninin, kamu yararı ve ahlakının haklı gereklerini yerine getirmek için yalnızca kanunla belirlenen kısıtlamalara tabidir.</para>
         </listitem>
         <listitem>
            <para>Her şahsın, şahsiyetinin serbest ve tam gelişmesi ancak bir topluluk içinde mümkündür ve şahsın bu topluluğa karşı gör.</para>
         </listitem>
         <listitem>
            <para>Bu haklar hiçbir şekilde Birleşmiş Milletlerin amaç ve ilkelerine aykırı bir uygulamada kullanılamaz.</para>
         </listitem>
      </orderedlist>
   </article>
   <article number="30">
      <title>Madde 30</title>
      <para>Bu beyannamede, bir devlete, gruba veya bireye, burada yer alan hak ve özgürlükleri baltalamaya yönelik bir faaliyette bulunma veya çalışma yapma hakkı verdiği şeklinde yorumlanabilecek bir metin yoktur.</para>
   </article>
</udhr>
