<?xml version="1.0" encoding="UTF-8"?>

<!--© The Office of the High Commisioner for Human Rights-->

<udhr iso639-3='epo' xml:lang='eo' key='epo' n='Esperanto' dir='ltr' iso15924='Latn' xmlns="http://www.unicode.org/udhr">
   <title>Universala Deklaracio de Homaj Rajtoj</title>
   <note>
      <para>Adoptita kaj proklamita de Rezolucio 217 A (III) de la Ĝenerala Asembleo, 10an de decembro 1948</para>
   </note>
   <preamble>
      <title>Antaŭkonsideroj</title>
      <para>Pro tio, ke agnosko de la esenca digno kaj de la egalaj kaj nefordoneblaj rajtoj de ĉiuj membroj de la homara familio estas la fundamento de libero, justo kaj paco en la mondo,</para>
      <para>Pro tio, ke malagnosko kaj malestimo de la homaj rajtoj rezultigis barbarajn agojn, kiuj forte ofendis la konsciencon de la homaro, kaj ke la efektiviĝo de tia mondo, en kiu la homoj ĝuos liberecon de parolo kaj de kredo kaj liberiĝon el timo kaj bezono, estas proklamita kiel la plej alta aspiro de ordinaraj homoj,</para>
      <para>Pro tio, ke nepre necesas, se la homoj ne estu devigitaj, sen alia elektebla vojo, ribeli kontraŭ tiranismo kaj subpremo, ke la homaj rajtoj estu protektataj de la leĝo,</para>
      <para>Pro tio, ke nepre necesas evoluigi amikajn rilatojn inter la nacioj,</para>
      <para>Pro tio, ke la popoloj de Unuiĝintaj Nacioj en la Ĉarto reasertis sian firman kredon je la fundamentaj homaj rajtoj, je la digno kaj valoro de la homa personeco kaj je la egalaj rajtoj de viroj kaj virinoj, kaj firme decidis antaŭenigi socian progreson kaj pli altnivelan vivon en pli granda libereco,</para>
      <para>Pro tio, ke la Ŝtatoj-Membroj sin devigis atingi, en kunlaboro kun Unuiĝintaj Nacioj, la antaŭenigon de universala respekto al kaj observado de la homaj rajtoj kaj fundamentaj liberecoj,</para>
      <para>Pro tio, ke komuna kompreno pri tiuj ĉi rajtoj kaj liberecoj estas esence grava por plena realigo de tiu sindevigo,</para>
      <para>Tial, nun,</para>
      <para>La Ĝenerala Asembleo,</para>
      <para>Proklamas tiun ĉi Universalan Deklaracion de Homaj Rajtoj kiel komunan celon de atingo por ĉiuj popoloj kaj ĉiuj nacioj, por tio, ke ĉiu individuo kaj ĉiu organo de la socio, konstante atentante ĉi tiun Deklaracion, per instruado kaj edukado strebu al respektigo de tiuj ĉi rajtoj kaj liberecoj, kaj per laŭgradaj paŝoj naciaj kaj internaciaj certigu ilian universalan kaj efektivan agnoskon kaj observadon, same tiel inter la popoloj de la Ŝtatoj-Membroj mem, kiel inter la popoloj de teritorioj sub ilia jurisdikcio.</para>
   </preamble>
   <article number="1">
      <title>Artikolo 1</title>
      <para>Ĉiuj homoj estas denaske liberaj kaj egalaj laŭ digno kaj rajtoj. Ili posedas racion kaj konsciencon, kaj devus konduti unu al alia en spirito de frateco.</para>
   </article>
   <article number="2">
      <title>Artikolo 2</title>
      <para>Ĉiuj rajtoj kaj liberecoj difinitaj en tiu ĉi Deklaracio validas same por ĉiuj homoj, sen kia ajn diferencigo, ĉu laŭ raso, haŭtkoloro, sekso, lingvo, religio, politika aŭ alia opinio, nacia aŭ socia deveno, posedaĵoj, naskiĝo aŭ alia stato.</para>
      <para>Plie, nenia diferencigo estu farata surbaze de la politika, jurisdikcia aŭ internacia pozicio de la lando aŭ teritorio, al kiu apartenas la koncerna persono, senkonsidere ĉu ĝi estas sendependa, sub kuratoreco, ne-sinreganta aŭ sub kia ajn alia limigo de la suvereneco.</para>
   </article>
   <article number="3">
      <title>Artikolo 3</title>
      <para>Ĉiu havas la rajtojn je vivo, libereco kaj persona sekureco.</para>
   </article>
   <article number="4">
      <title>Artikolo 4</title>
      <para>Neniu estu tenata en sklaveco aŭ servuteco; sklaveco kaj sklavkomerco estu malpermesitaj en ĉiuj siaj formoj.</para>
   </article>
   <article number="5">
      <title>Artikolo 5</title>
      <para>Neniu suferu torturon aŭ kruelan, nehoman aŭ sendignigan traktadon aŭ punon.</para>
   </article>
   <article number="6">
      <title>Artikolo 6</title>
      <para>Ĉiu rajtas esti ĉie agnoskita jure kiel persono.</para>
   </article>
   <article number="7">
      <title>Artikolo 7</title>
      <para>Ĉiuj homoj estas jure egalaj, kaj rajtas sen diskriminacio al egala jura protekto. Ĉiuj rajtas ricevi egalan protekton kontraŭ kia ajn diskriminacio, kiu kontraŭas tiun ĉi Deklaracion, kaj kontraŭ kia ajn instigo al tia diskriminacio.</para>
   </article>
   <article number="8">
      <title>Artikolo 8</title>
      <para>Ĉiu rajtas ricevi de la kompetentaj naciaj tribunaloj efikan riparon pro agoj, kiuj kontraŭas la fundamentajn rajtojn, kiujn li havas laŭ la konstitucio aŭ la leĝoj.</para>
   </article>
   <article number="9">
      <title>Artikolo 9</title>
      <para>Neniu suferu arbitrajn areston, malliberigon aŭ ekzilon.</para>
   </article>
   <article number="10">
      <title>Artikolo 10</title>
      <para>Ĉiu en plena egaleco rajtas je justa kaj publika proceso antaŭ sendependa kaj senpartia tribunalo, por prijuĝo de liaj rajtoj kaj devoj kaj de kiu ajn kriminala akuzo kontraŭ li.</para>
   </article>
   <article number="11">
      <title>Artikolo 11</title>
      <orderedlist>
         <listitem>
            <para>Ĉiu akuzita pro punebla faro rajtas, ke oni supozu lin senkulpa, ĝis oni pruvos laŭleĝe lian kulpon en publika proceso, en kiu li ricevis ĉiujn garantiojn necesajn por sia defendo.</para>
         </listitem>
         <listitem>
            <para>Neniu estu konsiderata krimkulpa pro kia ajn ago aŭ neago, kiu ne konsistigis puneblan faron, laŭ nacia aŭ internacia juro, en la tempo, kiam ĝi estis farita. Same tiel, ne estu aljuĝita pli severa puno ol tiu, kiu estis aplikebla en la tempo, kiam la punebla faro estis plenumita.</para>
         </listitem>
      </orderedlist>
   </article>
   <article number="12">
      <title>Artikolo 12</title>
      <para>Neniu suferu arbitrajn intervenojn en sian privatecon, familion, hejmon aŭ korespondadon, nek atakojn kontraŭ sia honoro aŭ reputacio. Ĉiu rajtas ricevi juran protekton kontraŭ tiaj intervenoj aŭ atakoj.</para>
   </article>
   <article number="13">
      <title>Artikolo 13</title>
      <orderedlist>
         <listitem>
            <para>Ĉiu havas la rajton libere moviĝi kaj loĝi interne de la limoj de kiu ajn ŝtato.</para>
         </listitem>
         <listitem>
            <para>Ĉiu rajtas eliri el kiu ajn lando, inkluzive la propran, kaj reveni en sian landon.</para>
         </listitem>
      </orderedlist>
   </article>
   <article number="14">
      <title>Artikolo 14</title>
      <orderedlist>
         <listitem>
            <para>Ĉiu rajtas peti kaj ricevi en aliaj landoj azilon kontraŭ persekuto.</para>
         </listitem>
         <listitem>
            <para>Tiu rajto ne estas alvokebla en kazoj de persekutaj akuzoj malfalse levitaj pro ne-politikaj krimoj aŭ pro agoj kontraŭaj al la celoj kaj principoj de Unuiĝintaj Nacioj.</para>
         </listitem>
      </orderedlist>
   </article>
   <article number="15">
      <title>Artikolo 15</title>
      <orderedlist>
         <listitem>
            <para>Ĉiu rajtas havi ŝtatanecon.</para>
         </listitem>
         <listitem>
            <para>Al neniu estu arbitre forprenita la ŝtataneco, nek rifuzita la rajto ŝanĝi sian ŝtatanecon.</para>
         </listitem>
      </orderedlist>
   </article>
   <article number="16">
      <title>Artikolo 16</title>
      <orderedlist>
         <listitem>
            <para>Plenaĝaj viroj kaj virinoj, sen ia ajn limigo pro raso, nacieco aŭ religio, rajtas edziĝi kaj fondi familion. Iliaj rajtoj estas egalaj koncerne la geedziĝon, dum la geedzeco kaj koncerne eksedziĝon.</para>
         </listitem>
         <listitem>
            <para>Geedziĝo okazu sole laŭ libera kaj plena konsento de la geedziĝontoj.</para>
         </listitem>
         <listitem>
            <para>La familio estas la natura kaj fundamenta grupunuo de la socio, kaj ĝi rajtas ricevi protekton de la socio kaj de la Ŝtato.</para>
         </listitem>
      </orderedlist>
   </article>
   <article number="17">
      <title>Artikolo 17</title>
      <orderedlist>
         <listitem>
            <para>Ĉiu rajtas proprieti havaĵon, kaj sola kaj en asociiĝo kun aliaj.</para>
         </listitem>
         <listitem>
            <para>Al neniu estu arbitre forprenita lia proprieto.</para>
         </listitem>
      </orderedlist>
   </article>
   <article number="18">
      <title>Artikolo 18</title>
      <para>Ĉiu havas la rajton je libereco de penso, konscienco kaj religio; tiu ĉi rajto inkluzivas la liberecon ŝanĝi sian religion aŭ kredon, kaj liberecon manifesti, ĉu sola ĉu kune kun aliaj, ĉu publike ĉu private, sian religion aŭ kredon per instruado, praktikado, adorado kaj observado.</para>
   </article>
   <article number="19">
      <title>Artikolo 19</title>
      <para>Ĉiu havas la rajton je libereco de opinio kaj esprimado; ĉi tiu rajto inkluzivas la liberecon havi opiniojn sen intervenoj de aliaj, kaj la rajton peti, ricevi kaj havigi informojn kaj ideojn per kiu ajn rimedo kaj senkonsidere pri la landlimoj.</para>
   </article>
   <article number="20">
      <title>Artikolo 20</title>
      <orderedlist>
         <listitem>
            <para>Ĉiu havas la rajton je libereco de pacema kunvenado kaj asociiĝo.</para>
         </listitem>
         <listitem>
            <para>Neniu estu devigita aparteni al asocio.</para>
         </listitem>
      </orderedlist>
   </article>
   <article number="21">
      <title>Artikolo 21</title>
      <orderedlist>
         <listitem>
            <para>Ĉiu homo rajtas partopreni la regadon de sia lando, aŭ rekte aŭ pere de libere elektitaj reprezentantoj.</para>
         </listitem>
         <listitem>
            <para>Ĉiu rajtas je egala aliro al publika servo en sia lando.</para>
         </listitem>
         <listitem>
            <para>La volo de la popolo estu la bazo de la aŭtoritato de la registaro; tiu volo estu esprimata per regulaj kaj aŭtentikaj elektoj, kiuj okazu per universala kaj egala balotrajto, kaj per sekreta voĉdono aŭ ekvivalentaj liberaj voĉdonaj proceduroj.</para>
         </listitem>
      </orderedlist>
   </article>
   <article number="22">
      <title>Artikolo 22</title>
      <para>Ĉiu, kiel membro de la socio, havas rajton je socia sekureco kaj povas postuli la realigon, per naciaj klopodoj kaj internacia kunlaboro, kaj konforme al la organizo kaj disponeblaj rimedoj de ĉiu Ŝtato, de tiuj ekonomiaj, sociaj kaj kulturaj rajtoj, kiuj estas nepre necesaj por lia digno kaj por la libera disvolviĝo de lia personeco.</para>
   </article>
   <article number="23">
      <title>Artikolo 23</title>
      <orderedlist>
         <listitem>
            <para>Ĉiu havas rajton je laboro, je libera elekto de sia okupo, je justaj kaj favoraj laborkondiĉoj kaj je protekto kontraŭ senlaboreco.</para>
         </listitem>
         <listitem>
            <para>Ĉiu, sen ia ajn diskriminacio, rajtas ricevi egalan salajron pro egala laboro.</para>
         </listitem>
         <listitem>
            <para>Ĉiu, kiu laboras, rajtas ricevi justan kaj favoran kompenson, kiu certigu por li mem kaj por lia familio ekziston konforman al homa digno, kaj kiun suplementu, laŭnecese, aliaj rimedoj de socia protekto.</para>
         </listitem>
         <listitem>
            <para>Ĉiu rajtas formi kaj aliĝi sindikatojn por protekto de siaj interesoj.</para>
         </listitem>
      </orderedlist>
   </article>
   <article number="24">
      <title>Artikolo 24</title>
      <para>Ĉiu havas rajton je ripozo kaj libertempo, inkluzive racian limigon de la laborhoroj kaj periodajn feriojn kun salajro.</para>
   </article>
   <article number="25">
      <title>Artikolo 25</title>
      <orderedlist>
         <listitem>
            <para>Ĉiu havas rajton je vivnivelo adekvata por la sano kaj bonfarto de si mem kaj de sia familio, inkluzive de nutraĵo, vestaĵoj, loĝejo kaj medicina prizorgo kaj necesaj sociaj servoj, kaj la rajton je sekureco en okazo de senlaboreco, malsano, malkapablo, vidvineco, maljuneco aŭ alia perdo de la vivrimedoj pro cirkonstancoj ekster sia povo.</para>
         </listitem>
         <listitem>
            <para>Patrineco kaj infaneco rajtigas al specialaj prizorgoj kaj helpo. Ĉiuj infanoj, egale ĉu ili naskiĝis en aŭ ekster geedzeco, ricevu saman socian protekton.</para>
         </listitem>
      </orderedlist>
   </article>
   <article number="26">
      <title>Artikolo 26</title>
      <orderedlist>
         <listitem>
            <para>Ĉiu havas rajton je edukiĝo. La edukado estu senpaga, almenaŭ en la elementa kaj fundamenta stadioj. La elementa edukado estu deviga. La teknika kaj porprofesia edukado estu ĝenerale akirebla, kaj pli alta edukado estu egale akirebla por ĉiuj laŭ ties meritoj.</para>
         </listitem>
         <listitem>
            <para>Edukado celu la plenan disvolvon de la homa personeco kaj plifortigon de la respekto al la homaj rajtoj kaj fundamentaj liberecoj. Ĝi kreskigu komprenon, toleron kaj amikecon inter ĉiuj nacioj, rasaj aŭ religiaj grupoj, kaj antaŭenigu la agadon de Unuiĝintaj Nacioj por konservo de paco.</para>
         </listitem>
         <listitem>
            <para>Gepatroj havas unuavican rajton elekti la specon de la edukado, kiun ricevu iliaj infanoj.</para>
         </listitem>
      </orderedlist>
   </article>
   <article number="27">
      <title>Artikolo 27</title>
      <orderedlist>
         <listitem>
            <para>Ĉiu rajtas libere partopreni la kulturan vivon de la komunumo, ĝui la artojn kaj partopreni sciencan progreson kaj ĝiajn fruktojn.</para>
         </listitem>
         <listitem>
            <para>Ĉiu havas rajton je protekto de la moralaj kaj materialaj interesoj rezultantaj el eventualaj sciencaj, literaturaj aŭ artaj produktaĵoj, kiujn li aŭtoris.</para>
         </listitem>
      </orderedlist>
   </article>
   <article number="28">
      <title>Artikolo 28</title>
      <para>Ĉiu havas rajton je socia kaj internacia organizo, en kiu la rajtoj kaj liberecoj difinitaj en ĉi tiu Deklaracio povas esti plene realigitaj.</para>
   </article>
   <article number="29">
      <title>Artikolo 29</title>
      <orderedlist>
         <listitem>
            <para>Ĉiu havas devojn al la komunumo, en kiu, sole, estas ebla la libera kaj plena disvolviĝo de lia personeco.</para>
         </listitem>
         <listitem>
            <para>En la uzado de siaj rajtoj kaj liberecoj, ĉiu estu subigita sole al tiuj limigoj, kiuj estas jure difinitaj ekskluzive kun la celo certigi adekvatan rekonon kaj respekton por la rajtoj kaj liberecoj de aliaj kaj por konformiĝi al justaj postuloj de moralo, publika ordo kaj ĝenerala bonfarto en demokrata socio.</para>
         </listitem>
         <listitem>
            <para>Tiuj ĉi rajtoj kaj liberecoj estas en neniu okazo efektivigeblaj kontraŭe al la celoj kaj principoj de Unuiĝintaj Nacioj.</para>
         </listitem>
      </orderedlist>
   </article>
   <article number="30">
      <title>Artikolo 30</title>
      <para>Nenio en ĉi tiu Deklaracio estu interpretita kiel implico, ke iu ajn Ŝtato, grupo aŭ persono iel ajn rajtas entrepreni ian ajn agadon aŭ plenumi ian ajn agon, kiu celus detrui kiun ajn el la rajtoj kaj liberecoj ĉi-ene difinitaj.</para>
   </article>
</udhr>
