<?xml version="1.0" encoding="UTF-8"?>

<!--© The Office of the High Commisioner for Human Rights-->

<udhr iso639-3='cbu' xml:lang='cbu' key='cbu' n='Candoshi-Shapra' dir='ltr' iso15924='Latn' xmlns="http://www.unicode.org/udhr">
   <title>IN KIRAK -TSAPORONASOSH TPOTS ICHIGORO VANASIR TAPANA; SAMPATA MANTSIR TARINTSPA-ATCHA.</title>
   <preamble>
      <para>Mazinantsa: tpots vanasir tapi-ato ¿anoa mayamaha toxarachich? Kis tapi-ato ¿anoa mayamaha pachidchich? vatam tpotsiva. Pachidkinarich -Ancha yotarita -atiniya ichigoroní. Ichigoroní kis taravaztamam zadkini; vanasir tamam zadkini; mapironi tamam zadkiniya.</para>
      <para>Misha mazinagtsa: tpots nia tsiyatsia da payoragosin, kizpor yotarit taragana; tpotsia natsaragana. Anomon chi vanipsha tsiyantakich. Itaro, iysha anoa zadkiazini, da. Mapironi tapani atiniya. Tpots Apallia chinapí-ato, vani chinachpa. Tpots tsiyatsia kamanpi-ato, vani kamanichpa. Tpots kis tapi-ato, xaramam vatsta atiniya. ¿Chakaha nia da zadak? Ichigoroni zadaktánicha.</para>
      <para>Misha mazinagtsa: gobieron ichigoro iyá kukini kamachtachpa. -Tpots ichigorosin vanasir tapana; toxararintspa -ato tayaspatachpa. Dona ashkos, paptsa; tpots varatchillinpa. Tpots kizpor tsiyantaksin -Goblernoa kapiatiani -táchpasinaya; vatam kis tapani atánava.</para>
      <para>Misha mazinagtsa: gobieron ichigoroní vashonad kis tayani atini. Ashirí, dona nia kukoz payokoni ¿tamayria kis tachiní? Ashirocha, ichigoroni payopani atiniya.</para>
      <para>Misha mazinagtsa: siro iy korakani vashonad shaniyaragoni -Yanpatatini tpotsini chinayani -táragini.- Iy tpotsini ichigoroni magoaz tatsamoatanicha, kizatamta. Yanpata istayani; vanasir tayani. Toxaramam vatsitshaparia; natsamam, misha varatamam vatstsishaparia -táragtanicha.</para>
      <para>Misha mazinagtsa: iysha korakani ichigoroni anoa chinaragoni -Tpotsini ichigoroni vanasir tapani; toxaramam vatsta -táragoni ,- Anoari chinayani. ¿Chakaha anoa gatach? Ashiriya, ashichpachi -táragtanicha.</para>
      <para>Misha mazinagtsa: itsinsaroni da chinakoni ¿tamayria anoa kok payochich? Iysha korakarini -Niatsimari minamari kok payoyani -táragoni ¿tamayriaha llitaritacha chinachich? Ashiriya, da toxaramam izororo kamachtachiniya.</para>
      <para>Iysha tsaporonas korakarini vashonad shaniyaragoni, kukiatsini payomam kamachtaragini. Ashirocha, iyá kukini ichigoros mazlnagtsa.</para>
      <para>-Tpots tsaporonasosh ichigorosin vanasir tapana; vanpatatin xararosinapa -atini. Tpots iyá kukini payochiliinpa; gatosinapa atini. Gobieron ichigorosin payochillinpa. Nimari chinayarosin, kis payochillinpa; tayaspatachillinpa. Tayaspatat, tayaspatat shiarsin, zapishat tpots izataro magoanchillinpa. Tpots vanpatatin kis tamam dosha toxarachillinpa. Ashiriya, na izooro kamachtachiniya.</para>
   </preamble>
   <article number="1">
      <title>Kamachtamarini 1.</title>
      <para>Iy tpotsini ichigoroni kis tamam zadkini, vatam tpotsiniva. Vatam ichigoroni magini tarova; ashiriya chinakaniya. Ashirocha, zovalliatsich tamaparia-ashiros sanpata chinagtsa atiniya.</para>
   </article>
   <article number="2">
      <title>Kamachtamarini 2.</title>
      <para>Tpots vanasir tapi-ato toxararintspa; kiyog yacharintspa atini. Kadoaztata natsarintspa; mikoroatsta, kiristiyanatsta, natsarintspa. Kizatsta kiyog yacharintspa. Apallia magoankoanoatstat natsarintspa. Mayamasaha tpots magosh chinako-anomon natsarintspa. Arapchiatsta tpots natsarintspa. Pokiriatsta natsarintspa; virakuchiatstata natsarintspa. Ashirocha, tpots ichigorosin vanasir tapana atiniya.</para>
      <para>Misha, gobieron ichigorosin anoa tsiyatsis payochillinpa. Tpotsia arapchiatsta natsarintspa atiniya; vatam o gobieronorini taritamtava. Si anoa kasikitatiasa, ashirita natsarintspa. Siyá ksotkita, ashta tpotsia natsarintspa atiniya.</para>
   </article>
   <article number="3">
      <title>Kamachtamarini 3.</title>
      <para>Tpotsia pcharintspa. Tpotsia kiyog1yacharintspa. Tpots vanasir tapi-ato, vana tachiya atiniya.</para>
   </article>
   <article number="4">
      <title>Kamachtamarini 4.</title>
      <para>Tpotsia gotaritish topattagarillpa; mchachoriamis yamarintspa. Mchachorish taravaztakcho, tovapagtsa. Shiyá kasamam zadko, vana kasachpa. Msagiarosh gotish topattagaktar ashkos, anoa vatsta atiniya.</para>
   </article>
   <article number="5">
      <title>Kamachtamarini 5.</title>
      <para>Tpotsia kiyog yacharintspa. Tpotsia ovi tororintspa. Tpotsia kiraptarintspa. Yotarit vaniarintspa atiniya.</para>
   </article>
   <article number="6">
      <title>Kamachtamarini 6.</title>
      <para>Gobieron tpotsia izataro ishinachpa; tatsamoro ishinagcha. ¿Tamayshtaha minoatsimsha tpots chinako, itaro minoatssha tpots natsach? Anoa vatsta atiniya.</para>
   </article>
   <article number="7">
      <title>Kamachtamarini 7.</title>
      <para>Gobieron tpotsia izataro istachpa. Tpots iyá kukini kapiatkinari, montakinaria ¿tamayariaha gobieron anoa mago napach? Yotaritcha ano. Tpotsia ichigoro istachpa vanasiri tamama, atiniya.</para>
   </article>
   <article number="8">
      <title>Kamachtamarini 8.</title>
      <para>Gobieron koraká vanimpaniam inachpa. Tpots korakap nayaro, korakatssha -Tpots gobiernoa kok da payoko; nová kiyog yachakiya -atinari, koraksha yasayaro itsinsaro vanichillinpa. Ashirocha, koraká vanimpaniam inachpa atiniya.</para>
   </article>
   <article number="9">
      <title>Kamachtamarini 9.</title>
      <para>Korak vanimpan msagiaro tpotsia potatpa. Mago tomantapa. Mago arap zagantapa. Tpots izororo yotarit takinari, ashiri ptagsi; tomanagsi. Itaro, gotaritis shirintspa, atiniya.</para>
   </article>
   <article number="10">
      <title>Kamachtamarini 10.</title>
      <para>Gobieron koraká natstamapaniam vayachpa. Tpots chiyá yotari tsiyatkinari, chiyá -Yotari takiya; nová magotari kiyog kachiyko -atinari, chisha natstamapanip tsiyatchich. Oshtisin ichigoro mazinayarosin, itsinsaro natstachillinpa. Tpots ab tsiyatamam pchidintspa, atiniya.</para>
   </article>
   <article number="11">
      <title>Kamachtamarini 11.</title>
      <orderedlist>
         <listitem>
            <para>Tpots natstamapanish chiyá -Yotari takiya; vaniagcha -atinari, koraksha ichtaro -Gotpasha atsha -táchpa. Shiaro tpots ichigoro mazinaksin, chisha yamchich. Itaro, oshtisin itsinsaro -kchiptini paragtanicha -atinariasinaya, kasikinariasinaya-ashiro, vanimam varitachiya. Itaro, dona kasikinari, magota atinariasina ¿tamayariaha vanichich? Ashirocha, yammam pchidintspa atiniya.</para>
         </listitem>
         <listitem>
            <para>Misha, apaz gobieron kukoz kaniasich kamachtakiya. Kamachtakcho -Siro shi da payoragosh, na vanichilipa -¿tamayriaha tách? vatam kukoz kaniasichsha kamachtakova. Ashimam vatsta atiniya. Misha, vaniashish kaniasich kamachtakcho ¿tamayriaha - Araginasha vanichilipa -tách? ¿Tamayriaha sirapchimad yotarit tarago-anomada tsiyatchich? Ashimam vatsta atitamani.</para>
         </listitem>
      </orderedlist>
   </article>
   <article number="12">
      <title>Kamachtamarini 12.</title>
      <para>Tpotsia magotari tamontarintspa. Tpotsia machirita mago itotstapa. Tpotsosh pag mago pshtotpa. Magotari tpotsia tashitogayaro, pagoa itotstapa. Tpotsia virkaria mago itotstapa. Tpotsia magotari yotaritam inatpa. Gobier on vanasiri ksotachpa. Vanasir ishinkinari, dosha tpots yotari tamontachiya. Ashiriya, shigtsa.</para>
   </article>
   <article number="13">
      <title>Kamachtamarini 13.</title>
      <orderedlist>
         <listitem>
            <para>Yap tpots ximam zadko-ab vanari xitappa; toxararintspa. Yap tamam zadko-abitam vanari tachpa. Itaro, minosh gobiernop xitpi-atinari, xarashish tamana tariya.</para>
         </listitem>
         <listitem>
            <para>Tpots arap ximam zadko, vanatsi vatsapon natomasamam kasamam zadko, txaratpa. Vaptam kanappi-atinari, vanari kanapochpa.</para>
         </listitem>
      </orderedlist>
   </article>
   <article number="14">
      <title>Kamachtamarini 14.</title>
      <orderedlist>
         <listitem>
            <para>Gobieron tpotsia mago kiyog yachakinari, tpotssha lii taritap sovamam zadko, vanari sovachiya; pchidintspa.</para>
         </listitem>
         <listitem>
            <para>Itaro, tpots kapanari yotari tarago ¿tamayria sovako sovach? Vanimam varitakiya. Iyá kukiatsini kapiatkinari, sovamam pchidagtsa.</para>
         </listitem>
      </orderedlist>
   </article>
   <article number="15">
      <title>Kamachtamarini 15.</title>
      <orderedlist>
         <listitem>
            <para>Tpots ichigoro gobiernoa virkari payochpa. Shiaro, tpotssha -No anshochtana -táchiya No gobieiori nová vanasiri ishinkiya -táchiya.</para>
         </listitem>
         <listitem>
            <para>Gobieron anoa virkari mago itotstapa. Tpots Ilitaritá gobiernoa virkari payopi-atinari, vani yachiya.</para>
         </listitem>
      </orderedlist>
   </article>
   <article number="16">
      <title>Kamachtamarini 16.</title>
      <orderedlist>
         <listitem>
            <para>Tpots kizá yamapi ato, vani yamachiya. Kiz zarallpi-ato vani zaralliya. Tpotsia vachin pchidintspa, yamamama. Kadoaziatsta pchidintspa; mikoroatsta, kiristiyanatsta, arapchiatsta, nxakamotshochiatsta vatsta tárintspa. Mayamasaha magosh chinako-anomon toxararintspa. Vipagaz zadko, ashiri toxararintspa. Vanpatatin istachillinpa. Zapish kasakta, vipá istachillinpa.</para>
         </listitem>
         <listitem>
            <para>Tpots kis ayo atinari, anoa yamachillinpa. Itaro gatkinariya ¿tamayria yamachich? Yamachiazich.</para>
         </listitem>
         <listitem>
            <para>Gobieron tpotsia tapachidachpa. Tpots machiritpata tachpa. Ipariatsich, izalliatstamtich dona tapachidako, vashonad tachiazich, dabaria. Ashiriya, vanasir ishinagtsa; tapachidagtsa.</para>
         </listitem>
      </orderedlist>
   </article>
   <article number="17">
      <title>Kamachtamarini 17.</title>
      <orderedlist>
         <listitem>
            <para>Tpots tsapoa paxanxpi-ato pchidintspa. Tpots zapan vashonad paxanxiani-atosin pchidintspa; vani paxanxchillinpa.</para>
         </listitem>
         <listitem>
            <para>Tpotsia vatsapon msagiaros itotsintspa.</para>
         </listitem>
      </orderedlist>
   </article>
   <article number="18">
      <title>Kamachtamarini 18.</title>
      <para>Tpots mayamasaha kukoz payopi-ato, toxararintspa. Apallia kok payopi-ato, vani payochiya. Yashigoa kok payopi-ato, vani payochiya. Zitaminá kok payopi-ato, vani payochiya. Minoa kok kapiatiaro, llitaritsha chinapi-atinari, toxararintspa; vani ashchiya. Tpots vashonad Apallilam shaniyiani.atosin, toxararintspa. Tayaspatapi-ato, yasiayani-ato, Apailpa tsiyatpi-ato, vani ashchiya; toxararintspa.</para>
   </article>
   <article number="19">
      <title>Kamachtamarini 19.</title>
      <para>Tpots tsiyatssia chinakcho, tsiyatssia kamanpi atinari, vanari kamanchiya; vatsta tárintspa. Tsiyatssia mazinamam zadko, kirakamon natstayaro tsiyatssia yasapi atinari, vanari yasachiya; vatsta tárintspa.</para>
   </article>
   <article number="20">
      <title>Kamachtamarini 20.</title>
      <orderedlist>
         <listitem>
            <para>Tpots vashonad shaniypani-atosin, pchidintspa.</para>
         </listitem>
         <listitem>
            <para>Tpots shaniymam gatkinari, vani gatchiya; tamontarintspa.</para>
         </listitem>
      </orderedlist>
   </article>
   <article number="21">
      <title>Kamachtamarini 21.</title>
      <orderedlist>
         <listitem>
            <para>Tpots goblernosh pshtopi-atinari, vani pshtochiya. Tpotsia tapshtopi-atinari, vani tapshtochiya. Pchidintspa.</para>
         </listitem>
         <listitem>
            <para>Tpots goblernosh istapi-atinari, toxararintspa.</para>
         </listitem>
         <listitem>
            <para>Gobieron magota tpotsia kasichpa. Yová tpots vashonad zadkana-anoa gobieron mazinachpa. Tpots vamatim orkari iposchillinpa; iposamam pchidintspa. Tpots izataro iposchiííinpa; kirkamon -Nia tpots korakariniamani inpani -atosin, vani iposchilíinpa. Pchidintspa.</para>
         </listitem>
      </orderedlist>
   </article>
   <article number="22">
      <title>Kamachtamarini 22.</title>
      <para>Tpotsia msagiaros kpitintspa; msagiaros zaganintspa. Tpots kiyog kachiytapa. Machia pishtako-anoa vanari paxanxchiya. Vana tarshiam payopi-ato vanari tachiya. ¿Tamayria tpotsia ashimam pachidchich? Tpots vani kis tachpa. Gobieron ashimam istachpa. Pinasakinari, gobieron zapan vashonad istachilíinpa.</para>
   </article>
   <article number="23">
      <title>Kamachtamarini 23.</title>
      <orderedlist>
         <listitem>
            <para>Tpots taravaztamam zadko, vani taravaztachpa. Yovashomasaha taravaztamam zadko, vani taravaztachpa; vatsta tárintspa. Tpots taravaztako, gotis kpitintspa.</para>
         </listitem>
         <listitem>
            <para>Tpots vanasir taravaztako, vanasiritam tovapagtsa; vanasiritam napagtsa.</para>
         </listitem>
         <listitem>
            <para>Tpotsia ichigoro tatsamoro tovapagtsa. Apaz tpots taravaztakcho, nigich tovapkoch, itaro llitari tpots antam taravaztakch, aragiam tovapkich. Anoa vatsta. Tatsamoro tovapagtsa.</para>
         </listitem>
         <listitem>
            <para>Tpots taravaztako, vanasiri tovapagtsa; kiyog kachiytapa. Tovapakchosh, vipatstam chinagtsa; istagtsa, vatam tpotsiva.</para>
         </listitem>
      </orderedlist>
   </article>
   <article number="24">
      <title>Kamachtamarini 24.</title>
      <para>Tpots taravaztako, kanosamam pchidintspa. ¿Tamayria kashchiri psanpatari tsibon ashko taravaztachich? Zari kanosish ashpatatam gotaritis tovapagtsa.</para>
   </article>
   <article number="25">
      <title>Kamachtamarini 25.</title>
      <orderedlist>
         <listitem>
            <para>Tpots vanasir tachpa; vipá vanasir ishinachpa. Kas yotatpa. Mariz kayattapa. Zapitpa. Masaro tatpa. Gob¡eron istachpa; irimiyá vayachpa. Gobieron tpotsia istachpa; kiyog kachiytapa. Apaz tpots taravaztamam pinasako, apaz kas yotako, apaz mchosava, apaz mashidova, apaz kizpor vachinaro ¿tamayria da nayaniychich? Gobieron anoa tpots istachpa.</para>
         </listitem>
         <listitem>
            <para>Kiz vipá tatsipkacho, kizpor istagtsa; napagtsa. Gobieron vanasir napachpa. Gobieron shochitamatsta vip vanasiri napachpa.</para>
         </listitem>
      </orderedlist>
   </article>
   <article number="26">
      <title>Kamachtamarini 26.</title>
      <orderedlist>
         <listitem>
            <para>Llorá ichigoro iskoviarash tapshtogtsa. Gobieron magotari istachpa, iskoviarama. Primaria mad tovapchiazich, dabaria. Itaro, llor ichigoro pshtochillinpa; gatosinapa. Tpots primaria ivapayaro, aragiam pshtopi-atinari, yap zadko vani pshtochiya. Gobierno anoam iskoviar vayachpa. Itaro, yo mag tar-an araginasha pshtochpa; pchidintspa.</para>
         </listitem>
         <listitem>
            <para>Iskoviarosh vanasir tayaspatachpa. Vanasiri tamam tayaspatachpa; kis tamam tayaspatachpa. Mayistor tayaspatako -Si ichigoros vanasir tagtsa; sanpata natsarintspa -táchpa.- Tpotsia ichigoro chinagtsa. Arapchiatsta tonariavatsta tpots chinagtsa. Llitaritap tsap tpots taro-anshochiatsta vanasir chinagtsa. Vanotsia borshiavatsta, vanotskansirpiavatsta, mikorovatsta chinagtsa; ichigoros chinagtsa. Tpots Apallia chinako-anoa chinagtsa. Misha, yovatsta Apallia da chinako-anoatsta chinagtsa. Vashonad tsaporonasosh mapiro tayani -mayistor táchpa.</para>
         </listitem>
         <listitem>
            <para>Tpots vipá iskoviarap llitaritap tapshtopi-atinari, vanari tapshtochpa; pchidintspa.</para>
         </listitem>
      </orderedlist>
   </article>
   <article number="27">
      <title>Kamachtamarini 27.</title>
      <orderedlist>
         <listitem>
            <para>Tpots vamkorish napamam zadko, pchidintspa. Tpots machiatsi tinamam zadko, vanari tinachpa. Tpots machiatsi payopi atinari, itotsintspa.</para>
         </listitem>
         <listitem>
            <para>Tpots machiatsi llitaritamash tinakinari, kirak yadakinari, gobieronsha anoa tpotsia istachpa; llitari tpots shochitpa; líitari tpots anomad korikia magota potatpa.</para>
         </listitem>
      </orderedlist>
   </article>
   <article number="28">
      <title>Kamachtamarini 28.</title>
      <para>Iy korakarini ichigoroni nia chinaragoni, kamachtaragtanicha. Ashiriya, iysha ichigoroni payopani atiniya. Si tpots izataros payogtamsa atiniya. Anoa kok payomam yanpata istayani.</para>
   </article>
   <article number="29">
      <title>Kamachtamarini 29.</title>
      <orderedlist>
         <listitem>
            <para>Tpotspatari takosh, anosh istagcha. Ashkachinariasha, kispa tachsha.</para>
         </listitem>
         <listitem>
            <para>Shi vanasir tapi-atosh, shigcha. Itaro, tpotsia kiyog yachariílpa. Tpotsia toxararilípa. Tpotsia tamontarilipa. Tpotsia yotaritam inarilipa. Yotari tarilipa. Vashonad kis tagtsa.</para>
         </listitem>
         <listitem>
            <para>Iyá kukini kpitintspa.</para>
         </listitem>
      </orderedlist>
   </article>
   <article number="30">
      <title>Kamachtamarini 30.</title>
      <para>Xarashish minam tariya. Iyá kukini yayaros, sarich sarich shirintspa. Sarich sarich shiaros ¿mayamshita yosor tpotsia kiyog yachich? Ashiri, tpotsia natsarintspa; chinagtsa atiniya. Vatamcha.</para>
   </article>
</udhr>
