<?xml version="1.0" encoding="UTF-8"?>

<!--© The Office of the High Commisioner for Human Rights-->

<udhr iso639-3='ind' xml:lang='id' key='ind' n='Indonesian' dir='ltr' iso15924='Latn' xmlns="http://www.unicode.org/udhr">
   <title>Pernyataan Umum tentang Hak-Hak Asasi Manusia</title>
   <preamble>
      <title>Mukadimah</title>
      <para>Menimbang bahwa pengakuan atas martabat alamiah dan hak-hak yang sama dan mutlak dari semua anggota keluarga manusia adalah dasar kemerdekaan, keadilan dan perdamaian di dunia,</para>
      <para>Menimbang bahwa mengabaikan dan memandang rendah hak-hak asasi manusia telah mengakibatkan perbuatan-perbuatan bengis yang menimbulkan rasa kemarahan hati nurani umat manusia, dan terbentuknya suatu dunia tempat manusia akan mengecap kenikmatan kebebasan berbicara dan beragama serta kebebasan dari ketakutan dan kekurangan telah dinyatakan sebagai cita-cita tertinggi dari rakyat biasa,</para>
      <para>Menimbang bahwa hak-hak asasi manusia perlu dilindungi oleh peraturan hukum supaya orang tidak akan terpaksa memilih pemberontakan sebagai usaha terakhir guna menentang kelaliman dan penindasan,</para>
      <para>Menimbang bahwa pembangunan hubungan persahabatan antara negara-negara perlu digalakkan,</para>
      <para>Menimbang bahwa bangsa-bangsa dari Perserikatan Bangsa-Bangsa sekali lagi telah menyatakan di dalam Piagam Perserikatan Bangsa-Bangsa kepercayaan mereka akan hak-hak dasar dari manusia, akan martabat dan nilai seseorang manusia dan akan hak-hak yang sama dari pria maupun wanita, dan telah bertekad untuk menggalakkan kemajuan sosial dan taraf hidup yang lebih baik di dalam kemerdekaan yang lebih luas,</para>
      <para>Menimbang bahwa Negara-Negara Anggota telah berjanji untuk mencapai kemajuan dalam penghargaan dan penghormatan umum terhadap hak-hak asasi manusia dan kebebasan-kebebasan asasi, dengan bekerjasama dengan Perserikatan Bangsa-Bangsa,</para>
      <para>Menimbang bahwa pengertian umum tentang hak-hak dan kebebasan-kebebasan tersebut sangat penting untuk pelaksanaan yang sungguh-sungguh dari janji ini, maka,</para>
      <para>Majelis Umum dengan ini memproklamasikan</para>
      <para>Pernyataan Umum tentang Hak-Hak Asasi Manusia</para>
      <para>sebagai satu standar umum keberhasilan untuk semua bangsa dan semua negara, dengan tujuan agar setiap orang dan setiap badan dalam masyarakat dengan senantiasa mengingat Pernyataan ini, akan berusaha dengan jalan mengajar dan mendidik untuk menggalakkan penghargaan terhadap hak-hak dan kebebasan-kebebasan tersebut, dan dengan jalan tindakan-tindakan progresif yang bersifat nasional maupun internasional, menjamin pengakuan dan penghormatannya secara universal dan efektif, baik oleh bangsa-bangsa dari Negara-Negara Anggota sendiri maupun oleh bangsa-bangsa dari daerah-daerah yang berada di bawah kekuasaan hukum mereka.</para>
   </preamble>
   <article number="1">
      <title>Pasal 1</title>
      <para>Semua orang dilahirkan merdeka dan mempunyai martabat dan hak-hak yang sama. Mereka dikaruniai akal dan hati nurani dan hendaknya bergaul satu sama lain dalam semangat persaudaraan.</para>
   </article>
   <article number="2">
      <title>Pasal 2</title>
      <para>Setiap orang berhak atas semua hak dan kebebasan-kebebasan yang tercantum di dalam Pernyataan ini tanpa perkecualian apapun, seperti ras, warna kulit, jenis kelamin, bahasa, agama, politik atau pendapat yang berlainan, asal mula kebangsaan atau kemasyarakatan, hak milik, kelahiran ataupun kedudukan lain.</para>
      <para>Di samping itu, tidak diperbolehkan melakukan perbedaan atas dasar kedudukan politik, hukum atau kedudukan internasional dari negara atau daerah dari mana seseorang berasal, baik dari negara yang merdeka, yang berbentuk wilayah-wilayah perwalian, jajahan atau yang berada di bawah batasan kedaulatan yang lain.</para>
   </article>
   <article number="3">
      <title>Pasal 3</title>
      <para>Setiap orang berhak atas penghidupan, kebebasan dan keselamatan individu.</para>
   </article>
   <article number="4">
      <title>Pasal 4</title>
      <para>Tidak seorang pun boleh diperbudak atau diperhambakan, perbudakan dan perdagangan budak dalam bentuk apapun mesti dilarang.</para>
   </article>
   <article number="5">
      <title>Pasal 5</title>
      <para>Tidak seorang pun boleh disiksa atau diperlakukan secara kejam, memperoleh perlakuan atau dihukum secara tidak manusiawi atau direndahkan martabatnya.</para>
   </article>
   <article number="6">
      <title>Pasal 6</title>
      <para>Setiap orang berhak atas pengakuan di depan hukum sebagai pribadi di mana saja ia berada.</para>
   </article>
   <article number="7">
      <title>Pasal 7</title>
      <para>Semua orang sama di depan hukum dan berhak atas perlindungan hukum yang sama tanpa diskriminasi. Semua berhak atas perlindungan yang sama terhadap setiap bentuk diskriminasi yang bertentangan dengan Pernyataan ini dan terhadap segala hasutan yang mengarah pada diskriminasi semacam itu.</para>
   </article>
   <article number="8">
      <title>Pasal 8</title>
      <para>Setiap orang berhak atas bantuan yang efektif dari pengadilan nasional yang kompeten untuk tindakan pelanggaran hak-hak dasar yang diberikan kepadanya oleh undang-undang dasar atau hukum.</para>
   </article>
   <article number="9">
      <title>Pasal 9</title>
      <para>Tak seorang pun boleh ditangkap, ditahan atau dibuang dengan sewenang-wenang.</para>
   </article>
   <article number="10">
      <title>Pasal 10</title>
      <para>Setiap orang, dalam persamaan yang penuh, berhak atas pengadilan yang adil dan terbuka oleh pengadilan yang bebas dan tidak memihak, dalam menetapkan hak dan kewajiban-kewajibannya serta dalam setiap tuntutan pidana yang dijatuhkan kepadanya.</para>
   </article>
   <article number="11">
      <title>Pasal 11</title>
      <orderedlist>
         <listitem>
            <para>Setiap orang yang dituntut karena disangka melakukan suatu pelanggaran hukum dianggap tidak bersalah, sampai dibuktikan kesalahannya menurut hukum dalam suatu pengadilan yang terbuka, di mana dia memperoleh semua jaminan yang diperlukan untuk pembelaannya.</para>
         </listitem>
         <listitem>
            <para>Tidak seorang pun boleh dipersalahkan melakukan pelanggaran hukum karena perbuatan atau kelalaian yang tidak merupakan suatu pelanggaran hukum menurut undang-undang nasional atau internasional, ketika perbuatan tersebut dilakukan. Juga tidak diperkenankan menjatuhkan hukuman lebih berat daripada hukuman yang seharusnya dikenakan ketika pelanggaran hukum itu dilakukan.</para>
         </listitem>
      </orderedlist>
   </article>
   <article number="12">
      <title>Pasal 12</title>
      <para>Tidak seorang pun dapat diganggu dengan sewenang-wenang urusan pribadinya, keluarganya, rumah-tangganya atau hubungan surat-menyuratnya, juga tak diperkenankan pelanggaran atas kehormatannya dan nama baiknya. Setiap orang berhak mendapat perlindungan hukum terhadap gangguan atau pelanggaran seperti itu.</para>
   </article>
   <article number="13">
      <title>Pasal 13</title>
      <orderedlist>
         <listitem>
            <para>Setiap orang berhak atas kebebasan bergerak dan berdiam di dalam batas-batas setiap negara.</para>
         </listitem>
         <listitem>
            <para>Setiap orang berhak meninggalkan sesuatu negeri, termasuk negerinya sendiri, dan berhak kembali ke negerinya.</para>
         </listitem>
      </orderedlist>
   </article>
   <article number="14">
      <title>Pasal 14</title>
      <orderedlist>
         <listitem>
            <para>Setiap orang berhak mencari dan menikmati suaka di negeri lain untuk melindungi diri dari pengejaran.</para>
         </listitem>
         <listitem>
            <para>Hak ini tidak berlaku untuk kasus pengejaran yang benar-benar timbul karena kejahatan-kejahatan yang tak berhubungan dengan politik, atau karena perbuatan-perbuatan yang bertentangan dengan tujuan dan dasar Perserikatan Bangsa-Bangsa.</para>
         </listitem>
      </orderedlist>
   </article>
   <article number="15">
      <title>Pasal 15</title>
      <orderedlist>
         <listitem>
            <para>Setiap orang berhak atas sesuatu kewarga-negaraan.</para>
         </listitem>
         <listitem>
            <para>Tidak seorang pun dengan semena-mena dapat dicabut kewarga-negaraannya atau ditolak haknya untuk mengganti kewarga-negaraan.</para>
         </listitem>
      </orderedlist>
   </article>
   <article number="16">
      <title>Pasal 16</title>
      <orderedlist>
         <listitem>
            <para>Pria dan wanita yang sudah dewasa, dengan tidak dibatasi kebangsaan, kewarga-negaraan atau agama, berhak untuk nikah dan untuk membentuk keluarga. Mereka mempunyai hak yang sama dalam soal perkawinan, di dalam masa perkawinan dan pada saat perceraian.</para>
         </listitem>
         <listitem>
            <para>Perkawinan hanya dapat dilaksanakan berdasarkan pilihan bebas dan persetujuan penuh oleh kedua mempelai.</para>
         </listitem>
         <listitem>
            <para>Keluarga adalah kesatuan alamiah dan fundamental dari masyarakat dan berhak mendapat perlindungan dari masyarakat dan Negara.</para>
         </listitem>
      </orderedlist>
   </article>
   <article number="17">
      <title>Pasal 17</title>
      <orderedlist>
         <listitem>
            <para>Setiap orang berhak memiliki harta, baik sendiri maupun bersama-sama dengan orang lain.</para>
         </listitem>
         <listitem>
            <para>Tak seorang pun boleh dirampas hartanya dengan semena-mena.</para>
         </listitem>
      </orderedlist>
   </article>
   <article number="18">
      <title>Pasal 18</title>
      <para>Setiap orang berhak atas kebebasan pikiran, hati nurani dan agama; dalam hal ini termasuk kebebasan berganti agama atau kepercayaan, dan kebebasan untuk menyatakan agama atau kepercayaan dengan cara mengajarkannya, mempraktekkannya, melaksanakan ibadahnya dan mentaatinya, baik sendiri maupun bersama-sama dengan orang lain, di muka umum maupun sendiri.</para>
   </article>
   <article number="19">
      <title>Pasal 19</title>
      <para>Setiap orang berhak atas kebebasan mempunyai dan mengeluarkan pendapat; dalam hak ini termasuk kebebasan memiliki pendapat tanpa gangguan, dan untuk mencari, menerima dan menyampaikan informasi dan buah pikiran melalui media apa saja dan dengan tidak memandang batas-batas (wilayah).</para>
   </article>
   <article number="20">
      <title>Pasal 20</title>
      <orderedlist>
         <listitem>
            <para>Setiap orang mempunyai hak atas kebebasan berkumpul dan berserikat secara damai.</para>
         </listitem>
         <listitem>
            <para>Tidak seorang pun boleh dipaksa untuk memasuki sesuatu perkumpulan.</para>
         </listitem>
      </orderedlist>
   </article>
   <article number="21">
      <title>Pasal 21</title>
      <orderedlist>
         <listitem>
            <para>Setiap orang berhak turut serta dalam pemerintahan negerinya, secara langsung atau melalui wakil-wakil yang dipilih dengan bebas.</para>
         </listitem>
         <listitem>
            <para>Setiap orang berhak atas kesempatan yang sama untuk diangkat dalam jabatan pemerintahan negerinya.</para>
         </listitem>
         <listitem>
            <para>Kehendak rakyat harus menjadi dasar kekuasaan pemerintah; kehendak ini harus dinyatakan dalam pemilihan umum yang dilaksanakan secara berkala dan jujur dan yang dilakukan menurut hak pilih yang bersifat umum dan yang tidak membeda-bedakan, dan dengan pemungutan suara yang rahasia ataupun menurut cara-cara lain yang menjamin kebebasan memberikan suara.</para>
         </listitem>
      </orderedlist>
   </article>
   <article number="22">
      <title>Pasal 22</title>
      <para>Setiap orang, sebagai anggota masyarakat, berhak atas jaminan sosial dan berhak melaksanakan dengan perantaraan usaha-usaha nasional dan kerjasama internasional, dan sesuai dengan organisasi serta sumber-sumber kekayaan dari setiap Negara, hak-hak ekonomi, sosial dan kebudayaan yang sangat diperlukan untuk martabat dan pertumbuhan bebas pribadinya.</para>
   </article>
   <article number="23">
      <title>Pasal 23</title>
      <orderedlist>
         <listitem>
            <para>Setiap orang berhak atas pekerjaan, berhak dengan bebas memilih pekerjaan, berhak atas syarat-syarat perburuhan yang adil serta baik, dan berhak atas perlindungan dari pengangguran.</para>
         </listitem>
         <listitem>
            <para>Setiap orang, tanpa diskriminasi, berhak atas pengupahan yang sama untuk pekerjaan yang sama.</para>
         </listitem>
         <listitem>
            <para>Setiap orang yang melakukan pekerjaan berhak atas pengupahan yang adil dan baik yang menjamin kehidupannya dan keluarganya, suatu kehidupan yang pantas untuk manusia yang bermartabat, dan jika perlu ditambah dengan perlindungan sosial lainnya.</para>
         </listitem>
         <listitem>
            <para>Setiap orang berhak mendirikan dan memasuki serikat-serikat pekerja untuk melindungi kepentingannya.</para>
         </listitem>
      </orderedlist>
   </article>
   <article number="24">
      <title>Pasal 24</title>
      <para>Setiap orang berhak atas istirahat dan liburan, termasuk pembatasan-pembatasan jam kerja yang layak dan hari libur berkala, dengan menerima upah.</para>
   </article>
   <article number="25">
      <title>Pasal 25</title>
      <orderedlist>
         <listitem>
            <para>Setiap orang berhak atas taraf hidup yang menjamin kesehatan dan kesejahteraan untuk dirinya dan keluarganya, termasuk pangan, pakaian, perumahan dan perawatan kesehatannya serta pelayanan sosial yang diperlukan, dan berhak atas jaminan pada saat menganggur, menderita sakit, cacat, menjadi janda, mencapai usia lanjut atau mengalami kekurangan mata pencarian yang lain karena keadaan yang berada di luar kekuasaannya.</para>
         </listitem>
         <listitem>
            <para>Para ibu dan anak-anak berhak mendapat perawatan dan bantuan istimewa. Semua anak, baik yang dilahirkan di dalam maupun di luar perkawinan, harus mendapat perlindungan sosial yang sama.</para>
         </listitem>
      </orderedlist>
   </article>
   <article number="26">
      <title>Pasal 26</title>
      <orderedlist>
         <listitem>
            <para>Setiap orang berhak mendapat pendidikan. Pendidikan harus gratis, setidak-tidaknya untuk tingkat sekolah rendah dan pendidikan dasar. Pendidikan rendah harus diwajibkan. Pendidikan teknik dan jurusan secara umum harus terbuka bagi semua orang, dan pengajaran tinggi harus secara adil dapat diakses oleh semua orang, berdasarkan kepantasan.</para>
         </listitem>
         <listitem>
            <para>Pendidikan harus ditujukan ke arah perkembangan pribadi yang seluas-luasnya serta memperkokoh rasa penghargaan terhadap hak-hak manusia dan kebebasan asasi. Pendidikan harus menggalakkan saling pengertian, toleransi dan persahabatan di antara semua bangsa, kelompok ras maupun agama, serta harus memajukan kegiatan Perserikatan Bangsa-Bangsa dalam memelihara perdamaian.</para>
         </listitem>
         <listitem>
            <para>Orang-tua mempunyai hak utama untuk memilih jenis pendidikan yang akan diberikan kepada anak-anak mereka.</para>
         </listitem>
      </orderedlist>
   </article>
   <article number="27">
      <title>Pasal 27</title>
      <orderedlist>
         <listitem>
            <para>Setiap orang berhak untuk turut serta dengan bebas dalam kehidupan kebudayaan masyarakat, untuk mengecap kenikmatan kesenian dan berbagi dalam kemajuan ilmu pengetahuan dan manfaatnya.</para>
         </listitem>
         <listitem>
            <para>Setiap orang berhak untuk memperoleh perlindungan atas kepentingan-kepentingan moril dan material yang diperoleh sebagai hasil dari sesuatu produksi ilmiah, kesusasteraan atau kesenian yang diciptakannya.</para>
         </listitem>
      </orderedlist>
   </article>
   <article number="28">
      <title>Pasal 28</title>
      <para>Setiap orang berhak atas suatu tatanan sosial dan internasional di mana hak-hak dan kebebasan-kebebasan yang termaktub di dalam Pernyataan ini dapat dilaksanakan sepenuhnya.</para>
   </article>
   <article number="29">
      <title>Pasal 29</title>
      <orderedlist>
         <listitem>
            <para>Setiap orang mempunyai kewajiban terhadap masyarakat tempat satu-satunya di mana ia memperoleh kesempatan untuk mengembangkan pribadinya dengan penuh dan leluasa.</para>
         </listitem>
         <listitem>
            <para>Dalam menjalankan hak-hak dan kebebasan-kebebasannya, setiap orang harus tunduk hanya pada pembatasan-pembatasan yang ditetapkan oleh undang-undang dengan maksud semata-mata untuk menjamin pengakuan serta penghormatan yang layak terhadap hak-hak dan kebebasan-kebebasan orang lain, dan untuk memenuhi syarat-syarat yang adil dalam hal kesusilaan, ketertiban dan kesejahteraan umum dalam suatu masyarakat yang demokratis.</para>
         </listitem>
         <listitem>
            <para>Hak-hak dan kebebasan-kebebasan ini dengan jalan bagaimana pun sekali-kali tidak boleh dilaksanakan bertentangan dengan tujuan dan dasar Perserikatan Bangsa-Bangsa.</para>
         </listitem>
      </orderedlist>
   </article>
   <article number="30">
      <title>Pasal 30</title>
      <para>Tidak satu pun di dalam Pernyataan ini boleh ditafsirkan memberikan sesuatu Negara, kelompok ataupun seseorang, hak untuk terlibat di dalam kegiatan apa pun atau melakukan perbuatan yang bertujuan untuk merusak hak-hak dan kebebasan-kebebasan yang mana pun yang termaktub di dalam Pernyataan ini.</para>
   </article>
</udhr>
