<?xml version="1.0" encoding="UTF-8"?>

<!--© The Office of the High Commisioner for Human Rights-->

<udhr iso639-3='zgh' xml:lang='zgh' key='zgh' n='Tamazight, Standard Morocan' dir='ltr' iso15924='Tfng' xmlns="http://www.unicode.org/udhr">
   <title>ⴰⵍⵖⵓ ⴰⵎⴰⴹⵍⴰⵏ ⵏ ⵉⵣⵔⴼⴰⵏ ⵏ ⵓⴼⴳⴰⵏ</title>
   <note>
      <para>10 ⴷⵓⵊⴰⵏⴱⵉⵔ 1948</para>
      <para>Déclaration Universelle des Droits de l’Homme</para>
      <para>Traduction en langue AMAZIGHE – Maroc</para>
      <para>Par AZETTA AMAZIGH</para>
   </note>
   <preamble>
      <title>ⵜⴰⵣⵡⴰⵔⵜ</title>
      <para>ⵍⵍⵉⵖ ⵜⴳⴰ ⵜⵓⴽⵣⴰ ⵏ ⵓⵍⵍⴰⵍⵓ ⵏ ⴽⴰⵢⴳⴰⵜ ⵢⴰⵏ ⵖ ⵜⴰⵡⵊⴰ ⵜⴰⵏⴰⴼⴳⴰⵏⵜ ⴷ ⵓⵎⴳⵉⴷⴷⵉ ⵏ ⵉⵣⵔⴼⴰⵏ ⵏⵏⵙⵏ ⵜⵉⵔⵙⴰⵍ ⵏ ⵜⴷⵔⴼⵉⵜ ⴷ ⵜⵣⵔⴼⵜ ⴷ ⵓⴼⵔⴰ ⵖ ⵓⵎⴰⴹⴰⵍ.</para>
      <para>ⵜⴳ ⵜⴰⵎⵜⵜⴰⵡⵜ ⵏ ⵉⵣⵔⴼⴰⵏ ⵏ ⵓⴼⴳⴰⵏ ⴰⴷ ⵉⵜⵜⴰⵡⵉⵏ ⵜⵓⴳⵜⵜ ⵏ ⵎⴰⴷ ⵉⵀⵔⵛⵏ ⴰⵔ ⵉⵙⴼⴰⴼⴰ ⴰⴼⵔⴰⴽ ⵏ ⵓⴼⴳⴰⵏ, ⴰⴼⴰⴷ ⴰⴷ ⵢⵉⵍⵉ ⵢⴰⵏ ⵓⵎⴰⴹⴰⵍ ⵏⵏⴰ ⵖ ⵜⵜⵉⵍⵉ ⴷⴰⵔ ⵓⴼⴳⴰⵏ ⵜⴰⴷⵔⴼⵉⵜ ⵏ ⵡⴰⵡⴰⵍ ⴷ ⵓⵙⴳⴷ, ⵢⴰⵏⴼ ⵉ ⴰⵙⴷⵉⴷⵉ ⴷ ⵜⴰⵎⵎⴰⵔⴰ.</para>
      <para>ⴷ ⵍⵍⵉⵖ ⵉⴳⴰ ⵓⴼⵔⴰⴳ ⵏ ⵉⵣⵔⴼⴰⵏⵏ ⵏ ⵓⵎⴷⴰⵏ ⵢⴰⵏ ⵓⴼⴳⴳⴰⴳ ⵏ ⵢⴰⵏ ⵓⵏⴳⵔⴰⵡ ⵏ ⵉⵣⵔⴼⴰⵏⵏ ⴰⴼⴰⴷ ⴰⴼⴳⴰⵏ ⴰⴷ ⵓⵔ ⵉⵙⵜⵉ, ⴳ ⵜⵢⵉⵔⴰ, ⴰⵖⵡⵡⵖ ⵎⴳⴰⵍ ⵏ ⵜⴷⵏⴽⴰ ⴷ ⵓⵥⵍⴰⴳ; ⴷ ⵍⵍⵉⵖ ⵉⵇⵇⴰⵏ ⴰⴷ ⵜⴷⵓⵙ ⵜⵎⵔⵏⵉⵡⵜ ⵏ ⵜⵓⵇⵇⵏⵉⵡⵉⵏ ⵏ ⵜⵉⴷⴷⵓⴽⵍⴰ ⵏⴳⵔ ⵏ ⵜⵎⵜⵜⴰ,</para>
      <para>ⴷ ⵍⵍⵉⵖ ⵉⵍⵍⴰ ⴳ ⵜⵏⵜⵜⴰⵎⵜ ⵉⴷ ⵉⴳⴷⵓⴷⵏ ⵏ ⵜⵎⵜⵜⴰ ⵉⵎⵓⵏⵏ ⵏⵏⴰⵏ ⴷⵉⵖ ⵜⴰⴼⵍⵙⵜ ⵏⵏⵙⵏ ⴳ ⵉⵣⵔⴼⴰⵏⵏ ⵉⴼⴳⴳⴰⴳⵏ ⵏ ⵓⴼⴳⴰⵏ, ⴷ ⵜⵉⵣⵉ ⴷ ⵡⴰⵜⵉⴳ ⵏ ⵡⵓⴷⵎ ⴰⵏⴼⴳⴰⵏ, ⴷ ⵓⵎⴳⵉⴷⴷⵉ ⵏ ⵉⵣⵔⴼⴰⵏⵏ ⵏ ⵉⵔⴳⴰⵣⵏ ⴷ ⵜⵡⵜⵎⵉⵏ, ⵔⵏⵓⵏ ⵏⵏⴰⵏ ⵉⵙ ⵔⴰⵏ ⴰⴷ ⵙⵎⵖⵓⵔⵏ ⴰⵍⴰⵢ ⴰⵏⴰⵎⵓⵏ ⴷ ⵜⴼⴰⴷⵉⵡⵉⵏ ⵉⵖⵓⴷⴰⵏ ⵏ ⵜⵓⴷⵔⵜ ⴳ ⵜⵍⵍⴰ ⵜⴷⵔⴼⵉⵜ ⵉⵎⵇⵇⵓⵔⵏ,</para>
      <para>ⴷ ⵍⵍⵉⵖ ⵎⵙⵓⵛⴽⴰⵏ ⵉⵡⴰⵏⴽⵏ ⵉⴳⵎⴰⵎⵏ, ⵙ ⵜⵡⵙⵉⵏ ⵏ ⵜⵎⴰⴷⴷⴰⵙⵜ ⵏ ⵜⵎⵜⵜⴰ ⵉⵎⵓⵏⵏ, ⴰⴼⴰⴷ ⴰⴷ ⵢⵉⵍⵉ ⵡⵣⵔⴰⴽ ⴰⵎⴰⴹⵍⴰⵏ ⴰⵎⵙⴽⴰⵔ ⵏ ⵜⴷⵔⴼⵉⵢⵉⵏ ⴷ ⵉⵣⵔⴼⴰⵏ ⵉⴼⴳⴳⴰⴳⵏ ⵏ ⵓⴼⴳⴰⵏ,</para>
      <para>ⴷ ⵍⵍⵉⵖ ⵉⴳⴰ ⵓⴼⵔⴰⴽ ⵙ ⵉⵣⵔⴼⴰⵏ ⴷ ⵜⴷⵔⴼⵉⵜ ⴰⵙⴽⴽⵉⵏ ⴰⴽⵙⵡⴰⵜ ⴼⴰⴷⴷ ⴰⴷ ⵉⵜⵜⵓⴳ ⵓⵙⵓⵖⵏ ⴰⴷ,</para>
      <para>ⵉⵙⵙⴰⴼⵖ ⴷ ⵓⴳⵔⴰⵡ ⴰⵎⴰⵜⴰⵢ ⴰⵍⵖⵓ ⴰⵎⴰⴹⵍⴰⵏ ⵏ ⵉⵣⵔⴼⴰⵏ ⵏ ⵓⴼⴳⴰⵏ ⴰⴷ, ⴼⴰⴷ ⴰⵢⴳ ⵢⴰⵏ ⵓⵙⵡⵉⵔ ⵏⵏⴰ ⵙ ⵉⵍⴰⵇ ⴰⴷ ⵏⵏ ⴰⵡⴹⵏ ⴰⴽⵯ ⵉⴳⴷⵓⴷⵏ ⴷ ⵜⵎⵜⵜⴰ ⴼⴰⴷⴷ ⴰⴽⵯ ⵎⵉⴷⴷⵏ ⴷ ⵉⴼⵔⴷⵉⵙⵏ ⵏ ⵡⴰⵎⵓⵏ, ⵉⴽⵜⵜⵉⵏ</para>
      <para>ⴰⵍⵖⵓ ⴰⴷ, ⴰⴷ ⴷⵓⵙⵏ, ⵙ ⵓⵙⵙⵍⵎⴷ ⴷ ⵓⵙⴳⵎⵉ, ⵙⴱⵓⵖⵍⵓⵏ ⴷ ⵓⵣⵔⴰⴽ ⵏ ⵉⵣⵔⴼⴰⵏⵏ ⴷ ⵜⴷⵔⴼⵉⵢⵉⵏ, ⴰⴼⴰⴷ, ⵙ ⵜⵖⵜⴰⵙⵉⵏ ⵉⵣⴷⵉⵏ ⵜⵉⵏⴰⵎⵓⵔⵉⵏ ⴷ ⵜⵉⵎⴰⴹⵍⴰⵏⵉⵏ, ⴰⴷ ⵜⵜⵢⴰⴽⵯⵣⵏ ⴳⵉⵏ ⵉⵎⵙⴽⴰⵔⵏ ⵉⵎⴰⴹⵍⴰⵏⵏ, ⵏⴳⵔ ⵏ ⵉⵎⵣⴷⴰⵖ ⵏ ⵉⵡⴰⵏⴽⵏ ⵉⴳⵎⴰⵎⵏ ⵏⵖ ⵏⴳⵔ ⵉⴽⴰⵍⵍⵏ ⵏⵏⴰ ⵉⵍⵍⴰⵏ ⴷⴷⴰⵡ ⵏ ⵜⵏⴰⴹⵜ ⵏⵏⵙⵏ.</para>
   </preamble>
   <article number="1">
      <title>ⴰⵎⴰⴳⵔⴰⴷ 1</title>
      <para>ⴰⵔ ⴷ ⵜⵜⵍⴰⵍⴰⵏ ⵎⵉⴷⴷⵏ ⴳⴰⵏ ⵉⵍⴻⵍⵍⵉⵜⵏ ⵎⴳⴰⴷⴷⴰⵏ ⵖ ⵡⴰⴷⴷⵓⵔ ⴷ ⵉⵣⵔⴼⴰⵏ, ⵢⵉⵍⵉ ⴰⴽⵯ ⴷⴰⵔⵙⵏ ⵓⵏⵍⵍⵉ ⴷ ⵓⴼⵔⴰⴽ, ⵉⵍⵍⴰ ⴼⵍⵍⴰ ⵙⵏ ⴰⴷ ⵜⵜⵎⵢⴰⵡⴰⵙⵏ ⵏⴳⵔⴰⵜⵙⵏ ⵙ ⵜⴰⴳⵎⴰⵜ.</para>
   </article>
   <article number="2">
      <title>ⴰⵎⴰⴳⵔⴰⴷ 2</title>
      <para>ⴽⵓ ⵢⴰⵏ ⵉⵥⴹⴰⵕ ⴰⴷ ⵉⵟⵟⴼ ⴽⵓⵍⵍⵓ ⵉⵣⵔⴼⴰⵏ ⴷ ⵜⴷⵔⴼⵉⵢⵉⵏ ⵍⵍⵉ ⵉⵍⵍⴰⵏ ⵖ ⵓⵍⵖⵓ ⴰⴷ, ⴰⴷ ⵓⵔ ⵢⵉⵍⵉ ⵓⵙⵏⵓⵃⵢⵓ, ⵣⵓⵏⴷ ⵡⵉⵏ ⵓⵥⵓⵕ, ⵏⵖ ⴰⴽⵍⵓ, ⵏⵖ ⴰⵏⴰⵡ, ⵏⵖ ⵜⵓⵜⵍⴰⵢⵜ, ⵏⵖ ⴰⵙⴳⴷ, ⵏⵖ ⵜⴰⵏⵏⴰⵢⵜ ⵜⴰⵙⵔⵜⴰⵏⵜ ⵏⵖ ⵜⴰⵏⵏⴰⵢⵜ ⵢⴰⴹⵏ, ⵏⵖ ⵎⴰⴷ ⵉⵥⵍⵉⵏ ⵙ ⴰⵙⵓⵔⵙ ⴰⵎⴰⴷⴰⵏ, ⵏⵖ ⵡⵉⵏ ⴰⵢⴷⴰ ⵏⵖ ⵡⵉⵏ ⵜⵍⴰⵍⵉⵜ ⵏⵖ ⴰⵙⵓⵔⵙ ⵢⴰⴹⵏ. ⴰⵎⵔ ⴰⵙⵏⵓⵃⵢⵓ ⵏⴳⵔ ⵉⵔⴳⴰⵣⵏ  ⵜⵉⵎⵖⴰⵔⵉⵏ.</para>
      <para>ⵓⵔ ⴷ ⵉⵇⵇⴰⵏ ⴰⴷ ⵢⵉⵍⵉ ⵓⵙⵏⵓⵃⵢⵓ ⵉⵟⵟⴼⵏ ⵙ ⵡⴰⴷⴷⴰⴷ ⴰⵙⵔⵜⴰⵏ, ⵏⵖ ⴰⵣⵔⴼⴰⵏ ⵏⵖ ⴰⵎⴰⴹⵍⴰⵏ ⵏ ⵜⴰⵎⵓⵔⵜ ⵏⵖ ⴰⴽⴰⵍ ⵖ ⵉⴷⴷⵔ ⵓⴼⴳⴰⵏ, ⴰⴷ ⵜⴳ ⵜⵎⵓⵔⵜ ⴰⴷ ⵏⵖ ⴰⴽⴰⵍ ⴰⴷ ⴰⴷⵔⴼⵉ, ⵏⵖ ⴰⵎⵙⵏⴰⵍ ⵏⵖ ⵡⴰⵔⴰⵙⵉⵎⴰⵏ ⵏⵖ ⴰⵙ ⵉⵜⵜⵓⴳⴰ ⴽⵔⴰ ⵏ ⵓⵡⵜⵜⵓ.</para>
  </article>
   <article number="3">
      <title>ⴰⵎⴰⴳⵔⴰⴷ 3</title>
      <para>ⴽⵓ ⵢⴰⵏ ⵉⵍⵍⴰ ⴷⴰⵔⵙ ⵓⵣⵔⴼ ⵖ ⵜⵓⴷⵔⵜ ⴷ ⵜⴷⵔⴼⵉⵜ ⴷ ⵜⵏⴼⵔⵓⵜ ⵜⴰⵏⵉⵎⴰⵏⵜ.</para>
   </article>
   <article number="4">
      <title>ⴰⵎⴰⴳⵔⴰⴷ 4</title>
      <para>ⴰⵡⴷ ⵢⴰⵏ ⵓⵔ ⵉⵣⴹⴰⵔ ⴰⴷ ⴷⴰⵔⵙ ⵉⵍⵉⵏ ⵉⵙⵎⴰⴳⵏ , ⵓⵍⴰ ⴰⴷ ⵉⵣⵣⵏⵣⴰ ⴰⵔ ⵉⵙⵙⴰⵖ ⴰⴼⴳⴰⵏ.</para>
   </article>
   <article number="5">
      <title>ⴰⵎⴰⴳⵔⴰⴷ 5</title>
      <para>ⵓⵔ ⴷ ⵉⵇⵇⴰⵏ ⴰⴷ ⵢⵉⵍⵉ ⴰⵙⵔⴼⵓⴼⵏ ⵏ ⴰⵡⴷ ⵢⴰⵏ, ⵓⵍⴰ ⵜⵉⵎⵙⴽⵔⵜ ⵉⵅⵯⵛⵏⵏ ⵍⵍⵉ ⵉⵙⵙⵎⵥⵥⵉⵢⵏ ⴰⴷⴷⵓⵔ ⵏ ⵓⴼⴳⴰⵏ.</para>
   </article>
   <article number="6">
      <title>ⴰⵎⴰⴳⵔⴰⴷ 6</title>
      <para>ⴽⵓ ⵢⴰⵏ ⵉⵍⵍⴰ ⴷⴰⵔⵙ ⵓⵣⵔⴼ ⵏ ⵜⵓⴽⵣⴰ ⵏ ⵉⵎⴰⵏ ⵏⵙ ⴰⵣⵔⴼⴰⵏ ⵖ ⴽⴰⵢⴳⴰⵜ ⴰⴷⵖⴰⵔ.</para>
   </article>
   <article number="7">
      <title>ⴰⵎⴰⴳⵔⴰⴷ 7</title>
      <para>ⵎⴳⴰⴷⴷⴰⵏ ⴰⴽⵯ ⵎⵉⴷⴷⵏ ⵎⵏⵉⴷ ⵏ ⵓⵍⵓⴳⵏ ⵢⵉⵍⵉ ⴷⴰⵔⵙⵏ ⵓⵣⵔⴼ ⵏ ⵓⵃⵟⵟⵓ ⵏ ⵓⵍⵓⴳⵏ ⴰⵎⵔ ⴰⵙⵏⵓⵃⵢⵓ, ⵖⵉⴽⵍⵍⵉ ⴷⴰⵔⵙⵏ ⵉⵍⵍⴰ ⵓⵣⵔⴼ ⵖ ⵓⵃⵟⵟⵓ ⵉⵎⴳⴰⴷⴷⴰⵏ ⵎⵏⵉⴷ ⵏ ⴰⵙⵏⵓⵃⵢⵓ ⵏⵏⴰ ⴷ ⵓⵔ ⵉⵎⵛⵓⵛⴽⵉⵏ ⴷ ⵓⵍⵖⵓ ⵢⴰⴷ.</para>
   </article>
   <article number="8">
      <title>ⴰⵎⴰⴳⵔⴰⴷ 8</title>
      <para>ⴽⵓ ⵢⴰⵏ ⵉⵍⵍⴰ ⴷⴰⵔⵙ ⵓⵣⵔⴼ ⴰⴷ ⵉⴼⵜⵓ ⵙ ⵜⵉⵏⴼⴳⴰⵔⵉⵏ ⵜⵉⵏⴰⵎⵓⵔⵉⵏ ⵉⵖ ⵉⵍⵍⴰ ⴽⵔⴰ ⵓⵣⴳⴳⴰⵍ ⵖ ⵉⵣⵔⴼⴰⵏ ⵏⵏⵙ ⵍⵍⵉ ⵢⴰⵙ ⵉⴼⴽⴰ ⵓⵍⵓⴳⵏ.</para>
   </article>
   <article number="9">
      <title>ⴰⵎⴰⴳⵔⴰⴷ 9</title>
      <para>ⵉⵜⵜⵓⴽⴽⴰⵙ ⴰⴷ ⵉⵜⵜⵢⵉⵎⵉⵥ ⵓⴼⴳⴰⵏ ⵏⵖ ⴰⴷ ⵉⵜⵜⵓⴽⵔⴰⴼ ⵏⵖ ⴰⴷ ⵜⵉⵣⵣⵓⴳ ⵢⴰⵏ ⴰⵎⵔ ⴰⵍⵓⴳ.</para>
   </article>
   <article number="10">
      <title>ⴰⵎⴰⴳⵔⴰⴷ 10</title>
      <para>ⴳⴰⴷⴷⴰⵏ ⴰⴽⵯ ⵎⵉⴷⴷⵏ ⵖ ⵓⵣⵔⴼ, ⵏ ⴰⴷⵣⵔⵉⵏ ⵖ ⵓⵎⵏⵉⴷ ⵏ ⵜⴰⵏⴼⴳⴰⵔⵜ ⵜⴰⵙⵉⵎⴰⵏⵜ ⵜⴰⵔⴰⵡⵙⴰⵏⵜ, ⵏⵏⴰ ⵉⵜⵜⴳⴳⴰⵏ ⵜⴰⵖⵜⴰⵙⵜ, ⵉⵥⵍⵉⵏ ⵙ ⵉⵣⵔⴼⴰⵏ ⵏⵏⵙ ⵏⵖ ⵉⵣⵓⵛⵛⵍⵏ ⵏⵏⵙ, ⵏⵖ ⵜⵉⵍⴰⵡⵜ ⵏ ⵓⵢⵏⵏⴰ ⴰⵙ ⵉⵜⵜⵓⵙⴱⴰⴱⴱⴰⵏ ⴳ ⵉⴳⵔ ⵏ ⵉⵣⴳⴳⴰⵍⵏ ⵉⵣⵔⴼⴰⵏⵏ.</para>
   </article>
   <article number="11">
      <title>ⴰⵎⴰⴳⵔⴰⴷ 11</title>
      <orderedlist>
         <listitem>
            <para>ⵓⵔⵉⵜⵜⵉⵍⵉ ⵓⴱⴽⴽⵉⴹ ⵅⴼ ⴽⵔⴰ ⵏ ⵢⴰⵏ ⴰⵔⴷ ⵉⴱⴰⵢⵏ ⵖ ⵎⵏⵉⴷ ⵏ ⵜⴷⴰⴱⵓⵜ ⵉⵍⵉⵏⵜ ⴳⵉⵙ ⵜⵏⴼⵔⵓⵜⵉⵏ ⵏ ⵓⵎⵣⴰⵖ.</para>
         </listitem>
         <listitem>
            <para>ⵓⵔ ⵉⵜⵜⵉⵍⵉ ⵉⵜⵜⵢⴰⵎⵥ ⴽⵔⴰ ⵏ ⵢⴰⵏ ⵅⴼ ⵜⵡⵓⵔⵉ ⵏⵖⴷ ⵉⵖ ⵓⵔ ⵉⵔⵉ ⴰⴷ ⵉⵙⴽⵔ ⵜⴰⵡⵓⵔⵉ ⵖⴰⵙ ⵉⵖ ⵉⴳⴰ ⵎⴰⵢⴰⵏ ⵓⴱⴽⴽⵉⴹ ⴳ ⵎⵏⵉⴷ ⵏ ⵓⵍⵓⴳⵏ ⴰⵏⴰⵎⵓⵔ ⵏⵖⴷ ⴰⴳⵔⴰⵖⵍⴰⵏ ⵖ ⵜⵉⵣⵉ ⵏⵏⵙ, ⴷ ⵓⵔ ⴼⵍⵍⴰⵙ ⵜⵜⵉⵍⵉ ⴽⵔⴰ ⵏ ⵜⵎⵎⴰⵔⴰ ⴰⴱⵍⴰ ⵜⵉⵏ ⵜⵉⵣⵉ ⴰⵏⵏ ⵍⵍⵉⵖ ⵉⵜⵜⵓⵙⴽⴰⵔ ⵓⴱⴽⴽⵉⴹ.</para>
         </listitem>
      </orderedlist>
   </article>
   <article number="12">
      <title>ⴰⵎⴰⴳⵔⴰⴷ 12</title>
      <para>ⵓⵔ ⵉⵅⵚⵚⴰ ⴰⴷ ⵢⵉⵍⵉ ⴽⵔⴰ ⵓⴽⵛⵛⵎ ⵉⵅⵛⵛⵏ ⵖ ⵜⵓⴷⵔⵜ ⵉⵥⵍⵉⵏ ⵙ ⴽⵔⴰ ⵏ ⵢⴰⵏ ⵏⵖⴷ ⵜⵉⵏ ⵜⵡⵊⴰ ⵏⵏⵙ ⵏⵖⴷ ⴰⵣⴷⴷⵓⵖ ⵏⵏⵙ ⵏⵖⴷ ⵉⵎⵢⴰⵡⴰⴹⵏ ⵏⵏⵙ ⵖⴷ ⴰⴷⴷⵓⵔ ⵏⵏⵙ. ⵢⵉⵍⵉ ⴷⴰⵔ ⴽⵓ ⵢⴰⵏ ⵓⵣⵔⴼ ⵏ ⵓⵃⵟⵟⵓ ⵏ ⵓⵍⵓⴳⵏ ⵖ ⵣⵓⵏⴷ ⴰⴽⵛⵛⵓⵎ ⴰⴷ.</para>
   </article>
   <article number="13">
      <title>ⴰⵎⴰⴳⵔⴰⴷ 13</title>
      <orderedlist>
         <listitem>
            <para>ⴽⵓ ⵢⴰⵏ ⴷⴰⵔⵙ ⵜⴰⴷⵔⴼⵉⵜⵏ ⵓⵙⵉⴽⵍ ⴷ ⴰⴷ ⵉⵙⵜⵉ ⴰⴷⵖⴰⵔ ⵏ ⵓⵣⴷⴷⵓⵖ ⵏⵏⵙ ⵖ ⵉⵡⵓⵜⵜⴰ ⵏ ⵓⵡⴰⵏⴽ.</para>
         </listitem>
         <listitem>
            <para>ⴽⵓ ⵢⴰⵏ ⴷⴰⵔⵙ ⵜⴰⴷⵔⴼⵉⵜⵏ ⴰⴷ ⵉⴼⴼⵖ ⵜⴰⵎⵓⵔⵜ, ⵜⵉⵏⵏⵙ ⵏⵖ ⵜⵉⵢⵢⴰⴹ, ⵏⵏⵙ ⵢⵉⵍⵉ ⴷⴰⵔⵙ ⵓⵣⵔⴼ ⴰⴷ ⴷⵉⵙ ⵢⵓⵔⵔⵉ.</para>
         </listitem>
      </orderedlist>
   </article>
   <article number="14">
      <title>ⴰⵎⴰⴳⵔⴰⴷ 14</title>
      <orderedlist>
         <listitem>
            <para>ⴽⵓ ⵢⴰⵏ ⴷⴰⵔⵙ ⴰⵣⵔⴼ ⴰⴷ ⵉⵎⵎⵓⴷⴷⵓ ⵙ ⵜⵎⴰⵣⵉⵔⵜ ⵢⴰⴹⵏ ⵏⵖⴷ ⴰⴷ ⴷⵉⵙ ⵉⵔⵡⵍ ⵉⵖ ⵉⵍⵍⴰ ⵎⴰ ⵉⵅⵛⵛⵏ.</para>
         </listitem>
         <listitem>
            <para>ⵓⵔ ⵉⵜⵜⵓⴼⴽⴰ ⵓⵣⵔⴼ ⴰⴷ ⵉ ⵡⴰⵏⵏⴰ ⵉⵎⵎⵓⴷⴷⴰⵏ ⴰⴼⴰⴷ ⴰⴷ ⵉⵙⴷⴰⴱⵓ ⵅⴼ ⵓⴱⴽⴽⵉⴹ ⵉⵙⵔⵜⴰⵏ ⵏⵖⴷ ⵜⵉⵖⴰⵡⵙⵉⵡⵉⵏ ⵍⵍⵉ ⵓⵔ ⵉⵙⵙⵓⵛⴽⴰⵏ ⴷ ⵉⵡⵜⵜⴰⵙⵏ ⴷ ⵉⵎⵏⵣⴰⵢⵏ ⵏ ⵜⵎⵜⵜⴰ ⵉⵎⵓⵏⵏ.</para>
         </listitem>
      </orderedlist>
   </article>
   <article number="15">
      <title>ⴰⵎⴰⴳⵔⴰⴷ 15</title>
      <orderedlist>
         <listitem>
            <para>ⴽⵓ ⵢⴰⵏ ⵉⵍⵍⴰ ⴷⴰⵔⵙ ⵓⵣⵔⴼ ⵏ ⵜⵏⴰⵎⵓⵏⵜ ⵏⵏⵙ.</para>
         </listitem>
         <listitem>
            <para>ⵓⵔ ⵉⵅⵚⵚⴰ ⴰⴷ ⵉⵜⵜⵡⴰⴽⴽⴰⵙ ⵓⵣⵔⴼ ⵏ ⵜⵏⴰⵎⵓⵏⵜ ⵏⵖⴷ ⵡⴰⵏⵏⴰ ⵉⵔⴰⵏ ⴰ ⵜⵙ ⵉⵙⵏⴼⵍ.</para>
         </listitem>
      </orderedlist>
   </article>
   <article number="16">
      <title>ⴰⵎⴰⴳⵔⴰⴷ 16</title>
      <orderedlist>
         <listitem>
            <para>ⵉⵍⵍⴰ ⵓⵣⵔⴼ ⴷⴰⵔ ⵓⵔⴳⴰⵣ ⴷ ⵜⵎⵖⴰⵔⵜ, ⴳ ⵓⵣⵎⵣ ⴷ ⵢⵓⵙⵙⴰⵏ, ⴰⴷ ⵜⵜⵉⵀⵍⵏ ⵙⴽⵔⵏ ⵜⴰⵡⵊⴰ ⵏⵏⵙ ⴱⵍⴰ ⵉⵍⵍⴰ ⴽⵔⴰ ⵏ ⵓⵙⵙⴽⵔⴼ ⵉⵥⵍⵉⵏ ⵙ ⵜⵏⴰⵎⵓⵏⵜ, ⵏⵖ ⴰⵏⴰⵡ ⵏⵖⴷ ⴰⵙⴳⴷ. ⵎⴳⴰⴷⴷⴰⵏ ⴰⵡⴷ ⵖ ⵉⵣⵔⴼⴰⵏ ⵙⵓⵍⵏ ⵎⵓⵏ ⵏⵖ ⴳ ⴱⵟⵟⵓ ⵏⵏⵙⵏ</para>
         </listitem>
         <listitem>
            <para>ⵓⵔ ⵉⵜⵜⵉⵍⵉ ⵍⵉⵜⵜⵉⵀⴰⵍ ⵖⴰⵙ ⵉⵖ ⵉⵔⴰ ⵓⵔⴳⴰⵣ ⴷ ⵜⵎⵖⴰⵔⵜ ⴷ ⵓⵔ ⵉⴳⵉ ⴼⵍⵍⴰⵙⵏ ⴱⵣⵣⵉⵣ.</para>
         </listitem>
         <listitem>
            <para>ⵉⵡⵍ ⴰⴷ ⵉⵙⴽⴰⵔⵏ ⴳ ⵜⵡⵊⴰ ⴰⴷ ⵜⴳ ⵜⵓⵍⴳⵉⵏⵜ, ⵏⵏⵜⴰⵏ ⴰⴷ ⵉⴳⴰⵏ ⵜⴰⵙⵉⵍⴰ ⵏ ⵡⴰⵎⵓⵏ.</para>
         </listitem>
      </orderedlist>
   </article>
   <article number="17">
      <title>ⴰⵎⴰⴳⵔⴰⴷ 17</title>
      <orderedlist>
         <listitem>
            <para>ⴽⵓ ⵢⴰⵏ ⵉⵍⵍⴰ ⴷⴰⵔⵙ ⵓⵣⵔⴼ ⵏ ⵜⵉⵍⵉⵜ ⴰⴷ ⵢⵉⵍⵉ ⵉ ⵡⵓⵍ ⵏⵏⵙ ⵏⵖ ⴷ ⵡⵉⵢⵢⴰⴹ.</para>
         </listitem>
         <listitem>
            <para>ⵓⵔ ⵉⵅⴰⵚⵚⴰ ⴰⴷ ⵜⵜⵓⴽⴰⵙ ⵜⵉⵍⵉⵜ ⵏ ⴰⵡⴷ ⵢⴰⵏ.</para>
         </listitem>
      </orderedlist>
   </article>
   <article number="18">
      <title>ⴰⵎⴰⴳⵔⴰⴷ 18</title>
      <para>ⴽⵓ ⵢⴰⵏ ⵉⵍⵍⴰ ⴷⴰⵔⵙ ⵓⵣⵔⴼ ⵏ ⴳ ⵜⴷⵔⴼⵉⵜ ⵏ ⵓⵙⵡⵉⵏⴳⵎ ⴷ ⵜⵉⵏ ⵜⴰⵏⵏⴰⵢⵜ, ⴷ ⵜⵉⵏ ⵓⵙⴳⴷ ⵖⵉⵍⵍⴰ ⵉⵍⵍⴰ ⵓⵣⵔⴼ ⴰⴷ ⵉⵙⵏⴼ ⴰⵙⴳⵖⵏⵏⵙ, ⵢⵉⵍⵍⵉ ⴷⴰⵔⵙ ⴰⵡⴷ ⵓⵣⵔⴼ ⵏ ⵜⵡⵏⵏⵉⵜ ⵜⴰⵏⴼⵔⵓⵜ ⵙ ⴽⵔⴰ ⵉⴳⴰⵜ ⴰⵏⴰ ⵏⵏⵙ.</para>
   </article>
   <article number="19">
      <title>ⴰⵎⴰⴳⵔⴰⴷ 19</title>
      <para>ⴽⵓ ⵢⴰⵏ ⵉⵍⵍⴰ ⴷⴰⵔⵙ ⵓⵣⵔⴼ ⵏ ⵜⴷⵔⴼⵉⵜ ⵏ ⵜⴰⵏⵏⴰⵢⵜ ⴷ ⵜⵡⵏⵏⵉⵜ, ⴰⴷ ⵉⵜⵜⵉⴽⵚⵓⴹ ⵅⴼ ⵜⴰⵏⵏⴰⵢⵉⵏ ⵏⵏⵙ ⵓⵍⴰ ⴰⵔⵣⵣⵓ ⵏⵏⵙ ⴰⴷ ⵢⴰⵎⵥ ⵏⵖ ⴰⴷ ⵉⵣⵓⵣⵣⵔ, ⴰⴱⵍⴰ ⵉⵡⵜⵜⴰ, ⵉⵏⵖⵎⵉⵙⵏ ⴷ ⵜⵡⵏⴳⵉⵎⵉⵏ ⵙ ⴰⴽⵯ ⵉⵎⴰⵙⵙⵏ  ⵓⵙⵓⵙⵙⵏ.</para>
   </article>
   <article number="20">
      <title>ⴰⵎⴰⴳⵔⴰⴷ 20</title>
      <orderedlist>
          <listitem>
            <para>ⴽⵓ ⵢⴰⵏ ⴷⴰⵔⵙ ⵜⴰⴷⵔⴼⵉⵢⵉⵏ ⵏ ⵜⵙⵎⵓⵏⵉ ⴷ ⵜⵉⵏ ⵓⵎⵓⵏ, ⴷ ⵜⵉⵏ ⵜⵎⵙⵎⵓⵏⵉⵏ ⵜⴰⵏⴳⵔⴰⵡⵜ</para>
         </listitem>
         <listitem>
            <para>ⵓⵔ ⵉⵥⴹⴰⵕ ⵃⵜⵜⴰ ⵢⴰⵏ ⴰⴷ ⵉⴱⵣⵣⵉⵣ ⴼ ⵢⴰⵏ ⴰⴷ ⵉⴽⵛⵎ ⵙ ⴽⵔⴰ ⵏ ⵜⵎⵙⵎⵓⵏⵜ.</para>
         </listitem>
     </orderedlist>
   </article>
   <article number="21">
      <title>ⴰⵎⴰⴳⵔⴰⴷ 21</title>
      <orderedlist>
         <listitem>
            <para>ⴽⵓ ⵢⴰⵏ ⵉⵍⵍⴰ ⴷⴰⵔⵙ ⴰⵣⵔⴼ ⴰⴼⴰⴷ ⴰⴷ ⵉⵙⵜⵉ ⴷ ⴰⴷ ⵉⵙⵎⴷⵢⴰ ⴳ ⵉⵙⵜⴰⵢⵏ, ⴰⵔ ⵉⵙⴷⵔⴼⵉ ⴰⵡⴷ ⵙ ⵉⵣⵔⴼⴰⵏ ⵉⵖⵔⵉⵎⵏ ⴷ ⵉⵙⵔⵜⴰⵏ.</para>
         </listitem>
         <listitem>
            <para>ⴽⵓ ⵢⴰⵏ ⵉⵍⵍⴰ ⴷⴰⵔⵙ ⵓⵣⵔⴼ ⴰⴷ ⵉⵙⵡⵓⵔⵉ ⴳ ⵜⵎⵙⵙⵓⴳⴰⵔ ⵜⵉⵎⴰⵜⵜⴰⵢⵉⵏ ⵏ ⵜⵎⴰⵣⵉⵔⵜ.</para>
         </listitem>
         <listitem>
            <para>ⵜⵉⵔⴰⵜ ⵏ ⵓⴳⴷⵓⴷ ⴰⴷ ⵉⴳⴰⵏ ⴰⴼⴳⴳⴰⴳ ⵏ ⵜⵏⴱⴰⴹⵜ ⵜⴰⴳⴷⵓⴷⴰⵏⵜ, ⵜⵉⵔⴰⵜ ⴰⴷ ⵜⴽⴽ ⴰⵖⴰⵔⴰⵙ ⵏ ⵓⴼⵔⴰⵏ ⵉⵣⴷⴷⵉⴳⵏ ⵏⵏⴰ ⵉⵜⵜⵓⴳⴰⵏ ⴽⵓ ⴰⵣⵎⵣ, ⵙ ⵓⵙⵜⴰⵢ ⴰⵖⵣⵓⵔⴰⵏ ⵉⵎⵙⴰⵙⴰⵏ ⴷ ⵓⵙⵜⴰⵢ ⵉⴼⴼⵔⵏ ⵏⵖ ⴰⴱⵔⵉⴷ ⵜ ⵉⵔⵡⴰⵙⵏ ⵢⵉⴽⴽⵉⵏ ⵜⴰⴷⵔⴼⵉⵜ ⵏ ⵓⵙⵜⴰⵢ</para>
         </listitem>
      </orderedlist>
   </article>
   <article number="22">
      <title>ⴰⵎⴰⴳⵔⴰⴷ 22</title>
      <para>ⴽⵓ ⵢⴰⵏ ⵉⵍⵍⴰ, ⵖⵉⴽⵍⵍⵉ ⵉⴳⴰ ⵢⴰⵏ ⵓⴼⵔⴷⵉⵙ ⵖ ⵡⴰⵎⵓⵏ, ⴷⴰⵔⵙ ⴰⵣⵔⴼ ⵖ ⵓⵏⴼⵔⵓ ⴰⵏⴰⵎⵓⵏ :ⴰⵣⵔⴼ ⴰⴷ ⵉⴱⴷⴷⴰ ⵅⴼ ⵃⵎⴰ ⴰⴷ ⵜⵉⵍⵉ ⵜⵓⵎⵔⵜ ⵏ ⵉⵣⵔⴼⴰⵏ ⵉⴷⴰⵎⵙⴰⵏⵏ, ⵉⵏⴰⵎⵓⵏⵏ ⴷ ⵉⴷⵍⵙⴰⵏⵏ ⵉⵥⵍⵉⵏ ⵙ ⴰⴷⴷⵓⵔ ⵏⵏⵙ ⴷ ⵓⵙⴱⵓⵖⵍⵓ ⵏ ⵡⵓⴷⵎ ⵏⵏⵙ, ⴰⵢⴰⴷ ⵙ ⵜⴷⵓⵙⵉ ⵜⴰⵏⴰⵎⵓⵔⵜ ⴷ ⵜⵡⵉⵙⵉ ⵜⴰⴳⵔⴰⵖⵍⴰⵏⵜ, ⵏⵏⴰ ⵉⵙⵏⵏⴷⵏ ⵅⴼ ⵓⵙⵏⵎⴰⵍⴰ ⴷ ⵉⵙⵓⴳⵉⵎ ⵏ ⴽⵓ ⵜⴰⵎⵓⵔⵜ.</para>
   </article>
   <article number="23">
      <title>ⴰⵎⴰⴳⵔⴰⴷ 23</title>
      <orderedlist>
         <listitem>
            <para>ⴽⵓ ⵢⴰⵏ ⵉⵍⵍⴰ ⴷⴰⵔⵙ ⵓⵣⵔⴼ ⵏ ⵜⴰⵡⵓⵔⵉ, ⴷ ⵜⴷⵔⴼⵉⵜ ⵏ ⵓⵙⵜⴰⵢ ⵏ ⵜⴰⵡⵓⵔⵉ ⵏⵏⵙ, ⴳ ⵜⴼⴰⴷⵉⵡⵉⵏ ⵜⵉⵣⵔⴼⴰⵏⵉⵏ ⴷ ⵢⵓⵙⵙⴰⵏ ⵉ ⵜⵡⵓⵔⵉ ⵏ ⵓⴼⵔⴰⴳ ⵎⴳⴰⵍ ⵏ ⵜⴳⵓⴼⵉ.</para>
         </listitem>
         <listitem>
            <para>ⴽⵓ ⵢⴰⵏ ⵉⵍⵍⴰ ⴷⴰⵔⵙ ⵓⵣⵔⴼ ⵏ ⵓⵎⴳⵉⴷⴷⵉ ⵖ ⵜⵖⵔⴰⴷ ⵏ ⵜⵡⵡⵓⵔⵉ.</para>
         </listitem>
         <listitem>
            <para>ⴽⵓ ⵢⴰⵏ ⵉⵙⵡⵓⵔⵓⵏ ⴷⴰⵔⵙ ⴰⵣⵔⴼ ⴰⴷ ⵢⴰⵎⵥ ⵜⵉⵖⵔⴰⴷ ⵏⵏⵙ ⵉⵣⵔⴼⵏ ⴷ ⵢⵓⵙⴰⵏ ⵏⵏⴰ ⴰⵙ ⵢⵉⴽⴽⵉⵏ, ⵏⵜⵜⴰ ⴷ ⵜⵡⵊⴰ ⵏⵏⵙ, ⵢⴰⵜ ⵜⵓⴷⵔⵜ ⵉⵍⴰⵏ ⵓⴷⴷⵓⵔ ⴰⵏⴼⴳⴰⵏ, ⵏⵏⴰ ⵎⵎⵉ ⵉⵜⵜⵓⵔⵏⵓ, ⵎⴳ ⵉⵍⵍⴰ ⵓⵏⵏⴳⵣⵓ, ⵉⵎⴰⵙⵙⵏ ⵏ ⵓⴼⵔⴳⴰ ⴰⵏⴰⵎⵓⵏ.</para>
         </listitem>
         <listitem>
            <para>ⴽⵓ ⵢⴰⵏ ⵉⵍⵍⴰ ⴷⴰⵔⵙ ⵓⵣⵔⴼ ⴰⴷ ⵉⵙⴽⵔ ⵏⵖⴷ ⴰⴷ ⵢⵉⵍⵉ ⴷ ⵉⵏⵎⵓⵍⵍⴰ ⴰⴼⴰⴷ ⴰⴷ ⵢⵉⵍⵉ ⵓⵃⵟⵟⵓ ⵏ ⵡⴰⵢⴰⴷⴰ ⵏⵏⵙ.</para>
         </listitem>
      </orderedlist>
   </article>
   <article number="24">
      <title>ⴰⵎⴰⴳⵔⴰⴷ 24</title>
      <para>ⴽⵓ ⵢⴰⵏ ⵉⵍⵍⴰ ⴷⴰⵔⵙ ⵓⵣⵔⴼ ⵏ ⵓⵙⵙⵓⵏⴼⵓ, ⵖ ⵜⵉⵣⵉ ⵍⵍⵉ ⵉⵅⵡⴰⵏ, ⴷ ⵎⵏⵛⴽ ⵏ ⵜⵙⵔⴰⴳⵉⵏ ⵏ ⵜⵡⵓⵔⵉ ⴷ ⵓⵙⵙⵏⴼⵓ ⵉⵎⵓⵏ ⴷ ⵜⵖⵔⴰⴷ.</para>
   </article>
   <article number="25">
      <title>ⴰⵎⴰⴳⵔⴰⴷ 25</title>
      <orderedlist>
         <listitem>
            <para>ⴽⵓ ⵢⴰⵏ ⴷⴰⵔⵙ ⴰⵣⵔⴼ ⵏ ⵓⵙⵡⵉⵔ ⵏ ⵜⵓⴷⵔⵜ ⴰⵙ ⴷ ⵢⵓⵙⴰⵏ ⵉ ⵜⴷⵓⵙⵉ ⵏⵏⵙ, ⴷ ⵜⵓⵎⵔⵜ ⵏⵏⵙ ⴷ ⵜⵉⵏ ⵜⵡⵊⴰ ⵏⵏⵙ, ⵙ ⵓⵙⵜⵜⴰⵢ ⵜⵉⵏ ⵜⵎⵜⵜⵛⴰ, ⴷ ⵉⵃⵔⵓⵢⵏ ⴷ ⵜⵣⴷⵓⵖⵜ ⴷ ⵉⴷⵉⵡⴰⵏ ⴷ ⵜⵏⴰⴼⵓⵜⵉⵏ ⵜⵉⵏⴰⵎⵓⵜⵉⵏ ⵉⵍⴰⵇⵇⵏ, ⴷⴰⵔⵙ ⴰⵣⵔⴼ ⵏ ⵜⵏⴰⴼⵓⵜ ⵎⴳ ⵉⴳⴰ ⴰⵎⴳⵓⴼ ⵏⵖ ⴰⵎⵓⴹⵉⵏ ⵏⵖ ⴰⴽⴽⵓⵛⵎ ⵏⵖ ⵡⵉⵏ ⵜⴷⵢⴰⵍⵜ ⵏⵖ ⵜⵓⵙⵔ ⵏⵖ, ⴳ ⵉⵙⵓⵔⵙⵏ ⵏⵏⵉⴹⵏ, ⵜⵉⵣⵍⵉ ⵏ ⵉⵎⴰⵙⵙⵏ ⵏ ⵜⵓⴷⵔⵜ ⵓⵔ ⵉⵎⵓⵏ ⴷ ⵜⵉⵔⵉⵜ ⵏⵏⵙ.</para>
         </listitem>
         <listitem>
            <para>ⴰⴷ ⵢⵉⵍⵉ ⴷⴰⵔ ⵜⴰⵣⵣⵏⵜ ⴷ ⵉⵏⵏⴰⵙ ⵢⴰⵏ ⵓⴼⵔⴰⴳ ⴰⵏⴰⵎⵓⵏ ⴰⴷⴰⵡⵙⴰⵏ ⵓⵙⴷⴷⵓⵍ ⴷⴷ ⵜⵡⵉⵣⵉ ⵉⵙⵙⴰⵔⵏ ⵍⵍⵉ ⵉⵙⵏⵎⴰⵍⴰ ⵓⵡⴰⵏⴽ.</para>
         </listitem>
      </orderedlist>
   </article>
   <article number="26">
      <title>ⴰⵎⴰⴳⵔⴰⴷ 26</title>
      <orderedlist>
         <listitem>
            <para>ⴽⵓ ⵢⴰⵏ ⴷⴰⵔⵙ ⵓⵣⵔⴼ ⵏ ⵓⵙⴳⵎⵉ. ⴰⵙⴳⵎⵉ ⴰⴷ ⵢⵉⵍⵉ ⴰⴱⵍⴰ ⴰⵇⴰⵕⵉⴹ ⵉ ⵓⵙⵙⵍⵎⴷ ⴰⴼⴳⴳⴰⴳ ⴷ ⵓⵎⵣⴰⵡⴰⵔⵓ. ⴰⵙⵙⵍⵎⴷ ⴰⵎⵣⵡⴰⵔⵓ ⵉⴳⴰ ⵓⵛⵛⵉⵍ. ⴰⵙⵙⵍⵎⴰⴷ ⴰⵜⵉⵇⵏⵉ ⴷ ⵓⵣⵣⵓⵍⴰⵏ ⴰⴷ ⵉⵙⵙⵡⵓ ⴽⵓ ⵢⴰⵏ : ⴰⴷⴼ ⵙ ⵜⵖⵓⵔⵉⵡⵉⵏ ⵜⵉⵎⴰⵊⵊⵢⴰⵍⵉⵏ ⴰⴷ ⵢⴰⵏⴼ ⵉ ⴽⵓ ⵢⴰⵏ, ⵉⵙⵏⵏⴷ ⵅⴼ ⵜⵣⵎⵎⴰⵔ.</para>
         </listitem>
         <listitem>
            <para>ⴰⵙⴳⵎⵉ ⵉⵍⴰⵇ ⴰⵙ ⴰⴷ ⵉⵏⵏⴰⵍ ⴰⴱⵓⵖⵍⵓ ⵏ ⵡⵓⴷⵎⴰ ⴰⵏⴰⴼⴳⴰⵏ ⴷ ⵜⴷⵓⵙⵉ ⵏ ⵓⵡⵇⵇⵔ ⵏ ⵉⵣⵔⴼⴰⵏⵏⵏ ⵏ ⵓⴼⴳⴰⵏ ⴷ ⵜⴷⵔⴼⵉⵢⵉⵏ ⵜⵉⴼⴳⴳⴰⴳⵉⵏ. ⵉⵍⴰⵇ ⴰⴷ ⵉⴼⴳ ⵜⴰⵖⴹⴼⵜ ⵉ ⵜⵉⴷⴷⵓⴽⵍⴰ ⴷ ⵓⵎⵙⵃⵎⴰⵍ ⵏⴳⵔ ⵏ ⵜⵎⵜⵜⴰ ⴷ ⵉⴳⵔⴰⵡⵏ ⵏ ⵜⵥⵓⵕⵉ ⴷ ⵓⵙⴳⴷ ⴷ ⵓⵙⴳⵎ ⵏ ⵉⵎⵓⵙⵙⵓⵜⵏ ⵏ ⵜⵎⵜⵜⴰ ⵉⵎⵓⵏⵏ ⵃⵎⴰ ⴰⴷ ⵜⵉⵍⵉ ⵜⵏⴰⴳⵔⵉⵜ.</para>
         </listitem>
         <listitem>
            <para>ⵉⵍⵍⴰ ⵓⵣⵔⴼ ⴰⵎⵣⵡⴰⵔⵓ ⴷⴰⵔ ⵉⵎⴰⵡⵍⴰⵏ ⴰⴷ ⵙⵜⵉⵏ ⴰⵏⴰⵡ ⵏ ⵜⵖⵔⵉ ⵉ ⵜⴰⵔⵡⴰ ⵏⵏⵙⵏ.</para>
         </listitem>
      </orderedlist>
   </article>
   <article number="27">
      <title>ⴰⵎⴰⴳⵔⴰⴷ 27</title>
      <orderedlist>
         <listitem>
            <para>ⴽⵓ ⵢⴰⵏ ⵉⵍⵍⴰ ⴷⴰⵔⵙ ⵓⵣⵔⴼⴰⴷ ⵢⴰⵡⵙ ⵖ ⵜⵓⴷⵔⵜ ⵏ ⵡⴰⵎⵓⵏ ⵏⵏⵙ ⵜⴰⴷⵍⵙⴰⵏⵜ ⴷ ⵜⵥⵓⵕⵉ, ⵢⴰⵡⵙ ⴰⵡⴷ ⴳ ⵓⵙⵎⵓⵜⵜⴳ ⵏ ⵜⵎⴰⵙⵙⴰⵏⵉⵏ ⵉⵙⴼⴰⵢⴷ ⴳⵉⵜⵙⵏⵜ.</para>
         </listitem>
         <listitem>
            <para>ⴽⵓ ⵢⴰⵏ ⵉⵍⵍⴰ ⴷⴰⵔⵙ ⵓⵣⵔⴼ ⵜⴳⴰ ⵜⴷⵔⴼⵉⵜ ⵏ ⵓⵙⵏⵓⵍⴼⵓ ⴷ ⵜⵉⵏ ⵜⵥⵕⵉⴳⵜ ⴷ ⵜⵉⵏ ⵓⵙⴼⵙⵔ ⵜⴰⵏⴼⵔⵓⵜ ⴳ ⵉⴳⵔⴰⵏ ⵏ ⵜⵙⴽⵍⴰ ⴷ ⵡⵉⵏ ⵜⵥⵓⵕⵉ ⴷ ⵡⵉⵏ ⵓⵔⵣⵣⵓ ⴰⵎⴰⵙⵙⴰⵏ.</para>
         </listitem>
      </orderedlist>
   </article>
   <article number="28">
      <title>ⴰⵎⴰⴳⵔⴰⴷ 28</title>
      <para>ⴽⵓ ⵢⴰⵏ ⵉⵍⵍⴰ ⴷⴰⵔⵙ ⵓⵣⵔⴼ ⴰⴷ ⵉⵙⴼⴰⵢⴷ ⵖ ⵓⵖⴰⵡⴰⵙ ⴰⵏⴰⵎⵓⵏ ⴰⴳⵔⴰⵖⵍⴰⵏ ⵍⵍⵉⵖ ⵍⵍⴰⵏ ⵉⵣⵔⴼⴰⵏ ⴷ ⵜⴷⵔⴼⵉⵢⵉⵏ ⵍⵍⵉ ⴷ ⵢⵓⵛⴽⴰⵏ ⵖ ⴰⵍⵖⵓ ⴰⴷ.</para>
   </article>
   <article number="29">
      <title>ⴰⵎⴰⴳⵔⴰⴷ 29</title>
      <orderedlist>
         <listitem>
            <para>ⴽⵓ ⵢⴰⵏ ⴰⵔ ⵉⵜⵜⴰⵡⵙ ⵖ ⵜⵡⵉⵣⵉ ⵏ ⵡⴰⵎⵓⵏ ⵙ ⵓⵢⵏⵏⴰ ⵎⵓ ⵉⵥⴹⴰⵕ ⵙ ⵜⴳⵎⵉ ⵏ ⵜⵓⴷⵔⵜ ⵏⵏⵙ.</para>
         </listitem>
         <listitem>
            <para>ⴰⵔ ⵏⵏ ⵉⵜⵜⴷⵓⵍ ⵓⴼⴳⴰⵏ ⵙ ⵉⵙⴽⵔⴰⴼ ⵍⵍⵉ ⵉⵍⵍⴰⵏ ⴳ ⵓⵙⵍⴳⵏ ⵖ ⵜⵉⵣⵉ ⵍⵍⵉⵖ ⴰⵢ ⵉⵙⵙⵏⴼⴰⵍ ⵉⵣⵔⴼⴰⵏ ⴷ ⵜⴷⵔⴼⵉⵢⵉⵏ ⴰⴼⴰⴷ ⴰⴷ ⴳⵉⴷⴷⵏⵜ ⵜⵎⴰⵙⵙⴰⵢⵉⵏ ⵜⵉⴳⴷⵓⴷⴰⵏⵉⵏ ⴷ ⵜⵎⵙⴽⵔⵜ ⴳ ⵡⴰⵎⵓⵏ ⴰⴷⵉⵎⵓⵇⵕⴰⵟⵉ.</para>
         </listitem>
         <listitem>
            <para>ⵖⵉⴽⵏⵏⴰ ⴽⴰ ⴳⴰⵏⵜ ⵜⵖⴰⵡⵙⵉⵡⵉⵏ ⵓⵔ ⴷ ⵉⵇⵇⴰⵏ ⴰⴷ ⵎⵎⵙⴽⴰⵔⵏ ⵉⵣⵔⴼⴰⵏ ⴰⴷ ⵎⵏⵉⴷ ⵏ ⵉⵡⵜⵜⴰⵙⵏ ⴷ ⵉⵎⵏⵣⴰⵢⵏ ⵏ ⵜⵎⵜⵜⴰ ⵉⵎⵓⵏⵏ.</para>
         </listitem>
      </orderedlist>
   </article>
   <article number="30">
      <title>ⴰⵎⴰⴳⵔⴰⴷ 30</title>
      <para>ⵓⵔ ⵉⵍⵍⵉ ⵖ ⵓⵍⵖⵓ ⴰⴷ ⴽⵔⴰ ⵏ ⵓⴹⵕⵉⵚ ⴰⴼⴰⴷ ⴰⴷ ⵉⵙⵎⴷⵢⴰ ⴽⵔⴰ ⵏ ⵓⵡⴰⵏⴽ ⵏⵖⴷ ⴽⵔⴰ ⵏ ⵓⴳⴷⵓⴷ ⵏⵖⴷ ⵓⴼⴳⴰⵏ ⵙ ⵖⵉⴽⵍⵍⵉ ⵉⵔⴰ ⴷ ⵓⵔ ⴷⴰⵔⵙ ⴽⵔⴰ ⵏ ⵓⵣⵔⴼ ⴰⴼⴰⴷ ⵉⵙⴽⵔ ⵜⴰⵡⵔⵉ ⵏⵏⴰ ⵉⵔⴰ ⵍⵍⵉ ⵉⵜⵜⵔⵥⵥⴰⵏ ⵉⵣⵔⴼⴰⵏ ⴷ ⵜⴷⵔⴼⵢⵉⵏ ⵍⵍⵉ ⴷ ⵢⵉⵡⵉ ⵖ ⵓⵍⵖⵓ ⴰⴷ.</para>
   </article>
</udhr>

