<?xml version="1.0" encoding="UTF-8"?>

<!--© The Office of the High Commisioner for Human Rights-->

<udhr iso639-3='lit' xml:lang='lt' key='lit' n='Lithuanian' dir='ltr' iso15924='Latn' xmlns="http://www.unicode.org/udhr">
   <title>VISUOTINĖ ŽMOGAUS TEISIŲ DEKLARACIJA</title>
   <preamble>
      <title>PREAMBULĖ</title>
      <para>Atsižvelgdama į tai, kad visiems žmonių giminės nariams būdingo orumo ir lygių bei neatimamų teisių pripažinimas yra laisvės, teisingumo ir taikos pasaulyje pagrindas;</para>
      <para>atsižvelgdama į tai, kad žmogaus teisių visiškas nepaisymas ir niekinimas pastūmėjo vykdyti barbariškus aktus, piktinančius žmonijos sąžinę, o sukūrimas pasaulio, kuriame žmonės turės žodžio ir įsitikinimų laisvę ir bus išlaisvinti iš baimės ir skurdo pančių, paskelbtas kaip kilniausias žmogaus siekimas;</para>
      <para>atsižvelgdama į tai, jog būtinai reikia, kad žmogaus teises saugotų įstatymo galia, dėl to, kad jis nebūtų priverstas imtis, kaip kraštutinės priemonės, sukilimo prieš tironiją ir priespaudą;</para>
      <para>atsižvelgdama į tai, jog būtinai reikia remti draugiškų santykių tarp tautų vystymą;</para>
      <para>atsižvelgdama į tai, kad Suvienytųjų Nacijų Organizacijos įstatuose tautos vėl įtvirtino savo tikėjimą pagrindinėmis žmogaus teisėmis, žmogaus, kaip asmenybės, orumu ir vertingumu, lygiomis vyrų ir moterų teisėmis ir pareiškė, jog esančios pasiryžusios skatinti visuomenės pažangą ir sukurti geresnes gyvenimo sąlygas, didesnę laisvę;</para>
      <para>atsižvelgdama į tai, kad valstybės narės, bendradarbiaudamos su Suvienytųjų Nacijų Organizacija, įsipareigojo garantuoti visuotinį ir tikrą žmogaus teisių ir pagrindinių laisvių laikymąsi;</para>
      <para>atsižvelgdama į tai, jog bendras visiems žmonėms šių teisių ir laisvių supratimas turi didžiausią reikm, kad būtų visiškai įvykdytas šis įsipareigojimas,</para>
      <para>Generalinė Asamblėja</para>
      <para>skelbia šią Visuotinę žmogaus teisių deklaraciją, kaip visuotinį idealą, kurio turi siekti visos tautos ir visos valstybės dėl to, kad kiekvienas žmogus ir kiekvienas visuomenės organas, nuolat turėdami galvoj šią Deklaraciją, pasitelkę švietimą ir mokslą, stengtųsi prisidėti prie to, kad šios teisės ir laisvės būtų gerbiamos ir kad būtų garantuota, imantis nacionalinių ir tarptautinių pažangių priemonių, kad jos bus visuotinai ir tikrai pripažįstamos ir taikomos tiek valstybių narių gyventojams, tiek gyventojams teritorijų, esančių jų jurisdikcijoje.</para>
   </preamble>
   <article number="1">
      <title>1 straipsnis</title>
      <para>Visi žmonės gimsta laisvi ir lygūs savo orumu ir teisėmis. Jiems suteiktas protas ir sąžinė ir jie turi elgtis vienas kito atžvilgiu kaip broliai.</para>
   </article>
   <article number="2">
      <title>2 straipsnis</title>
      <para>Kiekvienas žmogus gali naudotis visomis teisėmis ir laisvėmis, paskelbtomis šioje Deklaracijoje, be jokių skirtumų, tokių kaip rasė, odos spalva, lytis, kalba, religija, politiniai ar kitokie įsitikinimai, nacionalinė ar socialinė kilmė, turtinė, jo gimimo ar kokia nors kitokia padėtis.</para>
      <para>Be to, neturi būti daroma jokių skirtumų remiantis šalies ar teritorijos, kuriai priklauso žmogus, politiniu, teisiniu ar tarptautiniu statusu, dėl to, kad ši šalis ar teritorija yra nepriklausoma, globojama, nesavavaldi ar kaip nors kitaip apribotas jos suverenitetas.</para>
   </article>
   <article number="3">
      <title>3 straipsnis</title>
      <para>Kiekvienas žmogus turi teisę į gyvybę, laisvę ir asmens neliečiamybę.</para>
   </article>
   <article number="4">
      <title>4 straipsnis</title>
      <para>Niekas negali būti laikomas vergijoje ar nelaisvas: visų formų vergija ir prekyba vergais draudžiama.</para>
   </article>
   <article number="5">
      <title>5 straipsnis</title>
      <para>Niekas negali būti kankinamas arba žiauriai, nežmoniškai žeminant jo orumą su juo elgiamasi ir jis baudžiamas.</para>
   </article>
   <article number="6">
      <title>6 straipsnis</title>
      <para>Kiekvienas žmogus, kad ir kur jis būtų turi teisę būti pripažintas teisinių santykių subjektu.</para>
   </article>
   <article number="7">
      <title>7 straipsnis</title>
      <para>Visi lygūs prieš įstatymą ir turi teisę, be jokio skirtumo, į lygią įstatymo apsaugą. Visi turi teisę į lygią apsaugą nuo visokios diskriminacijos, pažeidžiančios šią Deklaraciją ir nuo visokio kurstymo tokiai diskriminacijai.</para>
   </article>
   <article number="8">
      <title>8 straipsnis</title>
      <para>Kiekvienas žmogus turi teisė pasinaudoti kompetentingais nacionaliniais teismais savo teisėms atgauti, kai jo pagrindinės teisės, pripažįstamos jam konstitucijos ar įstatymo, buvo pažeistos.</para>
   </article>
   <article number="9">
      <title>9 straipsnis</title>
      <para>Niekas negali būti savavališkai areštuotas, suimtas ar ištremtas.</para>
   </article>
   <article number="10">
      <title>10 straipsnis</title>
      <para>Kiekvienas žmogus, remdamasis visika lygybe, turi teisę į tai, kad jo bylą viešai ir teisingai išnagrinėtų nepriklausomas ir bešališkas teismas, kuris nustatytų jo teises ir pareigas ar jam pareikšto baudžiamojo kaltinimo pagrįstuma.</para>
   </article>
   <article number="11">
      <title>11 straipsnis</title>
      <orderedlist>
         <listitem>
            <para>Kiekvienas žmogus, kaltinamas nusikaltimo padarymu, laikomas nekaltu tol, kol jo kaltumas bus nustatytas įstatymo tvarka viešo teisminio nagrinėjimo metu, kur jam bus sudaromos visos būtinos gynybos garantijos.</para>
         </listitem>
         <listitem>
            <para>Niekas negali būti nuteistas už veiksmus ar neveikimą, kurie jų įvykdymo metu nebuvo laikomi nusikaltimais pagal valstybės vidaus įstatymus arba tarptautinę teisę. Taip pat negali būti skiriama sunkesnė bausmė už tą, kuri buvo taikoma nusikaltimo padarymo momentu.</para>
         </listitem>
      </orderedlist>
   </article>
   <article number="12">
      <title>12 straipsnis</title>
      <para>Niekas neturi patirti savavališko kišimosi į jo asmeninį ir šeimyninį gyvenimą, jo buto neliečiamybę, susirašinėjimo slaptumą, kėsinimosi į jo garbę ir orumą. Kiekvienas žmogus turi teisę į įstatymo apsaugą nuo tokio kišimosi arba tokių pasikėsinimų.</para>
   </article>
   <article number="13">
      <title>13 straipsnis</title>
      <orderedlist>
         <listitem>
            <para>Kiekvienas žmogus turi teisę laisvai kilnotis ir laisvai pasirinkti gyvenamąją vietą kiekvienoje valstybėje.</para>
         </listitem>
         <listitem>
            <para>Kiekvienas žmogus turi teisę išvažiuoti iš kiekvienos šalies, įskaitant savąją, ir grįžti į savo šalį.</para>
         </listitem>
      </orderedlist>
   </article>
   <article number="14">
      <title>14 straipsnis</title>
      <orderedlist>
         <listitem>
            <para>Persekiojamas kiekvienas žmogus turi teisę ieškoti prieglobsčio kitose šalyse ir juo naudotis.</para>
         </listitem>
         <listitem>
            <para>Šia teise negali būti pasinaudota, kai persekiojimas tikrai pagrįstas padarymu kriminalinio nusikaltimo ar veiksmų, prieštaraujančių Suvienytųjų Nacijų Organizacijos tikslams ir principams.</para>
         </listitem>
      </orderedlist>
   </article>
   <article number="15">
      <title>15 straipsnis</title>
      <orderedlist>
         <listitem>
            <para>Kiekvienas žmogus turi teisę į pilietybę.</para>
         </listitem>
         <listitem>
            <para>Niekam negali būti savavališkai atimta jo pilietybė ar teisė ją pakeisti.</para>
         </listitem>
      </orderedlist>
   </article>
   <article number="16">
      <title>16 straipsnis</title>
      <orderedlist>
         <listitem>
            <para>Vyrai ir moterys, pasiekę brandos amžių, turi teisę be jokių apribojimų dėl rasės, tautybės ar religijos sudaryti santuoką ir sukurti šeimą. Jie turi lygias teises tiek santuokos sudarymo bei jos trukmės, tiek santuokos nutraukimo metu.</para>
         </listitem>
         <listitem>
            <para>Santuoka gali būti sudaryta tik tasa, kai susituokiantieji duoda laisva ir visišką sutikimą.</para>
         </listitem>
         <listitem>
            <para>eima yra natūrali ir pagrindinė visuomenės ląstelė ir ji turi teisę į visuomenės ir valstybės apsaugą.</para>
         </listitem>
      </orderedlist>
   </article>
   <article number="17">
      <title>17 straipsnis</title>
      <orderedlist>
         <listitem>
            <para>Kiekvienas žmogus turi teisę turėti nuosavybę tiek vienas, tiek kartu su kitais.</para>
         </listitem>
         <listitem>
            <para>Iš nieko negali būti savavališkai atimta jo nuosavybė.</para>
         </listitem>
      </orderedlist>
   </article>
   <article number="18">
      <title>18 straipsnis</title>
      <para>Kiekvienas žmogus turi teisę į minties, sąžinės ir religijos laisvę. Ši teisė apima laisvę pakeisti religiją ar tikėjimą, taip pat laisvę skelbti savo religiją ar tikėjimą tiek vienam, tiek kartu su kitais, viešai ar privačiai, mokant, praktikuojant tikėjimą, laikant pamaldas bei atliekant apeigas.</para>
   </article>
   <article number="19">
      <title>19 straipsnis</title>
      <para>Kiekvienas žmogus turi teisę į įsitikinimų ir jų reiškimo laisvę, kuri apima teisę nekliudomai laikytis savo įsitikinimų ir teisę ieškoti, gauti ir skleisti informaciją ir idėjas nepriklausomai nuo valstybių sienų, ir nesvarbu, kokiomis priemonėmis jos būtų išreikštos.</para>
   </article>
   <article number="20">
      <title>20 straipsnis</title>
      <orderedlist>
         <listitem>
            <para>Kiekvienas žmogus turi teisę į taikių susirinkimų ir asociacijų laisvę.</para>
         </listitem>
         <listitem>
            <para>Niekas negali būti verčiamas priklausyti kokiai nors asociacijai.</para>
         </listitem>
      </orderedlist>
   </article>
   <article number="21">
      <title>21 straipsnis</title>
      <orderedlist>
         <listitem>
            <para>Kiekvienas žmogus turi teisę dalyvauti valdant savo šalį tiek tiesiogiai, tiek per laisvai išrinktus atstovus.</para>
         </listitem>
         <listitem>
            <para>Kiekvienas žmogus turi teisę lygybęs sąlygomis stoti į savo šalies valstybinę tarnybą.</para>
         </listitem>
         <listitem>
            <para>Liaudies valia yra valstybinės valdžios pagrindas; ši valis turi būti išreiškiama teisinguose rinkimouse, kurie turi vykti periodiškai, kai yra visuotinė ir lygi rinkimų teisę ir slaptas balsavimas arba kitos lygiavertės procedūros, garantuojančios balsavimo laisvę.</para>
         </listitem>
      </orderedlist>
   </article>
   <article number="22">
      <title>22 straipsnis</title>
      <para>Kiekvienas žmogus, kaip visuomenės narys, turi teisę į socialinį aprūpinimą, kuris skirtas būtinoms jo orumui ir laisvam asmenybės vystymuisi ekonominėms, socialinėms ir kultūrinėms teisėms igyvendinti nacionalinemis pastangomis ir per tarptautinį bendradarbiavimą ir pagal kiekvienos šalies vidinę struktūrą bei išteklius.</para>
   </article>
   <article number="23">
      <title>23 straipsnis</title>
      <orderedlist>
         <listitem>
            <para>Kiekvienas žmogus turi teisę į darbą, į laisvą darbo pasirinkimą, į teisingas ir tinkamas darbo sąlygas ir į apsaugą nuo nedarbo.</para>
         </listitem>
         <listitem>
            <para>Visi žmonės, be jokios diskriminacijos, turi teisę į lygų apmokėjimą už lygiavertį darbą.</para>
         </listitem>
         <listitem>
            <para>Kiekvienas darbo žmogus turi teisę į teisingą ir patenkinamą atlyginimą, garantuojantį žmogaus orumo vertą egzistavimą jam pačiam ir jo šeimai, ir papildomą, kai reikia, visomis kitomis socialinės apsaugos lėšomis.</para>
         </listitem>
         <listitem>
            <para>Kiekvienas žmogus turi teisę kartu su kitais steigti profesines sąjungas ar stoti į jas savo interesams ginti.</para>
         </listitem>
      </orderedlist>
   </article>
   <article number="24">
      <title>24 straipsnis</title>
      <para>Kiekvienas žmogus turi teisę į poilsį ir laisvalaikį ir ypač teisę į pagrįstą darbo laiko apribojimą ir periodines apmokamas atostogas.</para>
   </article>
   <article number="25">
      <title>25 straipsnis</title>
      <orderedlist>
         <listitem>
            <para>Kiekvienas žmogus turi teisę į pakankamą gyvenimo lygį, kuris garantuotų jo ir jo šeimos sveikatą ir gerovę, ir ypač į maistą, drabužius, būstą, medicininę priežiūrą ir būtiną socialinį aptarnavimą: jis turi teisę į aprūpinimą nedarbo, ligos, invalidumo, našlystės, senatvės ar kitokio pragyvenimo šaltinių netekimo atveju dėl nepriklausančių nuo jo aplinkybių.</para>
         </listitem>
         <listitem>
            <para>Motinystė ir kūdikystė turi būti itin globojamos ir remiamos. Visi vaikai, tiek gimę santuokoje, tiek nesantuokiniai, naudojasi vienoda socialine apsauga.</para>
         </listitem>
      </orderedlist>
   </article>
   <article number="26">
      <title>26 straipsnis</title>
      <orderedlist>
         <listitem>
            <para>Kiekvienas žmogus turi teisę į mokslą. Mokslas turi būti nemokamas - bent jau pradinis ir bendrasis lavinimas. Pradinis lavinimas yra privalomas. Profesinis techninis mokymas turi būti visuotinai prieinamas; aukštasis mokslas turi būti vienodai prieinamas visiems pagal kiekvieno žmogus sugebėjimus.</para>
         </listitem>
         <listitem>
            <para>Mokslas turi būti skirtas tam, kad visi škai suklestėtų žmogaus asmenybė ir kad būtų vis labiau gerbiamos žmogaus teisės ir pagrindinės laisvės. Jis turi padėti ugdyti savitarpio supratimą, pakantumą ir draugystę tarp visų tautų, rasinių, ir religinių grupių, taip pat turi skatinti Suvienytųjų Nacijų Organizacijos vykdomą taikos išsaugojimo veiklą.</para>
         </listitem>
         <listitem>
            <para>Tėvai turi pirmenybės teisę parenkant savo vaikų mokymą.</para>
         </listitem>
      </orderedlist>
   </article>
   <article number="27">
      <title>27 straipsnis</title>
      <orderedlist>
         <listitem>
            <para>Kiekvienas žmogus turi teisę laisvai dalyvauti visuomenės kultūriniame gyvenime, gėrėtis menu, dalyvauti mokslinėje pažangoje ir naudotis jos gėrybėmis.</para>
         </listitem>
         <listitem>
            <para>Kiekvienas žmogus turi teisę į apsaugą jo dvasinių ir materialinių interesų, atsirandančių ryšium su mokslo, literatūros ar meno kūrinių, kurių jis yra autorius, sukūrimu.</para>
         </listitem>
      </orderedlist>
   </article>
   <article number="28">
      <title>28 straipsnis</title>
      <para>Kiekvienas žmogus turi teisę į tai, kad visuomenėje ir tarp tautų įsiviešpatautų tokia tvarka, kurioje galėtų būti visiškai įgyvendintos teisės ir laisvės, išdėstytos šioje Deklaracijoje.</para>
   </article>
   <article number="29">
      <title>29 straipsnis</title>
      <orderedlist>
         <listitem>
            <para>Kiekvienas žmogus turi pareigas visuomenei, kurioje tik ir gali laisvai ir visiškai vystytis jo asmenybė.</para>
         </listitem>
         <listitem>
            <para>Įgyvendindamas savo teises ir naudodamasis savo laisvėmis, kiekvienas žmogus negali patirti kitokių apribojimų kaip įstatymo numatyti vien tik tam, kad garantuotų kitų žmonių teisių ir laisvių deramą pripažinimą ir gerbimą siekiant patenkinti teisingus moralės, viešosios tvarkos ir visuotinės gerovės reikalavimus demokratinėje visuomenėje.</para>
         </listitem>
         <listitem>
            <para>Šios teisės ir laisvės jokiu būdu negali būti įgyvendinamos, jeigu tai prieštarauja Suvienytųjų Nacijų Organizacijos tikslams ir principams.</para>
         </listitem>
      </orderedlist>
   </article>
   <article number="30">
      <title>30 straipsnis</title>
      <para>Jokia šios Deklaracijos nuostata negali būti aiškinama kaip suteikianti kuriai nors valstybei, grupei ar asmeniui teisę vykdyti kokią nors veiklą ar atlikti veiksmus, skirtus joje išdėstytoms teisėms ir laisvėms panaikinti.</para>
   </article>
</udhr>
