<?xml version="1.0" encoding="UTF-8"?>

<!--© The Office of the High Commisioner for Human Rights-->

<udhr iso639-3="und" xml:lang="und" key="025" n="(Bizisa)"  dir="ltr" iso15924="Latn" xmlns="http://www.unicode.org/udhr">
   <title>SIFGAIF RENRQIANR XIANXYANR</title>
   <preamble>
      <title>ZIXGEX NIER SAR</title>
      <para>Novdiex nier cov nier cenryanrdiex hufniv xief niexxir zunxyanr niex qianrlir pinrdenv buryir cenrrenf, Sifgaif zifyour, zenfyif niex horpinr nier jixcuv,</para>
      <para>Renrqianr wursif niex wuvmier baofxinr yevmanr zif liex, gaif baofxinrdiex novdiex nier lixkoxlof dianfwux liex, novdiex hufniv yanrlunf niex xinfyanv zifyour xief, gev tav, taif tav niexxir Sifgaif enrjier, puvtongx nier novdiex nier yanfwanf gaox xix taif lirlu.</para>
      <para>Novdiex per bur deryiv, tinv er zouvxianv baofzenf niex yafper huanvpanf tav, aivliermor renrqianr huarzif gof baovhuf dor.</para>
      <para>Guirjiaxdiex guanxxif caf huarzanv cufjinf dor,</para>
      <para>Lianrhor Guir guirjiaxdiex nier novdiex Lianrhor Guir Xianfzanx wortuv gixzex renrqianr jixbenv, renrger zunxyanr niex jiafzir, novbar norgarnir davzer niexxir qianrlir bor xief niexxir xinfnianf lirlu, zifyour nafbiex civ workuv nier sefhuif jinfbuf niex senxhor suivpinr caf zif diex xir lirlur,</para>
      <para>Huifyanr guirdiex lirlur: Lianrhor Guir dav sar riv bor, renrqianr niex zifyour jixbenv puvbianf zunxzongf niex zunxxinr dor,</para>
      <para>Gaif qianrlirdiex niex zifyourdiex puvbianf haxrir gaif sifyanf congxhunf sirxianf bor zongfyaof liex zongfyaof,</para>
      <para>Aixliermor muflanx,</para>
      <para>Dafhuif,</para>
      <para>Gaif Sifgaif Renrqianr Xianxyanr huarbuf, novdiex niex guirjiaxdiex hufniv xierqif siv bor sirxianf niexxir biaoxzunv gongftongr riv, hofnief, novdiex niex sefhuif jixgoufdiex jinxdor gaif xianxyanr minrnianf, xierqif siv bor jiaofhuiv niex jiaofyir gof qianrlir niex zifyour tix xix curjinf, guirjiax nier guirjif nier jianfjinf corsix gof, gaif qianrlirdiex niex zifyourdiex liex huifyanrguirdiex nier novdiex, gixzex guanvxiar nier liv garhaf nier novdiex wortuv cenrrenf niex zunxxinr puvbianf niex youvxiaof tir dor.</para>
   </preamble>
   <article number="1">
      <title>Nav</title>
      <para>Novdiex nongv liex hufniv dav zer nier, zunxyanr niex qianrlir garhaf hufniv dav zer nier. Gixzex livxinf niex lianrxinx xief, xiongxdif guanxxif nier jinxsenr gof dav duifdaif dor.</para>
   </article>
   <article number="2">
      <title>Niev</title>
      <para>Novdiex hufniv zixger xief gaif xianxyanr gof hxaf niexxir qianrlirdiex niex zifyourdiex xief, zongvzur, huxser, xinfbier, yivyanr, zongxjiaof, zenfzif sox tovlenv jianfgaiv, guirjir sox sefhuif cursenx, caircanv, cursenx sox tovlenv senxhunf denv qixbierdiex axpix tax dor.</para>
      <para>Nov naof nier guirjiax sox liv nier zenfzifnier, xinrzenfnier sox guirjifnier difweif dav zer tav bor qixbier xief tav dor, liv ta dor: Gaif liv durlirnier, torguanvnier, zifzif tav sox tovlenv zuvqianr xianfzif niexxir qinrkuanf partir gaoflar.</para>
  </article>
   <article number="3">
      <title>Sov</title>
      <para>Novdiex hufniv senxminf, zifyour niex renrsenx nganxqianr xief niexxir qianrlir xief.</para>
   </article>
   <article number="4">
      <title>Rev</title>
      <para>Novdiex nurdif zif tav dor, nov gof nuryif tav dor; qiev xinrsif nier nurdif zifduf niex nurdif maivmaif hufniv riv tav dor.</para>
   </article>
   <article number="5">
      <title>Ongv</title>
      <para>Novdiex bor kufxinr riv tav dor, daifyif sox xinrhuar canrrenv, renrdaof tav sox wuvruvxinf riv tav dor.</para>
   </article>
   <article number="6">
      <title>Wor</title>
      <para>Novdiex keifdux hufniv huarlir zixgex nier renrqianr cenrrenf niexxir qianrlir xief.</para>
   </article>
   <article number="7">
      <title>Nier</title>
      <para>Huarlir zixgex novdiex hufniv dav zer, huarlir gof pinrdenv baovhuf niexxir qianrlir xief, qirsif tav dor. Novdiex hufniv pinrdenv baovhuf xianvsouf niexxir qianrlir xief, hofnief, gaif xianxyanr weirhuanv niexxir qirsif xinrweirdiex niex gaif qirsifdiex sanxdongf niexxir xinrweir gof weirhaif tav.</para>
   </article>
   <article number="8">
      <title>Yer</title>
      <para>Xianfhuar sox huarlir gof liex niexxir jixbenv qianrlir qinxhaif zaoxsouf bor, novdiex guirjiax huartinr horger gaif qinxhaif xinrweir bor xiaofgov xief niexxir buvjiuf riv niexxir qianrlir xief.</para>
   </article>
   <article number="9">
      <title>Ger</title>
      <para>Novdiex renfyif daifbuv, jixjinf sox huanfzur tav dor.</para>
   </article>
   <article number="10">
      <title>Hif</title>
      <para>Novdiex hufniv dav zer bor youf durlir youf pianxyiv taif nier huartinr naf daf gof gongxzenf gongxkaix senvxinf niexxir qianrlir xief, hofnief, goxniex qianrlif niex yifwuf qiordinf daivxir, gof bor zuf niexxir xinrsif zivkongfdiex panfdinf daivxir.</para>
   </article>
   <article number="11">
      <title>Nav hif Nav</title>
      <orderedlist>
         <listitem tag="(Nav)">
            <para>Xinrsif kongfgaof xief maxdiex, bianfhuf garhaf div niexxir gongxkaix senvpanf tir, huarlir yixzaof bor zuif xief xix zenfsir daf, zuif taif dav zer bor bav niexxir qianrlir xief.</para>
         </listitem>
         <listitem tag="(Niev)">
            <para>Novdiex nier xinrweirdiex sox bur xinrweirdiex, gixzex zuf bor guirjiax huar sox guirjif huar gof hufniv xinrsif zuif zif daf, xinrsif zuif xief xix panf tav dor. Xinrhuar gof zuif huanf zuf siv nier huarlir guixdinf duv nier tav dor.</para>
         </listitem>
      </orderedlist>
   </article>
   <article number="12">
      <title>Nav hif niev</title>
      <para>Novdiex guanfdor nier niexkax, cov, ongr nier cov nier tongxxinf renfyif ganxser tav dor, goxniex rongryif niex minryif gongxjir tav dor. Novdiex huarlir gof baovhuf, gaif ganxser sox gongxjir zaoxsouf tav niexxir qianrlir xief.</para>
   </article>
   <article number="13">
      <title>Nav hif sov</title>
      <orderedlist>
         <listitem tag="(Nav)">
            <para>Novdiex guirjiaxdiex wortuv zifyour qianxxir niex ongr nier qianrlif xief.</para>
         </listitem>
         <listitem tag="(Niev)">
            <para>Novdiex renfhor guirjiax zuf niexxir qianrlif xief, gixzex wortuv guanfdor nier guirjiax xief, goxniex guirjiax bor songxkox niexxir qianrlif xief.</para>
         </listitem>
      </orderedlist>
   </article>
   <article number="14">
      <title>Nav hif rev</title>
      <orderedlist>
         <listitem tag="(Nav)">
            <para>Novdiex wortav nier guirjiax bifhuf div nier xief niexxir qianrlif xief, hofnief, gixzex perhaif bifmianv daivxir.</para>
         </listitem>
         <listitem tag="(Niev)">
            <para>Zenfzifxinf taif niexxir zuifxinr sox Lianrhor Guir nier zongxziv niex yanrzer weirbeif niexxir xinrweir liex qivsuf bor, gaif qianrlif siv tav dor.</para>
         </listitem>
      </orderedlist>
   </article>
   <article number="15">
      <title>Nav hif ongv</title>
      <orderedlist>
         <listitem tag="(Nav)">
            <para>Novdiex guirjir xief niexxir qianrlif xief.</para>
         </listitem>
         <listitem tag="(Niev)">
            <para>Novdiex nier guirjir renfyif bordor tav dor, guanfdor nier guirjir gaivbianf niexxir qianrlif houvrenf tav dor.</para>
         </listitem>
      </orderedlist>
   </article>
   <article number="16">
      <title>Nav hif wor</title>
      <orderedlist>
         <listitem tag="(Nav)">
            <para>Novbardiex norgarnirdiex, zongvzur, guirjir sox zongxjiaof nier renfhor xianfzif xief tav dor, hunxjiaf niex cov zif niexxir qianrlif xief. Gixzex hunxyinx garhaf, hunx jier zuf niex hunxyor gaivcur zuf, qianrlif dav zer dor.</para>
         </listitem>
         <listitem tag="(Niev)">
            <para>Novbar naof niex norgarnir naof zifyouf niex hufniv tongryif liex, hunx jier daivxir.</para>
         </listitem>
         <listitem tag="(Sov)">
            <para>Cov sefhuif danxyanr tianfranr niex jixbenv, sefhuif niex guirjiax gof baovhuf dor.</para>
         </listitem>
      </orderedlist>
   </article>
   <article number="17">
      <title>Nav hif nier</title>
      <orderedlist>
         <listitem tag="(Nav)">
            <para>Noxdiex guanfdor nier caircanv xief niexxir qianrlif xief, tovlenv nier novdiex dav xief niexxir qianrlif xief.</para>
         </listitem>
         <listitem tag="(Niev)">
            <para>Novdiex nier caircanv renfyif bordor tav dor.</para>
         </listitem>
      </orderedlist>
   </article>
   <article number="18">
      <title>Nav hif yer</title>
      <para>Novdiex diefciv, lianrxinx niex zongxjiaof zifyour nier qianrlif xief; gaif qianrlif goxniex zongxjiaof sox xinfyanv gaivbianf niexxir zifyour xief, guanfdor sox davhar, gongxkaix sox mirmir jiaofyif, sirjianf, livbaif niex gaiflir gof goxniex zongxjiaof sox xinfyanv biaovsif niexxir zifyour xief.</para>
   </article>
   <article number="19">
      <title>Nav hif ger</title>
      <para>Novdiex zuvzanx niex yifjianf huarbiaov niexxir zifyour xief; gaif qianrlif zuvzanx xief bor ganxser tav nier zifyour xief, renfhor meirgaif gof, guirgaif sivrev tav, xiaoxxir niex diefciv div, tir niex liex niexxir zifyour xief.</para>
   </article>
   <article number="20">
      <title>Niev hif</title>
      <orderedlist>
         <listitem tag="(Nav)">
            <para>Novdiex horpinr dav yir niex sef jier niexxir zifyour xief niexxir qianrlif xief.</para>
         </listitem>
         <listitem tag="(Niev)">
            <para>Renfhor nov beifper tuanrtiv naf daf bor qixlier tav dor.</para>
         </listitem>
     </orderedlist>
   </article>
   <article number="21">
      <title>Niev hif nav</title>
      <orderedlist>
         <listitem tag="(Nav)">
            <para>Novdiex zirjier sox zifyour xianvzer niexxir daifbiaov gof guanfdor nier guirjiax zifliv xix canxyir niexxir qianrlif xief.</para>
         </listitem>
         <listitem tag="(Niev)">
            <para>Novdiex guanfdor nier guirjiax gongxwuf canxjiax niexxir jixhuif dav zer nier qianrlif xief.</para>
         </listitem>
         <listitem tag="(Sov)">
            <para>Novdiex nier yifzif kuaxkar qianrlir nier jixcuv; gaif yifzif dinfqix nier zenxzenf nier xianvjiv gof biaovxianf dor, xianvjiv puvbianf niex pinrdenv nier piaoftour qianr liex, minr jif tav niexxir tourpiaof sox gof dav zer niexxir piaof tour cenrxif gof riv dor.</para>
         </listitem>
      </orderedlist>
   </article>
   <article number="22">
      <title>Niev hif niev</title>
      <para>Nov naof, sefhuif nier cenryanr naof riv bor, sefhuif baovzanf xief niexxir qianrlif xief, guanfdor nier zuxyanr niex renrger zifyour huarzanv bor div niexxir jinxjif, sefhuif niex wenrhuaf garhaf nier qianrlifdiex sirxianf niexxir qianrlif xief, gaifdux guirjiax xierqif zuf niex guirjif dav riv gof sirxianf nier, guirjiaxdiex nier zuvzir niex zixyanr qinrkuanf yixzaof nier.</para>
   </article>
   <article number="23">
      <title>Niev hif sov</title>
      <orderedlist>
         <listitem tag="(Nav)">
            <para>Novdiex jief riv, zifyour jief xianvzer, gongxzenf niex horsir nier jief riv niexxir tiaorjanf xief, jief taif xix bifmianv niexxir baovzanf xief niexxir qianrlif xief.</para>
         </listitem>
         <listitem tag="(Niev)">
            <para>Novdiex jief dav zer cour dav zer niexxir qianrlif xief, renfhor qirsif xief tav dor.</para>
         </listitem>
         <listitem tag="(Sov)">
            <para>Jief riv maxdiex, hufniv gongxzenf niex horsir nier baofcour xief niexxir qianrlif xief, hofnief baovzenf daivxir: Gof guanfdor niex zovnirdiex novdiex nier senxhor tiaorjianf, biryaof zuf tovlenv nier sefhuif baovzanf xief dor.</para>
         </listitem>
         <listitem tag="(Rev)">
            <para>Novdiex hufniv guanfdor nier lifyif weirhuf bor gongxhuif zuvzir, canxjiax neixxir qianrlif xief.</para>
         </listitem>
      </orderedlist>
   </article>
   <article number="24">
      <title>Niev hif rev</title>
      <para>Novdiex hufniv hif niex sar riv tav niexxir qianrlif xief, gixzex wortuv xief: Jief riv zuf horliv xianfzif xief, dinfqix xinx liex bor hif nier qianflif.</para>
   </article>
   <article number="25">
      <title>Niev hif ongr</title>
      <orderedlist>
         <listitem tag="(Nav)">
            <para>Novdiex guanfdor niex zovnirdiex nier jianfkanx niex hurlif weircir bor, gixzex div nier senxhor suivzunv (yer, sivbax, cov, yixliaor niex sefhuif hurriv biryaof xief) xianvsouf niexxir qianrlif xief; Jief taif, dif, canrhuif, novbar sefliex, laovgax zif liex sox tovlenv kongfzif tav tir nier qinrkuanf partir moursenx nenrlir bivlier zuf, baovzanf xianvsouf niexxir qianrlif xief.</para>
         </listitem>
         <listitem tag="(Niev)">
            <para>Arniexdiex boxlirdiex terbier zaofguf niex davxir xianvsouf niexxir qianrlif xief. Boxlirdiex, hunxsenx sox huix hunxsenx, sefhuif baovhuf hufniv dav zer dor.</para>
         </listitem>
      </orderedlist>
   </article>
   <article number="26">
      <title>Niev hif wor</title>
      <orderedlist>
         <listitem tag="(Nav)">
            <para>Novdiex hufniv jiaofyir jiersouf niexxir qianrlif xief, jiaofyir gof tongrqianr div tav dor, puvcir xix taif cuxjir niex jixbenv gaixduanf hofnief riv dor. Cuxjir jiaofyir yifwuf nier sif dor. Jifsur niex ziryer jiaofyir puvbianf serlir dor. Gaoxdenv jiaofyir cenrjir liex novdiex bor pinrdenv tongf pov dor.</para>
         </listitem>
         <listitem tag="(Niev)">
            <para>Jiaofyir nier murdir: Congxhunf nov nier gofxinf huarzanv, renrqianr niex jixbenv zifyour tiv xix jiax qianr dor. Jiaofyir guirjiaxdiex, zongvzurdiex sox zongxjiaof jirtuanrdiex nier liaovgaiv, rongrrenv nier davcaf curjinf dor, Lianrhor Guir horpinr weirhuf niexxir hordongfdiex curjinf dor.</para>
         </listitem>
         <listitem tag="(Sov)">
            <para>Nierbar gixzex nier boxlirdiex jiersouf dor jiaofyir nier zongvluif bor, youxxianx xianvzer nier qianrlif xief.</para>
         </listitem>
      </orderedlist>
   </article>
   <article number="27">
      <title>Niev hif nier</title>
      <orderedlist>
         <listitem tag="(Nav)">
            <para>Novdiex zifyour sefhuif nier wenrhuaf senxhor canxjiax niexxir qianrlif xief, yifsur xianvsouf niexxir qianrlif xief, koxxior jinfbuf niex gof liex zuf niexxir hurlif dav siv niexxir qianrlif xief.</para>
         </listitem>
         <listitem tag="(Niev)">
            <para>Novdiex guanfdor gof riv nier renfhor koxxior, wenrxior sox meivsur zorpinv liex zuf nier jinxsenr niex wurzir nier lifyif bor, baovhuf xianvsouf niexxir qianrlif xief.</para>
         </listitem>
      </orderedlist>
   </article>
   <article number="28">
      <title>Niev hif yer</title>
      <para>Novdiex sefhuif niex guirjif nier zifxif naf daf div niexxir qianrlif xief, gaif zifxif wortuv, gaif xianxyanr gof hxaf nier qianrlif niex zifyour congxhunf sirxianf daivxir.</para>
   </article>
   <article number="29">
      <title>Niev hif ger</title>
      <orderedlist>
         <listitem tag="(Nav)">
            <para>Novdiex sefhuif bor yifwuf xief, sefhuif wortuv guanfdor nier gofxinf zifyour congxhunf huarzanv daivxir.</para>
         </listitem>
         <listitem tag="(Niev)">
            <para>Novdiex guanfdor nier qianrlif niex zifyour siv zuf, huarlir gof qiordinf nier xianfzif jiersouf liex, gaif xianfzif nier weiryir murdir novdiex nier qianrlir niex zifyour xief dor cenrrenf niex zunxzongf baovzenf qiordinf liex, minrzuv nier sefhuif wortuv daofder, gongxgongf zifxif nier puvbianf hurlif siryinf niexxir zenfdanf xixyaof qiordinf.</para>
         </listitem>
         <listitem tag="(Sov)">
            <para>Gaif qianrlifdiex zifyourdiex siv, renfhor qinrxinf partir Lianrhor Guir nier zongxziv niex yanrzer weirbeif tav dor.</para>
         </listitem>
      </orderedlist>
   </article>
   <article number="30">
      <title>Sov hif</title>
      <para>Gaif xianxyanr nier renfhor tiaorwenr, gaivsif renfhor guirjiax, jirtuanr sox nov renfhor gaif xianxyanr gof hxaf nier renfhor qianrlif niex zifyour pofhuaif niexxir hordongf sox xinrweir riv niexxir qianrlif xief zif tav dor.</para>
   </article>
</udhr>
