<?xml version="1.0" encoding="UTF-8"?>

<!--© The Office of the High Commisioner for Human Rights-->

<udhr iso639-3='arn' xml:lang='arn' key='arn' n='Mapudungun' dir='ltr' iso15924='Latn' xmlns="http://www.unicode.org/udhr">
  <title>Kom Mapu Fijke Az Tañi Az Mogeleam</title>
  <preamble>
    <title>Tuwvlzugun</title>
    <para>("Preámbulo" pi ta wigka)</para>
    <para>Kimnieel fij mapu mew tañi kimgen kvme felen kisugvnew felen xvr kvme mvlen. Tvfaci zugu ñi mvleken mvleyem yamvwvn ka xvr kvme nor felen kom pu reñmawke ce mew.</para>
    <para>Gewenonmu yamuwvn, zuamgewenonmu kvme felen, goymagenmu nor felen mvley re jazkvnkawvn: Fey mew mvley xvrvmzugu kom pu ce tañi kvme mogeleam kisuke ñi feyentun mew, kisu ñi rakizuam mew ka ñi wimtun mew ñi mvleal egvn.</para>
    <para>Tañi mvlenoam kaiñetuwvn zugu, awkan zugu tvfeyci wezake vbmen egvn mvley tañi xvrvmuwael tvfeyci wvnenkvleci pu ce zugu mew tañi yamgeam xvr kvme nor felen.</para>
    <para>Ka kimnieel ñi rvf kvme zugugen, wenvykawvn kom pu Xokiñke Ce egvn, nuwkvlelu Kiñe Mapu mew ("Naciones Unidas" pi ta wigka): Tvfa egvn xawvlelu "Naciones Unidas" mew nuwtuaygvn tvfaci "Fvxa Cijka" mew kvme xvr norkvletuam ñi mogen kom pu wenxu ka pu zomo mvlelu ixofij mapu mew feyci, kom xawvci pu ce tañi werkvel ci Pu Xokinke Ce ("Estados Miembros" pi ta wigka) mvlelu fij mapu kom pvle kejuwayiñ taiñ yamfalafiel xvr kvme felen ka nor felen piwigvn.</para>
    <para>Femueci mvlcy ñi kimniegeael kom mapu mew nor kvme felen ka kisugvnew mvlen tvfaci rakizuam kvzaw mew.</para>
    <para>Fey mew Fvxa Xawvn mew ("Asamblea General" pi ta wigka)</para>
    <para>Wixañpvramgey tvfaci Fvxa Cijka Kom Mapu Fijke Az Ce Tañi Az Mogeleam pigelu.</para>
    <para>Rvf kvme zugugelu am fey mew ta mvley tañi kvzawael kom pu ce fij mapu mew, pu fvxake vbmen, kom pu ce wvnenkvlelu cem zugu mew rume, pu wenxu ka pu zomo mvley tañi newenmayafiel ka wenuñpvramafiel tvfaci zugu az mogeleam kom pu mogen ce, fey mew ta yamgeay xvr felen ka nor felen tvfaci mogen mew.</para>
  </preamble>
  <article number="1">
    <title>Kiñe Xoy (1)</title>
    <para>Kom pu mogence kisuzuam mvlekey, kom cegeygvn, logkogeygvn ka piwkegeygvn, nieygvn kimvn fey mew mvley tañi yamniewael ka epuñpvle kejuwael egvn.</para>
  </article>
  <article number="2">
    <title>Epu Xoy (2)</title>
    <para>KIÑE. Kom xipace, fijke mojfvñ ce wixapvraley ñi kvme felen, nor felen tvfaci Fvxa Cijka mew, cumgeay rume ñi zugun, ñi wimtun, cem azgeay rume, cem kimvn rume nieay.</para>
    <para>EPU. Kom pu xokiñ ce, cem az mogengeayrume mvlelu fij mapu, ka femueci xvr nvwkvley tvfaci Fvxa Cijka mew.</para>
  </article>
  <article number="3">
    <title>Kvla Xoy (3)</title>
    <para>Kom ce mvley ñi mogeleael, kisugvnew feleael ka yamniegeael.</para>
  </article>
  <article number="4">
    <title>Meli Xoy (4)</title>
    <para>Iney rume gelay ñi xafkiñtuceael. Gewelayay xafkiñtucen ran mew kuyfi reke.</para>
  </article>
  <article number="5">
    <title>Kecu Xoy (5)</title>
    <para>Cem ce rume wezakamekegelayay, kupafkamekegelayay.</para>
  </article>
  <article number="6">
    <title>Kayu Xoy (6)</title>
    <para>Kom ce fij mapu mew mvley ñi kimgeael, wirintukulelu am ñi vy wigka zugu mew ("Personalidad Jurídica" pi ta wigka).</para>
  </article>
  <article number="7">
    <title>Reqle Xoy (7)</title>
    <para>Kom femgey ce wigka ñi wirikon zugu mew ("Ley" pi ta wigka) fey mew kom pu ce pepi nvway tvfaci zugu mew. Yamgerumenole cuci sugu rume wirintukulelu tvfaci "Fvxa Cijka" mew.</para>
  </article>
  <article number="8">
    <title>Pura Xoy (8)</title>
    <para>Pu wigka mew mvley kiñe ruka cew ñi norvmgekemum ixofij wezake zugu; fey mew pepi nvway kom pu ce tañi igkañmageam, yamvñmagenole tvfeyci nor zugu wirintukulelu fvta cijka mew "Constitución" pigelu, nielu kom pu xokiñke ce fij mapu.</para>
  </article>
  <article number="9">
    <title>Ayja Xoy (9)</title>
    <para>Gelay iney rume ñi koraltukugeael ka wemvnentugeael ka wemvnentugeael tañi mapu mew wezakamekenole.</para>
  </article>
  <article number="10">
    <title>Mari Xoy (10)</title>
    <para>Tvfeyci wigka norvmzuguwe ruka mew, kom pu ce mvley ajkvtuñmageael ñi zugu, tañi kimgeam ñi weza femvn kam femnon ka tañi kimgeam cumueci ñi feletuael ragi kakelu pu ce.</para>
  </article>
  <article number="11">
    <title>Mari Kiñe Xoy (11)</title>
    <orderedlist>
      <listitem>
	<para>KIÑE. Cem ce rume kimvñmagenole ñi weza femvn gelay cumuelu tañi zajuñmageael ka mvley ñi eluñmageael tañi igkawam.</para>
      </listitem>
      <listitem>
	<para>EPU. Kuyfi iney rume weza femfule, feyci mew zajufalnofule tvfeyci zugu gelay cumuelu ñi zajuñmageael fewla. Ka gelay cumuelu ñi zoy fvxa zajuñmageael feypilenole fewla tvfeyci nor zugu mew wirintukulelu Fvxa Cijka mew.</para>
      </listitem>
    </orderedlist>
  </article>
  <article number="12">
    <title>Mari Epu Xoy (12)</title>
    <para>Wigka ñi wirikon zugu mew ("Ley" pi ta wigka) nvwkvley kom pu ce ka fey mew mvley ñi igkañmageael egvn kake ce zugukonle ñi mogen mew, kam ka ce pekanka lef konle ñi ruka mew, kom tañi felen mew ka wezaka zuguyekañmagele.</para>
  </article>
  <article number="13">
    <title>Mari Kvla Xoy (13)</title>
    <orderedlist>
      <listitem>
	<para>KIÑE. Kom pu ce mvley ñi kisugvnew miyawael xokiñke ce ("Estados" pi ta wigka) ñi mapu mew.</para>
      </listitem>
      <listitem>
	<para>EPU. Kom pu ce pepi xipayay cem xokiñke ce ("Estado" pi ta wigka) mew rume ka kisu ñi mvlemum, welu ka pepi wiñotuay.</para>
      </listitem>
    </orderedlist>
  </article>
  <article number="14">
    <title>Mari Meli Xoy (14)</title>
    <orderedlist>
      <listitem>
	<para>KIÑE. Cem zugu mew rume inayawgele cem ce rume, tvfa mvley ñi gvnaytuniegeael ("asilar" pi ta wigka) cem xokiñ ce mew rume.</para>
      </listitem>
      <listitem>
	<para>EPU. Welu tvfeyci gvnaytucen kvmelayay, rvf weza femle tvfaci ce, inayawlel (lagvmle, weñele) ka yamnofile tvfaci "Naciones Unidas" ñi wixañpvramnieel ci zugu.</para>
      </listitem>
    </orderedlist>
  </article>
  <article number="15">
    <title>Mari Kecu Xoy (15)</title>
    <orderedlist>
      <listitem>
	<para>KIÑE. Kom pu ce pepi nvwkvleay cem az mogen ("nacionalidad" pi ta wigka) mew rume.</para>
      </listitem>
      <listitem>
	<para>EPU. Iney rume mvntuñmagelayay ñi az mogen ("nacionalidad") ka pepi nvway ka konaygvn kake az mogen mew kvpa femle egvn.</para>
      </listitem>
    </orderedlist>
  </article>
  <article number="16">
    <title>Mari Kayu Xoy (16)</title>
    <orderedlist>
      <listitem>
	<para>KIÑE. Kom pu zomo ka pu wenxu pepi kureyeway kvpa kvreyewle cem xipacegeaygu rume, kekewme az mogen nieaygu rume. Kvpa niele kisu ñi pu fvren egu femaygu mvten. Ka femueci kvme feleaygu: iney rume cumekelayaygu egu kurewenkvlen kam wvzatule egu rume.</para>
      </listitem>
      <listitem>
	<para>EPU. Tvfaci epu ce re kisuzuam pile egu mvten fey wvla pepi kureyewaygu.</para>
      </listitem>
      <listitem>
	<para>KVLA. Kom pu fijke ce reñmawengenofule gelayafuy ce kom mapu, fey mew ta pu xokiñ ce ("Estado" pi ta wigka) ka kom pu ce mvley tañi gvnaytunieael fijke fvrenwen ka reñmawen.</para>
      </listitem>
    </orderedlist>
  </article>
  <article number="17">
    <title>Mari Reqle Xoy (17)</title>
    <orderedlist>
      <listitem>
	<para>KIÑE. Kom pu ce mvley kisu ñi gengeael, ka xokiñke ce ñi gengeael cemu rume.</para>
      </listitem>
      <listitem>
	<para>EPU. Iney rume pekanka mvntuñmagelayay ñi nieel (cemgeay rume).</para>
      </listitem>
    </orderedlist>
  </article>
  <article number="18">
    <title>Mari Pura Xoy (18)</title>
    <para>Cem rakizuam rume cem feyentun rume nieay fij pu ce gelayay cumuelu ñi mvntuñmageael ka takuñmageael. Kisuzuam kvpa konle kake feyentun mew femay mvten, kvpa kimelle ñi rakizuam ka feyentun ka pepi kimelafi.</para>
  </article>
  <article number="19">
    <title>Mari Ayja Xoy (19)</title>
    <para>Kom pu ce pepi entuay ñi rakizuam ka zugu, ka pepi kimellafi kompvle cumueci rume (radiomu, telemu, wirinmu) ka pepi kintuay, ramtuay ka joway zugu tañi kvzawkvlenmu. Ka femueci tvfaci zugu pepi kimellafi cew rume.</para>
  </article>
  <article number="20">
    <title>Epu Mari Xoy (20)</title>
    <orderedlist>
      <listitem>
	<para>KIÑE. Kom pu ce kisu ñi gvnewmu pepi xawvay cem piei xokiñ ce egvn rume.</para>
      </listitem>
      <listitem>
	<para>EPU. Welu cem ce rume pinole ñi konaeal cem xokiñ ce ñi kvzaw mew rume, gelay cumuelu ñi gagegeael.</para>
      </listitem>
    </orderedlist>
  </article>
  <article number="21">
    <title>Epu Mari Kiñe Xoy (21)</title>
    <orderedlist>
      <listitem>
	<para>KIÑE. Cem ce rume pepi konay logkolealu tvfeyci xokiñ ce mew nvwkvlelu Kiñe Mapu mew ("País" pi ta wigka) kam werkvaygvn kiñe ce kisu egvn tañi zujiel.</para>
      </listitem>
      <listitem>
	<para>EPU. Kom pu ce xvr pepi konay tañi kiñe Mapu Xokiñ ce mew ñi cem kvzaw mew rume.</para>
      </listitem>
      <listitem>
	<para>KVLA. Tvfey ci Kiñe Mapu Xokiñ ce mew logkolelu: Logkogey kom pu ce mvlelu fey ci xokiñmu tañi zuam. Tvfa ci pu ce mvxvmmuway tañi zujiam ñi logko egvn, kom xvr pepi feypiaygvn iney tañi zuamniefiel tañi logkogeal.</para>
      </listitem>
    </orderedlist>
  </article>
  <article number="22">
    <title>Epu Mari Epu Xoy (22)</title>
    <para>Tvfey ci logkolelu Kiñe Mapu Xokiñ Ce mew mvley wvlael ixofij keju tañi kvme feleam ka kvme mogeleam kom pu ce mvlelu tvfey ci Xokiñ mew. Tvfaci logko kvme pepi kejunole ñi pu ce mvley tañi kejuaetew kake Mapu Xokiñ Ce.</para>
  </article>
  <article number="23">
    <title>Epu Mari Kvla Xoy (23)</title>
    <orderedlist>
      <listitem>
	<para>KIÑE. Kom pu ce mvley ñi nieael kvzaw, mvley kisu zujiael ñi kvzaw femueci ta xvr feleay ta pu ce. Cem ce rumje penoloe kvzaw mvley tañi gvnaytunieaetew wvnenkvleci pu ce ixofij zugu mew, tañi Kiñe Mapu Xokiñ Ce mew.</para>
      </listitem>
      <listitem>
	<para>EPU. Kom pu ce cumgeay rume mvley ñi kom xvr kujigeael tañi kvzaw mew egvn.</para>
      </listitem>
      <listitem>
	<para>KVLA. Kom Kvzawci pu ce mvley ñi kvme kujiniegeael; tañi kvme mogeleam ka kvme mogelneam ñi pu fvren. Puwjenole tvfaci mogeam, mvley ñi kejugeael tañi Kiñe Mapu Xokiñ Ce mew.</para>
      </listitem>
      <listitem>
	<para>MELI. Tvfeyci pu kvzawfe rvf kvme felenole, yamvñmagenole ñi zugu egvn pepi xawvluwaygvn tañi kinewvn igkawam egvn.</para>
      </listitem>
    </orderedlist>
  </article>
  <article number="24">
    <title>Epu Mari Meli Xoy (24)</title>
    <para>Kom Kvzawfe pu ce mvley ñi vrkvtuael ñi kvzaw mew, ka tañi zoy kvzawnoam, yamvñmageael ñi orario ka tañi kiñe mufv antv vrkvtuael fij xipantu.</para>
  </article>
  <article number="25">
    <title>Epu Mari Kecu Xoy (25)</title>
    <orderedlist>
      <listitem>
	<para>KIÑE. Kom pu ce mvley ñi kvme mogen nieael; kuxanle egvn tañi peael lawen, tañi kvme iyael egvn, kvme tukuluwvn ñi peael, kvme ruka mew ñi mvleael, tañi peael lawentufe ce egvn. Tvfa rume falile tañi keju kujigeael. Ka femueci pepi kvzawnole mvley ñi kejuaetew ka gvnaytuaetew pu wvnenkvleci pu ce ixofij zugu mew tañi Kiñe Mapu Xokiñ mew.</para>
      </listitem>
      <listitem>
	<para>EPU. Pvñeñci pu zomo ka mvle-mvlegeci pu picike ce mvley ñi peaetew ka kejuaetew kvmeke lawentucefe ka femueci kom pu picike ce mvley ñi gvnaytuniegeael kom pu Xokiñ Ce mew.</para>
      </listitem>
    </orderedlist>
  </article>
  <article number="26">
    <title>Epu Mari Kayu Xoy (26)</title>
    <orderedlist>
      <listitem>
	<para>KIÑE. Kom pu ce pepi kimay fij cijkatun, cem ce rume kujilayay tañi kimam. Welu kom pu ce mvley tañi rvf kimelgeael fij zugu wvneluw cijkatukeel tañi kim cegeam. Cem ce rume zoy kvpa cijkatule tañi zoy kimam femay mvten ka kom pu ce cumgeay rume, pepi konay cem cijkatun mew rume, tañi ayvnieel ñi inayael.</para>
      </listitem>
      <listitem>
	<para>EPU. Kom tvfaci cijkatun ka kimeltun mvley ñi kejuael kvme cegeam, kim cegeam, nor vegeam, mvley ñi newenmayafiel ta nor felen ka kisugvnew felen tvfaci mogen mew. Mvley tañi kejuael welukon yamniewael mew ka wenvykawael kom pu ce ka fijke Xokiñke Pu Ce, cem az mogen rume nieaygvn. Kom tvfaci kimeltun mvley ñi kejukvzawmayafiel ka wixañpvramafiel fij kvmeke zugu "Naciones Unidas" mew.</para>
      </listitem>
      <listitem>
	<para>KVLA. Kom pu kurewen mvley kisu egu ñi piael cem kimvn ka cijkatun nieael tañi pu pvñeñ.</para>
      </listitem>
    </orderedlist>
  </article>
  <article number="27">
    <title>Epu Mari Reqle Xoy (27)</title>
    <orderedlist>
      <listitem>
	<para>KIÑE. Kom pu ce mvley ñi kisuzuam nvwael cem wimtun mew rume mvlele tañi Xokiñ Ce mew, ka tañi kintuael, inakonael, ka nvael cem fvtake kimvn rume mvlele.</para>
      </listitem>
      <listitem>
	<para>EPU. Cem ce rume mvley tañi gvnaytukunieñmageae ka kuñiwtukunieñmageael tañi gvbam ka tañi kimvn niele ka femueci mvley ñi niegeael tvfaci zugu cuci ce rume kuwv mew entule cem kvzaw rume.</para>
      </listitem>
    </orderedlist>
  </article>
  <article number="28">
    <title>Epu Mari Pura Xoy (28)</title>
    <para>Fijke Kiñe Mapu Xokiñ Ce mew mvley ñi kvme nor elgeael zugu, femueci ta kom pu ce mvlelu fij mapu yamvñmageay ñi nor az felen.</para>
  </article>
  <article number="29">
    <title>Epu Mari Ayja Xoy (29)</title>
    <orderedlist>
      <listitem>
	<para>KIÑE. Kom pu ce mvley tañi rvf nieael kvme zugu, kvme rakizuam ka tañi nor cegeael tañi ragi pu Xokiñ Ce mew, fey mew am xemkvlelu ce reke ka amulnielu cem kvzaw rume.</para>
      </listitem>
      <listitem>
	<para>EPU. Tañi nor felenmu ka kisugvnew felenmu kom pu ce nvwkvleay wigka ñi wirikon zugu mew ("Ley" pi ta wigka) mvten, fey mew ta kakelu pu ce yamvñmageay ñi kvme feleael, kisugvnew felen, ñi nor feleael ka tañi mvleam xvr ka nor mogen kom pu Xokiñke Ce mew.</para>
      </listitem>
      <listitem>
	<para>KVLA. Kom tvfaci nor zugu cumkaw rume gelay ñi nvgeael weluka ka pekagka amulgeale. "Naciones Unidas" ta pekagka amulael mogen, wixañpvrammekelay tvfaci "Fvxa Cijka".</para>
      </listitem>
    </orderedlist>
  </article>
  <article number="30">
    <title>Kvla Mari Xoy (30)</title>
    <para>Tvfaci "Fvxa Cijka", cew tañi kimelgen cumueci ñi mvleael mogen fij mapu, gelay cem xokiñ ce rume ñi nvafiel tañi goymalafiel ka tañi kvzawmayafiel tañi ñamvmnaqvmgeam cuci zugu rume pegelgeael tvfaci "Fvxa Cijka" mew.</para>
  </article>
</udhr>
