<?xml version="1.0" encoding="UTF-8"?>

<!--© The Office of the High Commisioner for Human Rights-->

<udhr iso639-3="ese" xml:lang="ese" key="ese" n="Ese Ejja"  dir='ltr' iso15924='Latn' xmlns="http://www.unicode.org/udhr">
   <article number="1">
      <title>Artículo 1</title>
      <para>Ojjaña esejja ojjaña oyaja yojjaya cuayani quiapame oyajayojjaya quiapame ojjaña eseya quiapame quia tai jjashauabataiquiani ecueya epejji jayo jjaya ojjaña jajji ojjañajaassi eseyajayojja.</para>
   </article>
   <article number="2">
      <title>Artículo 2</title>
      <para>Jjanahuequiani eseya quiapame ebaejji oyajayojjaya esyajeme eponacuanaya yojjaya eeme cuijjicuana jayojjayapia ai jeme ojjaña cuijji quiaquepepia ai quia ahuo pia ai eyaejja jea ojjequijo jjashahuabaquinai quiapame joposo achejajji acuaemi pueyani so, o achemeshijo ba, eso.o</para>
      <para>Achajja mimime acuemi esejja so, o miya niniaani eseejja e sohuijoya piajajjipia mimime eseyajayojja pojjeama eseyabejjo jjiya jjemo seya escuela cuana same esesohuihuuohuijji iyaame.</para>
  </article>
   <article number="3">
      <title>Artículo 3</title>
      <para>Eseja najeateejobaeani teedojjojeseya cuahuamajjebaeni esejameshijo esecuayajjimeshio quiapane baeni ayapishanajea cuayacayiome.</para>
   </article>
   <article number="4">
      <title>Artículo 4</title>
      <para>A,a eseejja quiajji ijiacajjijjemo aje ca ohuequia cajjicuichi jjemo ajecao’e quia cajji cachinacuana jjenoquiacajji jjojicuanajjemo ajecaquia cajji ca esejja.</para>
   </article>
   <article number="5">
      <title>Artículo 5</title>
      <para>A, a pía cuuisa nahuejja.</para>
   </article>
   <article number="6">
      <title>Artículo 6</title>
      <para>Oyajayojjaya esecuayajjiepo cuana chamajo eseyaquianahue presedente cuanaja o ya niya carded tehuemeemajje miya presedente tehuemecue eseya acajeyio micuaya tehuemrhuecue quiapame ebaejji.</para>
   </article>
   <article number="7">
      <title>Artículo 7</title>
      <para>Oyajayojjaya casecoma esecuayajjima tehuejjimajo esedijjemimijjiseja botlana mimijjijoya.</para>
   </article>
   <article number="8">
      <title>Artículo 8</title>
      <para>Esejaya sipohjji botiama yajjajo sipojjijojo jamajoya eyaya dejjama se huohui sa aña ecuiameessi.</para>
   </article>
   <article number="9">
      <title>Artículo 9</title>
      <para>A5a o,e jadobajjamadeijia cuajiajji mique meshijobae a,a o,e mimsjajijji miya o,e quia pane baecue mique meshijo.</para>
   </article>
   <article number="10">
      <title>Artículo 10</title>
      <para>Ojjaaña nahuecue esejja cuana ojjaña dejjaojjaña dejja jjaadichichaquinaje nahue jji nahuecue ejjayia ojjequiya.</para>
   </article>
   <article number="11">
      <title>Artículo 11</title>
      <para>Sipojji pia jahuanacani ehuodeejjiyaebacapuani jojo eya ejahuanajji puani ojjaña pojjajo sipojjijo. Miya mique guanase cuiamajje ecuaya miyaya guogui ajjaje ecuaya mi mique mique ecueya miya ebajjipojjiama.</para>
   </article>
   <article number="12">
      <title>Artículo 12</title>
      <para>A,a piaja equiya sijje poquijji equimese guoguiajja jjinajo miyayia caje eqquineseya a,a piaja papeni napajji pia ai oya tecuetecueje.</para>
   </article>
   <article number="13">
      <title>Artículo 13</title>
      <para>Miya achacuashai poquije pojja quiahuesha pojja a,a pia neshiya sijje pojja a,a.</para>
   </article>
   <article number="14">
      <title>Articulo 14</title>
      <para>A,a piaja ebaguapionajopojji joya ebacua piona quianahuejo a,ahuohuijjaajji ebacua piona nahuejo A,apiaja ebacuapiona sijji miya saaja yiomajje quecua cajeyio bayiomajje oya jjeshecajeyio.</para>
   </article>
   <article number="15">
      <title>Artículo 15</title>
      <para>Ojjoña se jja shahuabaquiani jiquio esecuayanaje meshijo achemeshijo cuayase baajja jama jojoya ohue jjashahuabaqui. Cue Eseyajje jio ojjequisapomajje jjajia ojje quicuenomaya ohue.</para>
   </article>
   <article number="16">
      <title>Artículo 16</title>
      <para>Cuiijji y,epona .jja huia quicajji tiimajje jjahuia quicajji, apoa jjahuana quicajji tiimajje jjahuanaquicajji ecuuehuana sejo eyabecahio. Eseja huanase. Aje esya jjayojja jja sha huabaquime poani. Tiimajjeya, jjahuanaquicajji eshoica chojja. Ecuana ese_ejja jjahuanaquiani tiimajje de 20 shequiajeme pomajje jja ba cuane quiani ecuaa a piacuiijji yacojjocajo epona jjiañacuiamajje. Eponaja quiajiajo macuiijjijo yacajjahuiaquicajji esejacomunidad jo siba hiani ojjaña esejabacuaejjanei enaese.ya sohuihuo huicani oja chiicuaaso huihuocanipiaai.</para>
   </article>
   <article number="17">
      <title>Artículo 17</title>
      <para>Ojjaña aquiana ca esejayanomoya jiquio eseja jjeshe piaja pujjiama ojjaña cuijjiyaca aquiana ojajjeshe ojayanomapoani. A,Aca_aquina nahuejji joya ojajjeshe.</para>
   </article>
   <article number="18">
      <title>Artículo 18</title>
      <para>Ojjañase jjashahuaba quiani oyajayojja. Be ca quiamase beca quiakene. Jjashahuaquijejiyoiña piajjashuaba ki hiomepoaje.</para>
   </article>
   <article number="19">
      <title>Artículo 19</title>
      <para>Ojaña sejjasha huabaquiani ejja jjia ojjequijo ehuohuijji jiquio piameshijo baecacuana quiamasejo oyajayojja yacase cornaca quiatai emimijji miyaca piacomunidad joba ebaesapomajje cabaehio cueya mi quejjashahuabaquijo etiipojji huohuimajje emeshimese eseja huanasenijjeca shacuijji.</para>
   </article>
   <article number="20">
      <title>Artículo 20</title>
      <para>Ojjañasejja chicha quiani reuniojo e'anijji A'A reunionjo aia molesta ajji jjasha jja ajjaquia jjapoaaje reunionjo anicaohue A'Amimimimijji shajja ajjacue ohuei, A Ajo ya cajaapoaje cuanayejji i, q u i o reunionjo anijeAAnahuejji.</para>
   </article>
   <article number="21">
      <title>Artículo 21</title>
      <orderedlist>
         <listitem>
            <para>Ojjaña se jja shahuabaquianica reunionjo eanijji etiipina,i. Joya reunionjo yasijje poquisapoani capoquicajji. A acuanajoya cajaapoaje yejji.</para>
         </listitem>
         <listitem>
            <para>Ojjaña jaa huana jjipoani ejjachichaqui comunidad jobae.</para>
         </listitem>
         <listitem>
            <para>Chamapoani jamajoyaca hishiacue chamapoajo ese ejja jamajjeyachamapoa escuelacuana ena cuana ettipojjichamajo ojjaña jjashahuabaquiani esejame shijo eseja etticuanajo.</para>
         </listitem>
      </orderedlist>
   </article>
   <article number="22">
      <title>Artículo 22</title>
      <para>Esejabana cuana A'A nahuejji, eseja bacuajahijiajji aquiana jjeshe quiani epona cuana oja aquianajo jiquio esejame shijo baeca ayuda acajji ojaya e'i jjia jjijo epona oyajayojja pomajje cuijjijayojja epona chacochaho ajjacabeca.</para>
   </article>
   <article number="23">
      <title>Artículo 23</title>
      <para>Chacochoco majamajamajje ojjañase jjashauaba quiani echacochacojji joya shocomejjepo ajjani capoquicajji quiahuesha chacoa oyaca poquiahua ohue oyaja yojjaya aya.</para>
      <para>Jiquio chacochaco majje esejabacuapiona cuana bejjo jjesheña esebaejiijo epona oyajayojja poaje enahuejji. Oyajayojjaya ojjaña cuana nahuejji.</para>
   </article>
   <article number="24">
      <title>Artículo 24</title>
      <para>A'acha cochaco neineijji quiamanomi poaje mecahuajje echacojjl, eshequibiaco jjajjanei dsequijopuecayiojji.</para>
   </article>
   <article number="25">
      <title>Artículo 25</title>
      <para>Jjahuanaquicue quiaboejia baecuemano jjimaepojji yeejjimaebaejji equi iyacue boeama ebaejji kejajacue shueamaebaejji.</para>
      <para>Eyeyajo ebacuado jocue dostoryasijje ojaya eshicuíjjie quiajji. Ebacua joyapiajajia oyajayojjaya chijji jayojjaya ajia jia poso seya aña eshoi.</para>
   </article>
   <article number="26">
      <title>Artículo 26</title>
      <para>Eshoi quiana sosema sohuihuohui cani profesor ya sabe epojji eleeejji esumajji etehuetehuejjipia'ai eshoi caquiacamajaya ecojji esahuihuejji profesor quiamayapoani echi imesecuana ojabacuajo eshoi escuelapojo ettipoajoca-camajaamapoa je hio esejachi yahueejiacajji escuela huasijje sabe.epojji.</para>
      <para>Ojjaña nahuejji ojjasahuihuahui jji, etiicuana erepesta ajji ojjañanijje ejjapeequijji esenijje ese-ejja cuananijje ojjañanijje dejjacuananijje.</para>
      <para>Essejabaca eyaya jianabia cajjipiaa pojjiama esejalla shahuabaquijjija ache escuelasijje yajianobiaje miyasabe eciimese enaese cuana.</para>
   </article>
   <article number="27">
      <title>Artículo 27</title>
      <para>Artista poanaje sabespomajje sabepomajje cantasepoani esyasabepomajje setehuetehuecajji Esejatehue A'a piatehuemeehiojji sosejji ohuetehuemecue esejayajjasha huabaquiaja majje quisapa ja'a poani.</para>
   </article>
   <article number="28">
      <title>Artículo 28</title>
      <para>Siipojjicuana etiipojjiepua sohuihuohuicajji esejacomunidad jobaecuana ejjashahuabaquijji etiicuaaiyaacajje poquicue jama acajjebaa cuamapoquicue jjasha ajja quicue.</para>
   </article>
   <article number="29">
      <title>Artículo 29</title>
      <para>Jaahuanacue comunidad cuana A'Aquiasjehuebaejji eshoi cuana jaahuanacuequiabojia o a cue mi quebacua manojjimaepojji.</para>
      <para>Quiapame jjabojiquicue A'Amimijajijji peiotajo A'A jjaquishiquijji miya eseejja quishajo sosecaje 20 sose huisome jjabeca' equibamecue ohue joyamiyadejja quishijemi yayasocequiaje etiipojjijaesohuijo epoa. Eseya chacochaco sapoajjaa caoeA'A chacochacojji esejabacuacuana'bobiajji shahuabaquijjijo caseca chacochacoani de,jamajja shahuabaquime yaoepocue.</para>
   </article>
   <article number="30">
      <title>Artículo 30</title>
      <para>Oyajayojjaya ejja'a quihio chamahiose ya'ahia bajeyio'hiajjaseyade oyajayojja yaseya'ahia chama hiojjadeba jeojeohionaje seyade.</para>
   </article>
</udhr>
