<?xml version="1.0" encoding="UTF-8"?>

<!--© The Office of the High Commisioner for Human Rights-->

<udhr iso639-3='qvm' xml:lang='qvm' key='qvm' n='Quechua, Margos-Yarowilca-Lauricocha' dir='ltr' iso15924='Latn' xmlns="http://www.unicode.org/udhr">
  <title>INTËRU MUNDUCHO LAPAN RUNAKUNAPA DERËCHUNKUNANTA WILAKUSHQAN</title>
  <preamble>
    <title>KAYNOQ NIRMI QALAYKUN</title>
    <para>Munashqantsita ruranantsipaq, runakuna ali jusgashqa kananpaq, y ali kawanantsipaqpis kay patsacho, tantyashwan imanoq lapantsikunapis bälishqantsita. Tsaynoqpa tantyashwan imanoq lapan runa mayintsikuna derëchun nishqankunata tsararaykashqanta. Manami pipis kay derëchun nishqankunata kachanmantsu.</para>
    <para>Wakinkuna kay derëchun nishqankunata despresyar mana reqipäkushpan pasaypa mana ali kaqkunata rurapäkun. Rurapäkuptin interu munducho lapan runakuna shonqun rurincho rabyakärin. Tsawraqa lapanpita mas munashqannoq wilakärin mas alina kawapäkunanpaq kaynoq nir: "Lapan runakuna mana mantsakuypa kawanmanna y pishiychöpis manami kanmannatsu. Tsaynoqpis lapan runakuna ima yarpashqankunalatapis parlanman y munashqankunalamanpis kriyinman".</para>
    <para>Laykuna kanman runakunapa derëchun nishqankuna mana elqashqa kananpaq. Tsay presïsumi kaykan. Mana kaptenqa imatapis mas rurayta mana pwëdir runakuna imaykanoqpapis mana ali awturidäkunapa kontran sharkapakun y tukuynoqpa nakatsikoqkunata elqätsipäkun.</para>
    <para>Tsaynoqmi lapan nasyunkuna amistächo kawapäkunman. Tsaypis presïsumi.</para>
    <para>Lapan nasyunkunapa delegädunkuna juntakärir eskribipäkorqan Nasyones Unidas nishqanpa qalaykatsinan kartata. Tsay kartacho eskribipäkorqan runakunapa derëchun nishqankunapita. Tsaynoqpis eskribipäkorqan imanoq runakuna balurniyoq kashqanta, y olqupaq warmipaqpis derëchun nishqankuna iwal kashqanta. Tsay eskribishqankunaman yärakärin Nasyones Unidas nishqanpa myemrunkuna. Tsaynoqpis tsay kartacho eskribiraykan kaynoq nir: "Librina arupäkushun ali kawayman chayapäkunantsipaq" nir.</para>
    <para>Nasyones Unidas nishqanpa lapan myemrunkuna promitipakorqan yanapänakur arupäkunanpaq interu munducho runakunapa derëchun nishqankuna respitashqa kar kumplikänanpaq.</para>
    <para>Kay promitishqanqa ali rurakashqa kananpaq, Iapantsikunapis juk yarpayla tantyapäkushwan kay derëchun nishqankunata.</para>
    <para>Tsaymi Nasyones Unidaspa juntakashqan runakuna wilakun kayta:</para>
    <para>INTËRU MUNDUCHO LAPAN RUNAKUNAPA DERËCHUNKUNAPITA WILAKUSHQAN</para>
    <para>Kay wilakushqan lapan runakunapis nasyunkunapis iwal tantyapäkunanpaq tsay derëchun nishqankunapitami. Tsaynoqpaqa lapan runakunapis y mandaq awturidäkunapis, kay wilakushqanman yarpashqala kashpanqa, yachatsipäkunman wakinkunata kay derëchun nishqankunata respitananpaq. Tsaynoqpis juklä nasyunkunawanpis shumaq animatsipäkunman nasyunnincho kaqkunata y wakin munaynincho kaqkunatapis kaynoq nir ninanpaq: "Kay derëchun nishqankuna lapan runakunapaqmi. Noqa tsay derëchunkuna nishqannoqlami ali kawashaq runa mayëkunawan'.</para>
  </preamble>
  <article number="1">
    <title>NISHOAN JUK (1)</title>
    <para>Lapantsikunapis Iibrimi yurishqantsi. Bälintsimi y derëchuntsikunapis wakinkaqkunanoqlapami. Yarpaynintsikunapis kaykanmi runa mayintsikunawan juk wawqinoq kuyanakur kawapäkunantsipaq.</para>
  </article>
  <article number="2">
    <title>NISHQAN ISHKAY (2)</title>
    <para>Lapantsikunapaqpis kay wilakushqancho eskribishqankaq dere.chuntsikuna. Kay derëchuntsikuna iwalla kanman ima räsa runakunapaqpis, yoraqpaq yanapaqpis, warmipaq olqupaqpis ima kläsi rimaqkunapaqpis, mayqan relijyunkunaman kriyeqkunapaqpis, tsaynoq ima politikacho pureqkunapaqpis, mayqan nasyunpita runakunapaqpis, riku runakunapaq pobri runakunapaqpis, imanoq yurishqa kaqkunapaqpis, y tsaynoq imanoq kawaqkunapaqpis.</para>
    <para>Kay derëchuntsikuna iwalla kanman lapantsikunapaqpis. Markantsi nasyunnoq kaptin o mana nasyunnoq kaptinpis, markantsi kikintsipa munaynintsicho kaptin o jukpa munaynincho kaptinpis, markantsipa awturidäninkuna imanoq kaptinpis, derëchuntsikuna iwalla kanman.</para>
  </article>
  <article number="3">
    <title>NISHQAN KIMSA (3)</title>
    <para>Lapantsikunapami derëchuntsi kan mana pipis wanutsimänantsipaq, Iibri munaynintsicho kawanantsipaq, y mana pipitapis mantsakuypa kawanantsipaq.</para>
  </article>
  <article number="4">
    <title>NISHQAN CHUSKU (4)</title>
    <para>Manami pipis rantishqa runanoq arunmantsu jukpaq.</para>
  </article>
  <article number="5">
    <title>NISHOAN PITSQA (5)</title>
    <para>Kastigashqa karpis, manami pipis fiypa nakatsishqaqa kanmantsu animal nakatsishqa kashqannoq, ni pasaypa umillatsishqapis kanmantsu.</para>
  </article>
  <article number="6">
    <title>NISHQAN SOQTA (6)</title>
    <para>Lapantsikunatapis maycho tsaychöpis awturidäkuna mana jarukuylapa ali respitamashwan.</para>
  </article>
  <article number="7">
    <title>NISHQAN QANCHIS (7)</title>
    <para>Laykuna jusgamashwan lapantsita iwalla. Kay karta eskribishqa kashqanpita mana käsukoqkunapita Iaykuna kuydamashwan lapantsikunatapis mana despresyashqa kaylapa.</para>
  </article>
  <article number="8">
    <title>NISHQAN PUSAQ (8)</title>
    <para>Juk runa, nasyunninpa layninta mana käsukur, mana al ita ruramaptintsi, derëchuntsi kanmi awturidäkunaman kejakoq aywanantsipaq. Y tsaycho lapantsi atyendishqa kashwan iwalla.</para>
  </article>
  <article number="9">
    <title>NISHQAN ISQUN (9)</title>
    <para>Manami pipis lutalaqa prësutsishqa kanmantsu karsil wayiman. Ni tsaynoqpis lutalaqa qarqushqa kanmantsu markanpita.</para>
  </article>
  <article number="10">
    <title>NISHOAN CHUNKA (10)</title>
    <para>Lapantsikunapami derëchuntsi kan imalapitapis runakunapa nawpancho jusgashqa kanantsipaq, alipita mana alipitapis. Tsay mana alita jusganman juk tsaycho mana jatikashqa kaq awturidä iwalla mana mayqanpapis faburnin sharkuylapa.</para>
  </article>
  <article number="11">
    <title>NISHQAN CHUNKA JUK (11)</title>
    <orderedlist>
      <listitem>
	<para>Lapantsikunapami derëchuntsi kan "Jutsaynaqmi kanki" nimänantsipaq imalapitapis akusashqa kaptintsipis manaraq shumaq musyakashqa kaptenqa. Lay nishqannoq musyakashqa kanman lapan runakunapa nawpancho imalapis defyendikunantsipaqnoq kaykaptenqa.</para>
      </listitem>
      <listitem>
	<para>Manami pipis kondenashqa kanmantsu rurashqanpita y mana rurashqanpitapis tsay jinan öraqa mana nawpapita patsa nasyunninpa laynincho "tsaynoq katsun" nishqa kaptin, y tsaynoqpis lapan nasyunkunapa yarpashqan layninkunachöpis. Jutsantsikunapita kastigashqa kanantsipaq kaqkunapita manami mastaqa kastigashqa kashwantsu jutsantsi kaptinpis.</para>
      </listitem>
    </orderedlist>
  </article>
  <article number="12">
    <title>NISHQAN CHUNKA ISHKAY (12)</title>
    <para>Juk runataqa manami pipis lutalaqa imatapis ruranmantsu: kikinta, familyankunata, ni wayinkunatapis. Ni eskribishqan kartankunatapis ama kichanmantsu. Tsaynoqpis ama ashlinmantsu. Lapantsikunapami derëchuntsi kan tsaykunapita laykuna kuydamänantsipaq.</para>
  </article>
  <article number="13">
    <title>NISHQAN CHUNKA KIMSA (13)</title>
    <orderedlist>
      <listitem>
	<para>Lapantsikunapami derëchuntsi kan maypapis libri purikunantsipaq y maychöpis nasyunnintsichöqa täkunantsipaq.</para>
      </listitem>
      <listitem>
	<para>Lapantsikunapami derëchuntsi kan kikintsipa nasyunnintsikunapita yarqunantsipaq y tsaynoqpis kutimunantispaq.</para>
      </listitem>
    </orderedlist>
  </article>
  <article number="14">
    <title>NISHQAN CHUNKA CHUSKU (14)</title>
    <orderedlist>
      <listitem>
	<para>Lapantsikunapami derëchuntsi kan juklä nasyunkunacho wayintsita ashir täkunantsipaq qatikachämaqnintsikuna kaptin.</para>
      </listitem>
      <listitem>
	<para>Markantsipa kontran ni Nasyones Unidaspa kontran juk runa ima jutsatapis rurar manami ninmantsu "Noqapa derëchö kanmi juklä nasyunman aywakur täkunäpaq qatikachamaqn. kaptin." Jutsantsikuna ima politikakunapita kaptinmi itsanqa derëchuntsi kan qeshpikunantsipaq.</para>
      </listitem>
    </orderedlist>
  </article>
  <article number="15">
    <title>NISHQAN CHUNKA PITSQA (15)</title>
    <orderedlist>
      <listitem>
	<para>Lapantsikunapami derëchuntsi kan may nasyunkunamanpis pertene.sinantsipaq.</para>
      </listitem>
      <listitem>
	<para>Juk nasyunman pertenësiyta munaptintsi, manami pipis lutalaqa nimashwantsu "Manami qam pertenësinkimantsu kay nasyunman." Tsaynoqpis lutalaqa nimashwantsu "Qam manami kikikipa nasyunnikimanpis pertene'sinkimantsu."</para>
      </listitem>
    </orderedlist>
  </article>
  <article number="16">
    <title>NISHQAN CHUNKA SOQTA (16)</title>
    <orderedlist>
      <listitem>
	<para>Olqupapis y warmipapis, edäninman chayaptin, derëchun kanmi kasarakunanpaq. Tsaynoq derëchun kan kasarakunanpaq ima räsa runakunawanpis, mayqan nasyunman pertene.seqkunawanpis, ima relijyunkunaman kriyeqkunawanpis. Tsaynoq kasarakurmi derëchun kan familyanta formananpaq. Kasädu kar, rakikashqa kar, o mayqankuna nawpata wanuptinpis, derëchunkuna kanmi iwalla olqupaq y warmipaqpis.</para>
      </listitem>
      <listitem>
	<para>Manami pipis fersanmantsu kasarakunanpaqqa. Itsanqa kasarakärenqa kikinkuna awninakur munanakushqalanpita.</para>
      </listitem>
      <listitem>
	<para>Tsay kasarashqa kaqkunapitami juntakashqa kaykan lapan markakunapis. Tsaynoqpis derëchun kanmi runakuna y nasyunpa mandaqninkunapis kasarashqa kaqkunata kuydananpaq.</para>
      </listitem>
    </orderedlist>
  </article>
  <article number="17">
    <title>NISHQAN CHUNKA QANCHIS (17)</title>
    <orderedlist>
      <listitem>
	<para>Lapantsikunapami derëchuntsi kan imaykantsikunapis kikintsipaq kananpaq. Y tsaynoqpis derëchuntsi kanmi pi lawanpis imaykantsikunalachöpis dwëñunoq kapäkunantsipaq.</para>
      </listitem>
      <listitem>
	<para>Manami pipis lutalaqa qechunmantsu pitapis imalankunatapis.</para>
      </listitem>
    </orderedlist>
  </article>
  <article number="18">
    <title>NISHQAN CHUNKA PUSAQ (18)</title>
    <para>Lapantsikunapami derëchuntsi kan shonquntsicho munashqantsita yarpanantsipaq y munashqantsi relijyunman kriyinantsipaq. Tsaynoq derëchuntsi kaptin trukashwan juk relijyunpita juk relijyunmanpis. Relijyunnintsita rikatsikushwan japalantsi y wakin runakunawanpis, kikintsikunalapaq o runakunapa nawpanchöpis. Tsaynoq rikatsikushwan yachatsikushpantsi, kumplishpantsi, y kultuntsikunata rurashpantsi.</para>
  </article>
  <article number="19">
    <title>NISHQAN CHUNKA ISQUN (19)</title>
    <para>Lapantsikunapami derëchuntsi kan yarpashqantsita parlanantsipaq mana pipis fastidyaylapa. Tsaynoqpis derëchuntsi kanmi ima notisyakunalatapis ashinantsipaq runakunata mayatsinantsipaq imaykanoqpapis: parlaypa, eskribiypa, o radyupa pasatsiypapis mayqan nasyunkunamanpis.</para>
  </article>
  <article number="20">
    <title>NISHQAN ISHKAY CHUNKA (20)</title>
    <orderedlist>
      <listitem>
	<para>Lapantsikunapami derëchuntsi kan juk patsalaman juntakänantsipaq itsanqa mana búllata ruraylapa.</para>
      </listitem>
      <listitem>
	<para>Mana munaptenqa manami pipis pitapis "kay noqakunaman pertenësiy" ninmantsu fersaypaqa.</para>
      </listitem>
    </orderedlist>
  </article>
  <article number="21">
    <title>NISHQAN ISHKAY CHUNKA JUK (21)</title>
    <orderedlist>
      <listitem>
	<para>Lapantsikunapami derëchuntsi kan nasyunnintsikunacho mandaq kayta munar chayanantsipaq. Tsaynoqpis derëchuntsi kanmi kikintsi jukta munashqantsi kaqta akranantsipaqpis mandaq kananpaq.</para>
      </listitem>
      <listitem>
	<para>Lapantsikunapami derëchuntsi kan iwalla awturidä kanantsipaq nasyunnintsikunachöpis.</para>
      </listitem>
      <listitem>
	<para>Markakunapa munayninchömi churakashqa kanman gobyernupa yanapäsheqnin awturidäkuna. Tsaykuna rurakashqa kanman käda bötukuna watakunalacho. Tsaymi Iapantsikuna imanoq karpis munashqantsi kaqpaq iwalla pakaylapa bötushwan. Tsaycho gänaq kaqmi yaykunman awturidä kananpaq. Mana pakaylapa bötorqa juknoqpa bötushwan awturidänintsikuna markantsi munashqannoq akrashqa kananpaq.</para>
      </listitem>
    </orderedlist>
  </article>
  <article number="22">
    <title>NISHQAN ISHKAY CHUNKA ISHKAY (22)</title>
    <para>Lapantsikunapami derëchuntsi kan ali kawanantsipaq. Wakin imayoqpis kaqkuna yanapäshinman mana imayoqpis kaqkunata. Tsaynoqpis nasyunnintsipita y juklä nasyunkunapitapis pwëdishqanyaq yanapäshinman pishiycho kawaqkunata lapan derëchunkuna kumplikänanpaq. Tsay yanapäshiy kanman respitashqa kanantsipaq y kikintsi aliyätsikunantsipaqpis.</para>
  </article>
  <article number="23">
    <title>NISHQAN ISHKAY CHUNKA KIMSA (23)</title>
    <orderedlist>
      <listitem>
	<para>Lapantsikunapami derëchuntsi kan kikintsikuna munashqantsinoq arunantsipaq mana despresyashqa kaylapa. Shumaq sigurashqa kanman ima aruychöpis. Y tsaynoqpis aruynintsipita yarquptintseqa yanapäshishqa kashwan imalawanpis.</para>
      </listitem>
      <listitem>
	<para>Lapantsikunapamj derëchuntsi kan mana despresyaylapa aruynintsikunacho iwal gänanantsipaq wakin aroq mayintsikunanoq.</para>
      </listitem>
      <listitem>
	<para>Lapan aroqkunapami derëchun kan ali pägashqa kananpaq kikinpaqpis y familyankunapaqpis ali respitashqa runanoq kawananpaq. Pishëpakoqnoq kaptenqa yanapäshishqa kanman imanoqpapis runa mayinkunapita.</para>
      </listitem>
      <listitem>
	<para>Lapantsikunapami derëchuntsi kan aroq mayintsikunawan juntakaykur imalatapis formanantsipaq mandaqnintsikunapita respi tatsimänantsipaq.</para>
      </listitem>
    </orderedlist>
  </article>
  <article number="24">
    <title>NISHQAN ISHKAY CHUNKA CHUSKU (24)</title>
    <para>Lapantsikunapami derëchuntsi kan aruynintsikunapita jamakunantsipaq. Manami aläpaqa arushwantsu pwëdishqantsipita mastaqa. Y tsaypita juk watata kumplirkuptin bakasyunnintsi kanman itsanqa pägashqa</para>
  </article>
  <article number="25">
    <title>NISHQAN ISHKAY CHUNKA PITSQA (25)</title>
    <orderedlist>
      <listitem>
	<para>Lapantsikunapami derëchuntsi kan ima!antsikunapis ali aypänanpaq kikintsikunapaq y familyantsikunapaqpis. Tsaykunapaqqa kanman kaykuna: mikuynintsikuna, röpantsikuna, wayintsikunapis. Tsaynoqpis qeshyaptintsi mëdikukuna atyendimashwan, y imalachöpis wakin runakuna yanapäshimashwan. Tsaynoqpis derëchuntsi kanmi kuydashqa kanantsipaq mana aruynintsi kaptin, qeshyaqtukur mana aruyta pwëdiptintsipis, byúdayashqa kaptintsipis, awkin kaptintsipis, o ima desgrasya päsamaptintsipis.</para>
      </listitem>
      <listitem>
	<para>Wachaq warmipa y akapa wamrankunapapis derëchun kanmi shumaq ali kuydashqa kananpaq. Kasarashqa kaqkunapa y mana kasarashqa kaqkunapapis wamrankuna iwalla derëchun kanmi kuydashqa kananpaq.</para>
      </listitem>
    </orderedlist>
  </article>
  <article number="26">
    <title>NISHQAN ISHKAY CHUNKA SOQTA (26)</title>
    <orderedlist>
      <listitem>
	<para>Lapantsikunapami derëchuntsi kan dembaldila primarya kaq eskwëlakunaman yachakoq yaykunantsipaq. Manami ni juklaylapis mana yachakuypaqa kanmantsu. Tsaynoqpis mas jatun kaq yachakuy eskwëlakunapis kanman imalapis kayta munaptintsi yachakunantsipaq. Tsay eskwëlakunaqa lapan runakunata chaskinman iwalla yachashqantupu.</para>
      </listitem>
      <listitem>
	<para>Kay yachakuy kanman noqantsikuna runa mayintsikunawan ali shonquyoq kanantsipaq. Tsaynoqpis kanman runa mayintsikunapa derëchunkunata respitanantsipaq, tantyanakunantsipaq, pasensyantsi kananpaq y pipis yanasantsi kananpaq. Tsaykuna kanman markantsikunawan, juklä nasyunkunawan, jukniraq räsakunawan, ima relijyunkunaman kriyeqkunawanpis. Tsaynoqpis yachakuy kanman yanapänantsipaq Nasyones Unidasta runakunata ali kawayman churananpaq.</para>
      </listitem>
      <listitem>
	<para>Taytankunapami derëchun kan tsurinkunata munashqannoq imanoqpapis edukananpaq.</para>
      </listitem>
    </orderedlist>
  </article>
  <article number="27">
    <title>NISHOAN ISHKAY CHUNKA QANCHI (27)</title>
    <orderedlist>
      <listitem>
	<para>Lapantsikunapami derëchuntsi kan markantsikunacho kustumrintsikunata ruranantsipaq. Tsaynoqpa munaq kaqpa derëchun kan kantananpaq, dansananpaq, dibuj ananpaq, tukananpaq, puklananpaq, y imalatapis rurananpaq markanpa kustumrin kashqannoq. Tsaynoqpis juk yachaq imalatapis mushoqta ruraptenqa tsay kanman lapantsikunapaq juknintsi y juknintsipis mas ali kawanantsipaq.</para>
      </listitem>
      <listitem>
	<para>Lapantsikunapami derëchuntsi kan imalatapis mushoqta ruraptintsi o eskribiptintsi kikilantsipaq gänashqantsi kaqkuna kananpaq. Manami pipis ninmantsu lulakushpan "Noqami rurashqä kayta" tsaynoqpa apakunanpaq ruraq kaqpa derëchunta.</para>
      </listitem>
    </orderedlist>
  </article>
  <article number="28">
    <title>NISHQAN ISHKAY CHUNKA PUSAQ (28)</title>
    <para>Lapantsikunapami derëchuntsi kan gobyernuntsi kananpaq nasyunnintsikunacho y lapan nasyunkuna juntakashqanchöpis kay derëchuntsikúna rasunpa kumplikashqa kananpaq.</para>
  </article>
  <article number="29">
    <title>NISHQAN ISHKAY CHUNKA ISQUN (29)</title>
    <orderedlist>
      <listitem>
	<para>Lapantsikunapami ruranantsikuna kan markantsicho kumplinantsipaq. Tsaynoqlapami aliyätsikuntsi kikintsikuna.</para>
      </listitem>
      <listitem>
	<para>Derëchuntsikunata rurarpis mana qechushwantsu jukpa derëchunkunata. Tsaypaq kanmi laykuna respitatsikunantsipaq y tsaynoqpis reqitsimänantsipaq wakinkunapa derëchunkunapis kashqanta. Tsaynoqpis tsay laykuna kaykan ali shonquyoq runakuna kanantsipaq, ali respitanakunantsipaq, y ali runa mayintsikunawan kawanantsipaq. Tsay ali kaway kaykan runakuna awturidäninkunapaq bötushqan nasyunkunacho.</para>
      </listitem>
      <listitem>
	<para>Kay derëchuntsikunata kumplishpantsi manami Nasyones Unidas nishqankunapa kontrannin yarqushwantsu.</para>
      </listitem>
    </orderedlist>
  </article>
  <article number="30">
    <title>NISHQAN KIMSA CHUNKA (30)</title>
    <para>Kay nishqankunacho manami qam tarinkimantsu derëchuykikuna kaptin pipa derëchunkunatapis elqätsinaykipaq imata rurashpaykipis. Tsaynoq kaykan qampaq, juk nasyunpaq, juntakashqa runakunapaq, o pi runalapaqpis.</para>
  </article>
</udhr>
