<?xml version="1.0" encoding="UTF-8"?>

<!--© The Office of the High Commisioner for Human Rights-->

<udhr iso639-3="roh" xml:lang="rm-sursilv" key="roh_sursilv" n="Romansch (Sursilvan)" dir='ltr' iso15924='Latn' xmlns="http://www.unicode.org/udhr">
   <title>Declaraziun universala dils dretgs humans</title>
   <preamble>
      <title>Preambel dalla declaraziun</title>
      <para>Considerond che la renconuschientscha dalla dignitad da tut ils commembers dalla famiglia humana e da lur dretgs eguals ed inalineabels fuorma il fundament dalla libertad, dalla giustia e dalla pasch el mund;</para>
      <para>considerond che la sconuschientscha ed il sprèz dils dretgs humans han menau ad acts da barbaria che offendan la cunscienzia dalla humanitad e che la creaziun d’in mund, el qual ils humans han la libertad da discuorer e da crer libers da terrur e miseria, ei vegnida proclamada sco l’aspiraziun suprema dil human;</para>
      <para>considerond ch’igl ei essenzial da proteger ils dretgs humans cun leschas per ch’il carstgaun seigi buca sfurzaus d’applicar sco davos mied la revolta encunter la tirannia e l’oppressiun;</para>
      <para>considerond ch’igl ei essenzial da promover las relaziuns amicablas denter las naziuns;</para>
      <para>considerond ch’ils pievels dallas Naziuns Unidas han proclamau danovamein el statut lur cardientscha els dretgs fundamentals dil carstgaun, ella dignitad ed ella valeta dalla persuna humana, ell’egualitad dils dretgs dad um e dunna, e ch’els ein sedeclarai decididamein da favorisar il progress social e d’instituir meglieras cundiziuns da viver en ina libertad pli vasta;</para>
      <para>considerond ch’ils stadis commembers ein s’obligai da segirar, en cooperaziun cun l’Organisaziun dallas Naziuns Unidas, il respect universal ed effectiv dils dretgs humans e dallas libertads fundamentalas;</para>
      <para>considerond ch’ina concepziun communabla da quels dretgs e da quellas libertads ei d’impurtonza suprema per ademplir cumpleinamein quei engaschament,</para>
      <para>proclamescha l’Assamblea generala la presenta Declaraziun universala dils dretgs humans sco ideal ch’ei da contonscher communablamein da tut ils pievels e da tut las naziuns, per che tut ils carstgauns e tut ils organs dalla societad hagien adina present quella Declaraziun, e sestentien da promover ell’instrucziun ed ell’educaziun il respect da quels dretgs e da quellas libertads e da segirar a quels cun mesiras progressivas sin plaun naziunal ed internaziunal renconuschientscha ed applicaziun universala ed effectiva, ton denter las populaziuns dils stadis commembers sezs sco denter ils territoris suttamess a lur giurisdicziun.</para>
   </preamble>
   <!--Libertad, egualitad e fraternitad-->
   <article number="1">
      <title>Art. 1:</title>
      <para>Tut ils humans neschan libers ed eguals en dignitad ed en dretgs. Els ein dotai cun raschun e cunscienzia e duein agir in viers l’auter en spért da fraternitad.</para>
   </article>
   <article number="2">
      <title>Art. 2:</title>
      <para>Mintga persuna sa far valer tut ils dretgs e tut las libertads proclamadas ella Declaraziun presenta senza distincziun, particularmein da razza, da colur, da schlatteina, da religiun, d’opiniun politica ni autra, d’origin naziunal ni social, da possess, da naschientscha ni d’autras circumstanzas.</para>
      <para>Plinavon vegn ei fatg negina distincziun fundada sin il statut politic, giuridic ni internaziunal dallas tiaras ni dils territoris, dils quals ina persuna deriva, che quella tiara ni quei territori seigi independents, sut tutela, nunautonoms ni suttamess ad in’autra limitaziun da suveranitad.</para>
  </article>
   <article number="3">
      <title>Art. 3:</title>
      <para>Mintga human ha il dretg da veta, da libertad e da segirtad dalla persuna.</para>
   </article>
   <article number="4">
      <title>Art. 4:</title>
      <para>Negin astga vegnir tenius en sclavaria ni en survitid; la sclavaria ed il commerci da sclavs ein scumandai en tut lur fuormas.</para>
   </article>
   <article number="5">
      <title>Art. 5:</title>
      <para>Negin astga vegnir suttamess alla tortura, ni a peinas ni a tractaments crudeivels, inumans ni degradents.</para>
   </article>
   <article number="6">
      <title>Art. 6:</title>
      <para>Mintga human ha il dretg da vegnir renconuschius dapertut sco persunalitad giuridica.</para>
   </article>
   <article number="7">
      <title>Art. 7:</title>
      <para>Tut ils humans ein eguals avon la lescha ed han senza distincziun il dretg da protecziun eguala encunter tutta discriminaziun che violass la Declaraziun presenta ed encunter tutta provocaziun ad ina tala discriminaziun.</para>
   </article>
   <article number="8">
      <title>Art. 8:</title>
      <para>Mintga persuna ha il dretg da protecziun legala avon las giurisdicziuns naziunalas cumpetentas encunter acts che violeschan ils dretgs fundamentals garanti ella Constituziun ni ella lescha.</para>
   </article>
   <article number="9">
      <title>Art. 9:</title>
      <para>Negin astga vegnir arrestaus, detenius ni exiliaus arbitrariamein.</para>
   </article>
   <article number="10">
      <title>Art. 10:</title>
      <para>Mintga persuna ha il dretg, en egualitad cumpleina, che siu cass vegni tractaus gestamein e publicamein d’in tribunal independent ed imparzial, il qual decida davart ses dretgs e sias obligaziuns ni davart la validitad da tutta tgisa penala drizzada encunter ella.</para>
   </article>
   <article number="11">
      <title>Art 11:</title>
      <orderedlist>
         <listitem>
            <para>Mintga persuna tgisada d’in act punibel ei innocenta tochen che sia cuolpa ei cumprovada legalmein en in process public, nua che tut las garanzias necessarias per sia defensiun ein vegnidas segiradas ad ella.</para>
         </listitem>
         <listitem>
            <para>Negin vegn condemnaus per acziuns ni omissiuns che valevan il mument ch’ellas ein vegnidas commessas buca sco act punibel tenor il dretg naziunal ed internaziunal. Medemamein astga la peina buc esser pli gronda che quella applicabla il mument ch’igl act punibel ei vegnius commess.</para>
         </listitem>
      </orderedlist>
   </article>
   <article number="12">
      <title>Art. 12:</title>
      <para>Negin astga daventar igl object d’intervenziuns arbitraras en sia veta privata, sia famiglia, siu domicil ni sia corrispundenza, ni d’attaccas encunter sia honur e sia reputaziun. Mintga human ha il dretg da protecziun legala encunter talas intervenziuns ni talas attaccas.</para>
   </article>
   <!--Mobilitad, naziunalitad, famiglia, possess -->
   <article number="13">
      <title>Art. 13:</title>
      <orderedlist>
         <listitem>
            <para>Mintga persuna ha il dretg da circular libramein e d’eleger siu domicil egl intern d’in stadi.</para>
         </listitem>
         <listitem>
            <para>Mintga persuna ha il dretg da bandunar mintga tiara, era sia atgna, e da turnar en sia tiara.</para>
         </listitem>
      </orderedlist>
   </article>
   <article number="14">
      <title>Art. 14:</title>
      <orderedlist>
         <listitem>
            <para>En cass da persecuziun ha mintga persuna il dretg dad encurir asil e da survegnir asil en autras tiaras.</para>
         </listitem>
         <listitem>
            <para>Quei dretg sa buca vegnir invocaus en cass da persecuziun pervia da delicts buca politics ni pervia d’acziuns che cunterfan allas miras ed als principis dallas Naziuns Unidas.</para>
         </listitem>
      </orderedlist>
   </article>
   <article number="15">
      <title>Art. 15:</title>
      <orderedlist>
         <listitem>
            <para>Mintga human ha il dretg d’ina naziunalitad.</para>
         </listitem>
         <listitem>
            <para>Negin astga vegnir privaus arbitrariamein da sia naziunalitad ni dil dretg da midar naziunalitad.</para>
         </listitem>
      </orderedlist>
   </article>
   <article number="16">
      <title>Art 16:</title>
      <orderedlist>
         <listitem>
            <para>Um e dunna cun vegliadetgna adattada han il dretg da maridar e da fundar ina famiglia senza restricziuns concernent la razza, la naziunalitad ni la religiun. Els han ils medems dretgs arisguard il matrimoni, duront il matrimoni e tier sia dissoluziun.</para>
         </listitem>
         <listitem>
            <para>Il matrimoni sa esser conclus sulettamein cun il consentiment liber e cumplein dils conjugals futurs.</para>
         </listitem>
         <listitem>
            <para>La famiglia ei igl element natiral e fundamental dalla societad e sto vegnir protegida dalla societad e dil stadi.</para>
         </listitem>
      </orderedlist>
   </article>
   <article number="17">
      <title>Art. 17:</title>
      <orderedlist>
         <listitem>
            <para>Mintga persuna ha il dretg d’haver ina proprietad atgna ni communabla cun auters.</para>
         </listitem>
         <listitem>
            <para>Negin astga vegnir privaus arbitrariamein da sia proprietad.</para>
         </listitem>
      </orderedlist>
   </article>
   <!--Libertad da patratg e d’opiniun-->
   <article number="18">
      <title>Art. 18:</title>
      <para>Mintga persuna ha il dretg dalla libertad da patratg, da cunscienzia e da religiun; quei dretg cumpeglia la libertad da midar religiun ni perschuasiun sco era da manifestar l’atgna religiun ni l’atgna perschuasiun sulet ni en communitad, publicamein ni privat, ell’instrucziun, ella pratica, el cult ed ell’execuziun da ritus.</para>
   </article>
   <article number="19">
      <title>Art. 19:</title>
      <para>Mintga persuna ha il dretg dalla libertad d’opiniun e d’expressiun, quei che cumpeglia il dretg da buca vegnir mulestaus pervia dall’atgna opiniun sco era il dretg dad encurir, retscheiver, derasar, senza risguardar cunfins, las informaziuns e las ideas cun tut ils mieds d’expressiun.</para>
   </article>
   <article number="20">
      <title>Art. 20:</title>
      <orderedlist>
          <listitem>
            <para>Mintga persuna ha il dretg dalla libertad da reuniun e d’associaziun pascheivla.</para>
         </listitem>
         <listitem>
            <para>Negin astga vegnir obligaus da far part dad in’associaziun.</para>
         </listitem>
     </orderedlist>
   </article>
   <article number="21">
      <title>Art. 21:</title>
      <orderedlist>
         <listitem>
            <para>Mintga persuna ha il dretg da participar al guvern dall’atgna tiara, directamein ni cun l’intermediaziun da representants eligi libramein.</para>
         </listitem>
         <listitem>
            <para>Mintga persuna ha sut cundiziuns egualas il dretg d’access allas funcziuns publicas da sia atgna tiara.</para>
         </listitem>
         <listitem>
            <para>La voluntad dil pievel ei il fundament dall’autoritad dallas pussonzas publicas; quella voluntad duei s’exprimer en elecziuns periodicas e honestas cun dretg d’elecziun general ed egual en votaziun secreta ni tenor ina procedura equivalenta che garantescha la libertad da votar.</para>
         </listitem>
      </orderedlist>
   </article>
   <!--Lavur, repaus e protecziun-->
   <article number="22">
      <title>Art. 22:</title>
      <para>Mintga persuna ha sco commembra dalla societad il dretg da segirtad sociala; ella sa pretender d’obtener ils dretgs economics, socials e culturals indispensabels per sia dignitad e per il svilup liber da sia persunalitad, quei entras sforzs interns dil stadi ed ella cooperaziun internaziunala, risguardond l’organisaziun e las resursas da mintga tiara.</para>
   </article>
   <article number="23">
      <title>Art. 23:</title>
      <orderedlist>
         <listitem>
            <para>Mintga persuna ha il dretg da lavur, da tscharna libra da sia lavur, da cundiziuns da lavur gestas e cunvegnentas e dalla protecziun encunter disoccupaziun.</para>
         </listitem>
         <listitem>
            <para>Tuts han il dretg, senza discriminaziun, d’in salari egual per lavur eguala.</para>
         </listitem>
         <listitem>
            <para>Tgi che lavura ha il dretg d’ina remuneraziun gesta e commensurada che segirescha ad el ed a sia famiglia in’existenza conforma alla dignitad humana e che vegn cumpletada, sche necessari, cun auters mieds da protecziun sociala.</para>
         </listitem>
         <listitem>
            <para>Mintga persuna ha il dretg da fundar ensemen cun auters sindicats e da s’affiliar a sindicats per defender siu interess.</para>
         </listitem>
      </orderedlist>
   </article>
   <article number="24">
      <title>Art. 24:</title>
      <para>Mintga persuna ha il dretg da repaus, particularmein d’ina limitaziun raschuneivla dil temps da lavur, e da vacanzas periodicas pagadas.</para>
   </article>
   <article number="25">
      <title>Art. 25:</title>
      <orderedlist>
         <listitem>
            <para>Mintga human ha il dretg d’in standard da viver sufficient per segirar la sanadad ed il beinesser da sesez e da sia famiglia. Quei concerna particularmein l’alimentaziun, la vestgadira, la habitaziun, la tgira medicinala sco era ils survetschs socials necessaris. El ha il dretg da segirtad, sch’el ei disoccupaus, malsauns, invalids, vieus, attempaus ni sch’el ha piars ils mieds da subsistenza pervia da circumstanzias ch’el sa buc influenzar.</para>
         </listitem>
         <listitem>
            <para>Mumma ed affon han il dretg d’agid e d’assistenza speciala. Tut ils affons, ch’els seigien naschi el matrimoni ni ordeifer il matrimoni, gaudan la medema protecziun sociala.</para>
         </listitem>
      </orderedlist>
   </article>
   <!--Dretg d’instrucziun e duers enviers la communitad-->
   <article number="26">
      <title>Art. 26:</title>
      <orderedlist>
         <listitem>
            <para>Mintga persuna ha il dretg d’instrucziun. L’instrucziun sto esser gratuita, silmeins quei che concerna l’instrucziun elementara e fundamentala. L’instrucziun elementara ei obligatoria. L’instrucziun tecnica e professiunala sto esser accessibla a tuts; igl access als studis superiurs sto esser libers a tuts en cumpleina egualitad tenor lur merits.</para>
         </listitem>
         <listitem>
            <para>L’instrucziun duei haver en mira il svilup cumplein dalla persunalitad humana e rinforzar il respect dils dretgs humans e dallas libertads fundamentalas. Ella duei promover la capientscha, la toleranza e l’amicezia denter tut las naziuns e tut las gruppas da razza ni da religiun sco era sustener las activitads dallas Naziuns Unidas per il manteniment dalla pasch.</para>
         </listitem>
         <listitem>
            <para>Ils geniturs han da prioritad il dretg d’eleger il gener dall’instrucziun per lur affons.</para>
         </listitem>
      </orderedlist>
   </article>
   <article number="27">
      <title>Art. 27:</title>
      <orderedlist>
         <listitem>
            <para>Mintga human ha il dretg da prender part libramein alla veta culturala dalla communitad, da guder ils arts e da participar al progress scientific ed als benefecis che resultan da quel.</para>
         </listitem>
         <listitem>
            <para>Mintga human ha il dretg da protecziun dils interess morals e materials derivonts da tutta producziun scientifica, litterara ni artistica, dalla quala el ei igl autur.</para>
         </listitem>
      </orderedlist>
   </article>
   <article number="28">
      <title>Art. 28:</title>
      <para>Mintga persuna ha il dretg ch’ei regia sin il camp social e sin il camp internaziunal in uorden, el qual ils dretgs e las libertads menziunai ella presenta Declaraziun sappien contonscher in effect cumplein.</para>
   </article>
   <article number="29">
      <title>Art. 29:</title>
      <orderedlist>
         <listitem>
            <para>Mintga human ha duers enviers la communitad, ella quala suletta ei pusseivel il svilup liber e cumplein da sia persunalitad.</para>
         </listitem>
         <listitem>
            <para>Ella realisaziun dils dretgs e dallas libertads ei mintga human suttamess sulettamein allas limitas stabilidas entras la lescha per segirar la renconuschientscha ed il respect dils dretgs e dallas libertads dils auters e per satisfar allas exigenzas dalla morala, digl uorden public e dil beinesser general en ina societad democratica.</para>
         </listitem>
         <listitem>
            <para>Quels dretgs e quellas libertads astgan en negin cass vegnir realisai encunter las miras ed ils principis dallas Naziuns Unidas.</para>
         </listitem>
      </orderedlist>
   </article>
   <article number="30">
      <title>Art. 30:</title>
      <para>Negina disposiziun dalla presenta Declaraziun astga vegnir interpretada aschia ch’in stadi, ina gruppa ni ina persuna hagi il dretg da sviluppar in’activitad ni d’accumplir in act che ha en mira la destrucziun dils dretgs e dallas libertads menziunai en quella Declaraziun.</para>
   </article>
</udhr>

