<?xml version="1.0" encoding="UTF-8"?>

<!--© The Office of the High Commisioner for Human Rights-->

<udhr iso639-3='abk' xml:lang='ab' key='abk' n='Abkhaz' dir='ltr' iso15924='Cyrl' xmlns="http://www.unicode.org/udhr">
   <title>Ауаҩытәыҩса изинқәа Зегьеицырзеиҧшу Адекларациа</title>
   <preamble>
      <title>Алагалажәа</title>
      <para>Дызусҭзаалак, ауаатәыҩсатә ҭаацәара иалахәу иҳаҭыри, иара иузиҟәымҭхо имоу изинқәеи, ахақәиҭреи, аиашареи, адунеижәларбжьаратәи аҭынчреи шьаҭас ишрымоу хшыҩзышьҭра азуа,</para>
      <para>иара убас ауаҩы изинқәа ратәамбареи хырҩаа рымҭареи, ламыс змоу дарбанзаалак изымычҳаша агыгшәыгратә хымҩаҧгашьа аҟынӡа ауаҩы дышнанагахьо еилкааны, насгьы ауаҩы иажәеи идунеихәаҧшышьеи дрықәиҭны, ашәареи амамзаареи дыдмыргәаҟуа – адунеи иахьабалак абри аҩыза аҧсҭазаара аҧҵара ауаҩы зегь иреиҳау игәыҕрақәа ишыруакыу хшыҩзышьҭра азуа,</para>
      <para>иара убас, ауаҩы аџьамыҕәеи ахәуреи иаартны дырҿамгылар ада царҭа имамкәа аҟынӡа инамгараз, ауаҩы изинқәа азакуан амчра иамыхьчар ада ҧсыхәа шыҟам хшыҩзышьҭра азуа,</para>
      <para>иара убас ажәларқәа реиҩызара аизҳазыҕьара ацхыраара шаҭахыу хшыҩзышьҭра азуа,</para>
      <para>иара убас Еиду Амилаҭқәа Реиҿкаара иалахәу ажәларқәа ауаҩ ихадароу изинқәеи, ипатуи, ауаҩ ихаҭара аҳаракыреи, хаҵеи ҧҳәыси зинла реиҟарареи – абарҭ зегь рахь ирымоу агәрагара рыҧҟаҧҵа аҟны ишьақәрҕәҕәаны ауаажәларратә ҿиареи ауаҩ еиҳа ахақәиҭра иманы иҧсҭазаара аиҕьтәреи иацхраарц шырыӡбаз хшыҩзышьҭра азуа,</para>
      <para>иара убас еилахәу аҳәынҭқаррақәеи Еиду Амилаҭқәа Реиҿкаареи рус еицурала, зегь еицырзеиҧшу аҳаҭыреиқәҵареи ауаҩытәыҩса изинқәеи ихадароу ихақәиҭрақәеи рымҩаҧгара иацхраарц ахьырыӡбаз хшыҩзышьҭра азуа,</para>
      <para>иара убас арҭ азинқәеи ахақәиҭрақәеи еицеиҧшны зегь рзы аилкаареи, рхы иадырҵаз абри аус анагӡареи аҵак ду шрымоу хшыҩзышьҭра азуа</para>
      <para>Ассамблеиа Хада</para>
      <para>ирыланаҳәоит ауаҩытәыҩса изинқәа Зегьеицырзеиҧшу Адекларациа, ажәларқәеи аҳәынҭқаррақәеи зегьы зынагӡара рҽазыршәо хықәкык аҳасабала иахәаҧшны, дарбанзаалак ауаҩи, аилазаара иарбан хуҭазаалакгьы абри Адекларациа рхы иархәаны, аҵарадырра аларҵәара амҩала абарҭ азинқәеи ахақәиҭрақәеи ҳаҭыр рықәҵара иацхраауа, еиуеиҧшым амилаҭтәи, жәларбжьаратәи апрогрессивтә усхкқәа рынагӡарала, иахьабалк, Еиду Амилаҭқәа Реиҿкаара иалахәу аҳәынҭқаррақәа рыҟнеиҧш, урҭ рнапаҵаҟа иҟоу атәылақәа ирықәнхо ажәларқәагьы еицырзеиҧшны ирыдыркыларц, иагьынарыгӡаларц азы.</para>
   </preamble>
   <article number="1">
      <title>Ахәҭаҷ 1</title>
      <para>Дарбанзаалак ауаҩы дшоуп ихы дақәиҭны. Ауаа зегь зинлеи патулеи еиҟароуп. Урҭ ирымоуп ахшыҩи аламыси, дара дарагь аешьеи аешьеи реиҧш еизыҟазароуп.</para>
   </article>
   <article number="2">
      <title>Ахуҭаҷ 2</title>
      <para>Дарбанзаалак ауаҩы абри Адекларациа ирыланаҳәо азинқәеи ахақәиҭрақәеи зегь имазароуп, милаҭлеи, хаҵалеи ҧҳәыслеи, бызшәалеи, хылҵшьҭралеи, динлеи, маллеи, маҵуралеи, нхарҭа ҭыҧлеи дунеихәаҧшышьалеи, цәаҧшшәахәылеи дызҵазкуазаалак.</para>
      <para>Иара убас дахьықәнхо атәыла аполитикатә, азинтә, ма Адунеижәларбжьаратәи астатус зеиҧшразаалак, уи атәыла хьыҧшымзаргь, ма ахатә напхгара амамкуа аӡәыр инапаҵаҟа иҟазагь, мамзаргьы даҽакала ахақәиҭра наӡа амамзаргьы.</para>
   </article>
   <article number="3">
      <title>Ахәҭаҷ 3</title>
      <para>Дарбанзаалак ауаҩы аҧсҭазаареи, ахақәиҭреи, хаҭала аӡә диламкьысуа аҟазаареи рзин имоуп.</para>
   </article>
   <article number="4">
      <title>Ахәҭаҷ 4</title>
      <para>Дарбанзаалак ауаҩы атәра дҭаргыламзароуп, ма акгьы дақәиҭымкәа ҽаӡә инапаҵаҟа дыҟамзароуп; атәреи атәыҭииреи зеиуахк рылазаалагьы рзин ыҟам.</para>
   </article>
   <article number="5">
      <title>Ахәҭаҷ 5</title>
      <para>Дарбанзаалак ауаҩы ирҳәацәарара, иргәаҟра, иаҳаҭыр аларҟәра, иакәым иақәыршәара залшом.</para>
   </article>
   <article number="6">
      <title>Ахәҭаҷ 6</title>
      <para>Дарбанзаалак ауаҩы, тәылас дахьыҟазаалакгьы азин имоуп иара изинхаҭара азхарҵаларц.</para>
   </article>
   <article number="7">
      <title>Ахәҭаҷ 7</title>
      <para>Азакәан аҿаҧхьа ауаа зегь еиҟароуп, насгьы еилых ҟамҵакәа азин рымоуп азакәан еиҟараны иахьчаларц. Дарбанзалак ауаҩы изинқәа реилагара, ма игәы иаҭахымкәа зинеилагарак иалархәра азакәан иалнамыршозароуп.</para>
   </article>
   <article number="8">
      <title>Ахәҭаҷ 8</title>
      <para>Дарбанзаалак ауаҩы аконституциа ма азакәан ирҭаз ихадароу изинқәа анааилагаха азин имоуп иашьашәалоу амчхара змоу амилаҭтә усӡбарҭала изинқәа реиҭашьақәыргылара.</para>
   </article>
   <article number="9">
      <title>Ахәҭаҷ 9</title>
      <para>Дарбанзаалак ауаҩы хаҳәатәыла ирбаандаҩтәра, иаанкылара, мамзаргьы иқәцара ҟалом.</para>
   </article>
   <article number="10">
      <title>Ахәҭаҷ 10</title>
      <para>Дарбанзаалак ауаҩы, иара изинқәеи уалс идуи еилкаахарцаз, насгьы иара идырҵоз ашьауҕатә аара ҵаҵҕәыс иамоу ашьақәыргылараз азин имоуп зегьы рзы иҟоу аиҟарара ихы иархәаны иус аартны, иашала, ихьыҧшым аусӡбара иаӡбартә аҟаҵара.</para>
   </article>
   <article number="11">
      <title>Ахәҭаҷ 11</title>
      <orderedlist>
         <listitem>
            <para>Дарбанзаалак, ацәгьара ҟаиҵеит ҳәа ахара здырҵаз ауаҩы, азин имоуп аара змам ҳәа дыҧхьаӡазарц, иду аара азакәанмҩа инақәыршәаны, иаарту усӡбарала еилырганы ишьақәыргылахаанӡа. Аара здырҵо изаҧҵахароуп закәанла ихы ихьчартә еиҧш аҭагылазаашьақәа.</para>
         </listitem>
         <listitem>
            <para>Дарбанзаалак ауаҩы заа иҟаиҵахьаз ирахәым уск ма иуалҧшьа ахьынеимыгӡаз азы аус даҭаны иқәӡбара ҟалом, аара зхаидырҵо аус инапы аналакыз амилаҭтә закәан ма адунеижәларбжьаратәи азин ас еиҧш иҟоу аус цәгьоураны иамҧхьаӡозҭгьы. Насгьы еиҳа еицәоу хьырхура дузақәыршәом, ацәгьара аниуаз аамҭаз хьырхушьас иҟаз аамҷыдрахаз.</para>
         </listitem>
      </orderedlist>
   </article>
   <article number="12">
      <title>Ахәҭаҷ 12</title>
      <para>Дарбанзаалак ауаҩы ихатәи иҭаацәаратә ҧсҭазаареи хаҳәатәыла, азакәан иаҵанамкуа аҧырхагахара аӡәгьы азин имам, иара убасгьы инхарҭа ҭыҧи, шәҟәыла‐быҕьшәыла имоу аимадарақәа рымаӡеи, ихьӡ‐иҧшеи иаҳаҭыри кьыс рықәым. Дызусҭзаалак абас еиҧш ианиҧырхагаха ма ианилакьыс аамҭаз азакәан дахьчароуп.</para>
   </article>
   <article number="13">
      <title>Ахәҭаҷ 13</title>
      <orderedlist>
         <listitem>
            <para>Дарбанзаалак ауаҩы ҳәынҭқаррас дахьыҟазаалакгьы дахцо‐дахьаауеи, иахьааиҭаххалак иҭыӡ‐ҭыҧ алхреи дрықәиҭуп.</para>
         </listitem>
         <listitem>
            <para>Дарбанзаалак ауаҩы иарбан тәылазаалакгьы, иара итәылагь убрахь иналаҵан далҵны ацареи иҧсадгьылахь ахынҳәреи рзин имоуп.</para>
         </listitem>
      </orderedlist>
   </article>
   <article number="14">
      <title>Ахәҭаҷ 14</title>
      <orderedlist>
         <listitem>
            <para>Дарбанзаалак ауаҩы иара итәылаҿ дыкҿацалан дрымазар, азин имоуп даҽа тәым тәылак аҿы ахыҵәахырҭа аҧшаара.</para>
         </listitem>
         <listitem>
            <para>Ари азин хархәара амоуроуп, аполитикатә ҵакы змоу ацәгьоура акәымкәа ус даҽа цәгьоурак иуызар, мамзаргьы Еиду Амилаҭқәа Реиҿкара ахықәкәеи апринципқәеи ирҿагыло уск иадҳәалазар.</para>
         </listitem>
      </orderedlist>
   </article>
   <article number="15">
      <title>Ахәҭаҷ 15</title>
      <orderedlist>
         <listitem>
            <para>Дарбанзаалак ауаҩы азин имоуп атәылауаҩ ҳәа ахьӡ аиура.</para>
         </listitem>
         <listitem>
            <para>Дарбанзаалак ауаҩы хаҳәатәыла итәылауаҩра ма итәылауаҩра аҧсахразы имоу азин иалхәдаара ҟалом.</para>
         </listitem>
      </orderedlist>
   </article>
   <article number="16">
      <title>Ахәҭаҷ 16</title>
      <orderedlist>
         <listitem>
            <para>Зықәра наӡоу арҧарацәеи аҳәса хәҷқәеи цәаҧшшәахәыла, милаҭла ма динхаҵарала ҳәа ҧкра ҟамҵакуа аҭаацәара алалара азин рымоуп. Урҭ аҭаацәара ианалало аамҭазгьы, ҭаацәаракны ианеицынхогьы, мамзаргьы еилыҵуазар аӡәи аӡәи зинла еиҟароуп.</para>
         </listitem>
         <listitem>
            <para>Аҭаацәара алаларазы ашәҟәҭагалара ҟалоит аҭаацәара иалало рҩыџьагьы ирҭахны, еиқәшаҳаҭны еибагозар.</para>
         </listitem>
         <listitem>
            <para>Аҭаацәара ҧсабаратәла ауажәларратә еилазаара гәцәс иамоуп, убри аҟынтә аилазаарагь аҳәынҭқаррагь аҭаацәара рыхьчозароуп.</para>
         </listitem>
      </orderedlist>
   </article>
   <article number="17">
      <title>Ахәҭаҷ 17</title>
      <orderedlist>
         <listitem>
            <para>Дарбанзаалак ауаҩы азин имоуп амазара ихала ма ҽаџьоукы дрылахәны ҧшәымара азиуа дыҟазарц.</para>
         </listitem>
         <listitem>
            <para>Аӡәымзар аӡәгьы хаҳәатәыла имазара имхра ҟалом.</para>
         </listitem>
      </orderedlist>
   </article>
   <article number="18">
      <title>Ахәҭаҷ 18</title>
      <para>Дарбанзаалак ауаҩы ихәыцреи, иламыси, идинхаҵареи дрықәиҭны аҟазаара азин имоуп; ари азинахь иаҵанакуеит ауаҩы идинхаҵареи идунеихәаҧшышьеи рыҧсахра ақәиҭра ахьилшо, азин имоуп иара убасгьы идини идунеихәаҧшышьеи рымаҵ иулар ихала, ма егьырҭ ауаа дрылахәны, иаартны, мамзаргьы хаз ҷыдала, еиуеиҧшым анцәахаҵара иацу аритуалтә ҵасқәеи аусхкқәеи рынагӡара.</para>
   </article>
   <article number="19">
      <title>Ахәҭаҷ 19</title>
      <para>Дарбанзаалак ауаҩы иара идунеихәаҧшышьа дақәиҭуп, насгьы ишиҭахыу уи аарҧшра азин имоуп; ари азин иаҵанакуа‐досу иара идунеихәаҧшышьа ҧымкрыда дықәныҟәалар илшоит, иара убасгьы дарбанзаалак аҳәынҭқарратә ҳәаақәа днырымкыло, ишааиҭаххалак, еиуеиҧшым адыррақәеи аидеақәеи рыҧшаареи, риуреи, иара излаиманшәалоу амҩақәа рыла ауаа рыларҵәареи илшоит ҳәа ауп.</para>
   </article>
   <article number="20">
      <title>Ахәҭаҷ 20</title>
      <orderedlist>
         <listitem>
            <para>Дарбанзаалак ауаҩы аҭынчратә еизарақәеи ахеидкылақәеи ахрылархәра азин имоуп.</para>
         </listitem>
         <listitem>
            <para>Аӡәымзар аӡәгьы мчыла џьара хеидкылак иалаҵара ҟалом.</para>
         </listitem>
      </orderedlist>
   </article>
   <article number="21">
      <title>Ахәҭаҷ 21</title>
      <orderedlist>
         <listitem>
            <para>Дарбанзаалак ауаҩы иҳәынҭқарра напхгара аҭара ихы алаирхәыр илшоит хаҭала, мамзаргьы зхы иақәиҭу алхрала иалхыу ахаҭарнакцәа рыла.</para>
         </listitem>
         <listitem>
            <para>Дарбанзаалак ауаҩы егьырҭ зегь реиҧш азин имоуп иҳәынҭқарраҿ амаҵураҭыҧ аанкылара.</para>
         </listitem>
         <listitem>
            <para>Ажәлар ргәаҳәара акәхароуп аиҳабыра рымчра шьаҭас иаиуа4 урҭ ргәаҳәара зныҧшуа аамҭа‐аамҭала, насгьы еилагарада имҩаҧгоу алхрақәа роуп. Алхрақәа мҩаҧысуазароуп зегьы еицырзеиҧшу, еиҟароу алхратә зинтә шьаҭа инақәыршәаны, маӡа бжьыҭирала мамзаргьы ауаҩы ихы дақәиҭны ибжьы аҭира илзыршо даҽа мҩақәак азыҧшааны.</para>
         </listitem>
      </orderedlist>
   </article>
   <article number="22">
      <title>Ахәҭаҷ 22</title>
      <para>Дарбанзаалак ауаажәларратә еилазаара иалахәу ауаҩы ауаажәларратә маншәалара имазарц азы, иара убас иаҳаҭыр аламырҟәреи, ихаҭара ҿиара аиуларци рзы ихы иаирхәарц илшоит аекономикеи ауаажәларреи акульутреи рганахь ала имоу азинқәа, амилаҭтә ҽазышәарақәеи адунеижәларбжьаратәи аицхыраарақәеи рыбзоурала иарбан ҳәынҭқарразаалак ашьақәгылашьеи абеиарақәа иамои зеиҧшроу инақәыршәаны.</para>
   </article>
   <article number="23">
      <title>Ахәҭаҷ 23</title>
      <orderedlist>
         <listitem>
            <para>Дрбанзаалак ауаҩы имоуп аџьеи иара ииҭахыу аусхк алхреи рзин, насгьы изаҧҵазароуп иусураз иахәҭоу аҭагылазаашьа бзиақәа, усурада даанымхарцаз дзыхьчаша азингьы имазароуп.</para>
         </listitem>
         <listitem>
            <para>Дарбанзаалак ауаҩы, изинқәа рҟны ҧкрак ҳәа ҟамҵакуа иџьабаа иашьашәалоу аџьаҧса аиура азин имоуп.</para>
         </listitem>
         <listitem>
            <para>Дарбанзаалак аус зуа ауаҩы иара ихәҭоу, насгьы изхаша, ихи иҭаацәареи қәнагала изланыҟәигаша иџьабааҧса аиура азин имоуп, зны‐зынлагь ҧсыхәа анимам аамҭазы асоциалтә цхыраара иоулароуп.</para>
         </listitem>
         <listitem>
            <para>Дарбанзаалак ауаҩы азаанаҭтә еидгылақәа раҧҵареи, иара интересқәа рыхьчараз азаанаҭтә еидгылақәа ралахәхареи азин имоуп.</para>
         </listitem>
      </orderedlist>
   </article>
   <article number="24">
      <title>Ахәҭаҷ 24</title>
      <para>Дарбанзаалк аҧсшьареи, иҧсшьара аамҭа иара ишиҭахыу аиҿкаареи рзин имоуп, иусура мшы аркьаҿреи ауалафахәы зхыршәаауа изаамҭанытәиу аҧсшьара мшқәа риуреи азин абрахь иналаҵаны.</para>
   </article>
   <article number="25">
      <title>Ахәҭаҷ 25</title>
      <orderedlist>
         <listitem>
            <para>Дарбанзаалак ауаҩы, ифатә‐ижәтә, ишәҵатәы, иҩны‐игәара, амедицинатә хылаҧшреи асоциалтә маншәалареи уҳәа зда ҧсыхәа имам зегьы рганахь ала убри еиҧш аҧсҭазаара азин имазароуп иара ихгьы иҭаацәарагь ргәабзиареи рыбзазареи ирыгмыжькуа иныҟәигаларц азы, иара убасгьы усурада данаанха, ма данычмазҩха, ма ааха ҕәҕәа аниоу, данеибаха ма данажә аамҭазы, мамзаргьы иара ихарамкуа ихы изныҟәымго даныҟала имазароуп ахныҟәгараз ацхыраара азин.</para>
         </listitem>
         <listitem>
            <para>Анацәеи ахәыҷқәеи иҷыдоу ахылаҧшреи ацхыраареи рзин рымоуп. Дарбан хәыҷызаалакгьы, аҭаацәараҿы диизаргьы, днашҧазаргьы социалла дыхьчазароуп.</para>
         </listitem>
      </orderedlist>
   </article>
   <article number="26">
      <title>Ахәҭаҷ 26</title>
      <orderedlist>
         <listitem>
            <para>Дарбанзаалак ауаҩы аҵара азин имоуп. Аҵара аиура, алагамҭатәи абжьаратәи ирыдамхаргьы, хәыда‐сада иҟазароуп. Алагамҭатә ҵара зда ҧсыхәа ыҟам акакәзароуп. Атехникатә, ма апрофессионалтә ҵара изҭаххалак зегьы ироуртә аҭагылазаашьа ыҟазароуп. Иреиҳау аҵарагьы, досу илшара зеиҧшроу ала, иқәманшәалахо зеиҧшроу еиҧш изҭаххалак зегьы аиура азин рымазароуп.</para>
         </listitem>
         <listitem>
            <para>Аҵара ауаҩы ихаҭара инаӡаны аҿиара иацхраауазароуп, иара убасгьы ауаҩы изинқәеи ихадароу ихақәиҭрақәеи рышҟа иҟоу аҳаҭырқәҵара шьҭнахуазароуп. Аҵара адунеи ажәларқәа зегь рыбжьареи, цәаҧшшәахәылеи, хылҵшьҭралеи динхаҵаралеи еихшоу ауаа ргәҧқәа рыбжьареи аилибакаареи, анеибачҳареи, аиҩызареи ирыцхраауазароуп, насгьы Еидҵоу Амилаҭқәа Реиҿкаара аҭынчра арҕәҕәаразы имҩаҧнаго аусура иацхраауазароуп.</para>
         </listitem>
         <listitem>
            <para>Аҭаацәа рхәыҷқәа рықәра маҷнаҵ азин рымоуп рхәыҷқәа рзы еиҕьуп ҳәа ҵара хкыс ирыҧхьаӡо алхра.</para>
         </listitem>
      </orderedlist>
   </article>
   <article number="27">
      <title>Ахәҭаҷ 27</title>
      <orderedlist>
         <listitem>
            <para>Дарбанзаалак ауаҩы азин имоуп акультуратә ҧсҭазаара иара ишиҭахыу алахәхара, аҟазара гәахәара инаҭо аҟаҵара, аҵарадырратә прогресс аҽалархәра, насгьы уи уаҩы инаҭо абеиарақәа рхархәара.</para>
         </listitem>
         <listitem>
            <para>Дарбанзаалак анаукатә, алитературатә, ма асахьаркыратә усумҭақәа аҧызҵаз иусумҭақәа рганахь ала имоу ауаҩышәаратәи аматериалтәи интересқәа рыхьчара азин имоуп .</para>
         </listitem>
      </orderedlist>
   </article>
   <article number="28">
      <title>Ахәҭаҷ 28</title>
      <para>Дарбанзаалак ауаҩы абри Адекларациаҿ зыӡбахә ҳәоу азинқәеи ахақәиҭрақәеи инагӡаны аҧсҭазаараҿы аларҵәара алзыршаша ауаажәларратәи адунеижәларбжьаратәи еиҿкаашьақәа рзин имоуп.</para>
   </article>
   <article number="29">
      <title>Ахәҭаҷ 29</title>
      <orderedlist>
         <listitem>
            <para>Дарбанзаалак ауаҩы аилазаара аҿаҧхьа идуп еиуеиҧшым ауалқәа. Убри аилазаара аҩныҵҟоуп иара ихаҭарагьы инагӡаны ҧымкрыда иахьҿиауа.</para>
         </listitem>
         <listitem>
            <para>Абарҭ азинқәеи ахақәиҭрақәеи рынагӡараан ауаҩы дҧызкуа ҳәа акгьы ыҟамзароуп, егьырҭ ауаа рзинқәеи рхақәиҭрақәеи иахәҭоу аҳаҭырқәҵара роурц азы, насгьы ауаҩышәара дҵак аҳасабала хра зланы иқәнаргыло азҵаатәқәа рынагаразы, адемократиатә еилазаараҿ ауаажәларратә еиҿкаара ашьақәыргылареи азеиҧш мышхәабзазареи рзы азакәан ишьақәнаргыло ҧкрақәак рыда.</para>
         </listitem>
         <listitem>
            <para>Абарҭ азинқәеи ахақәиҭрақәеи рынагӡара Еидҵоу Амилаҭқәа Реиҿкаара ахықәкқәеи апринципқәеи ирҿамгылозароуп.</para>
         </listitem>
      </orderedlist>
   </article>
   <article number="30">
      <title>Ахәҭаҷ 30</title>
      <para>Абри Адекларациаҿ иану иарбан хәҭаҷзаалакгьы хаз игоу ҳәынҭқаррак, ма гәҧҩык ауаа, мамзаргьы хаҭала аӡәы абраҟа зыӡбахә ҳәоу азинқәеи ахақәиҭрақәеи раҧыхраз аусқәа рымҩаҧгара азин инаҭоушәа аилкаара иашам.</para>
   </article>
</udhr>
