<?xml version="1.0" encoding="UTF-8"?>

<!--© The Office of the High Commisioner for Human Rights-->

<udhr iso639-3='arb' xml:lang='ar' key='arb' n='Arabic, Standard' dir='rtl' iso15924='Arab' xmlns="http://www.unicode.org/udhr">
   <title>الإعلان العالمي لحقوق الإنسان</title>
   <note>
      <para>اعتُمد بموجب قرار الجمعية العامة 217 ألف (د-3) المؤرخ في 10 كانون الأول / ديسمبر 1948.</para>
   </note>
   <preamble>
      <title>الديباجة</title>
      <para>لمّا كان الاعتراف بالكرامة المتأصلة في جميع أعضاء الأسرة البشرية وبحقوقهم المتساوية الثابتة هو أساس الحرية والعدل والسلام في العالم.</para>
      <para>ولما كان تناسي حقوق الإنسان وازدراؤها قد أفضيا إلى أعمال همجية آذت الضمير الإنساني. وكان غاية ما يرنو إليه عامة البشر انبثاق عالم يتمتع فيه الفرد بحرية القول والعقيدة ويتحرر من الفزع والفاقة.</para>
      <para>ولما كان من الضروري أن يتولى القانون حماية حقوق الإنسان لكيلا يضطر المرء آخر الأمر إلى التمرد على الاستبداد والظلم.</para>
      <para>ولما كانت شعوب الأمم المتحدة قد أكدت في الميثاق من جديد إيمانها بحقوق الإنسان الأساسية وبكرامة الفرد وقدره وبما للرجال والنساء من حقوق متساوية وحزمت أمرها على أن تدفع بالرقي الاجتماعي قدمًا وأن ترفع مستوى الحياة في جو من الحرية أفسح.</para>
      <para>ولما كانت الدول الأعضاء قد تعهدت بالتعاون مع الأمم المتحدة على ضمان إطراد مراعاة حقوق الإنسان والحريات الأساسية واحترامها.</para>
      <para>ولما كان للإدراك العام لهذه الحقوق والحريات الأهمية الكبرى للوفاء التام بهذا التعهد.</para>
      <para>فإن الجمعية العامة</para>
      <para>تنادي بهذا الإعلان العالمي لحقوق الإنسان</para>
      <para>على أنه المستوى المشترك الذي ينبغي أن تستهدفه كافة الشعوب والأمم حتى يسعى كل فرد وهيئة في المجتمع، واضعين على الدوام هذا الإعلان نصب أعينهم، إلى توطيد احترام هذه الحقوق والحريات عن طريق التعليم والتربية واتخاذ إجراءات مطردة، قومية وعالمية، لضمان الإعتراف بها ومراعاتها بصورة عالمية فعالة بين الدول الأعضاء ذاتها وشعوب البقاع الخاضعة لسلطانها.</para>
   </preamble>
   <article number="1">
      <title>المادة 1</title>
      <para>يولد جميع الناس أحرارًا متساوين في الكرامة والحقوق. وقد وهبوا عقلاً وضميرًا وعليهم أن يعامل بعضهم بعضًا بروح الإخاء.</para>
   </article>
   <article number="2">
      <title>المادة 2</title>
      <para>لكل إنسان حق التمتع بكافة الحقوق والحريات الواردة في هذا الإعلان، دون أي تمييز، كالتمييز بسبب العنصر أو اللون أو الجنس أو اللغة أو الدين أو الرأي السياسي أو أي رأي آخر، أو الأصل الوطني أو الإجتماعي أو الثروة أو الميلاد أو أي وضع آخر، دون أية تفرقة بين الرجال والنساء.</para>
      <para>وفضلاً عما تقدم فلن يكون هناك أي تمييز أساسه الوضع السياسي أو القانوني أو الدولي لبلد أو البقعة التي ينتمي إليها الفرد سواء كان هذا البلد أو تلك البقعة مستقلاً أو تحت الوصاية أو غير متمتع بالحكم الذاتي أو كانت سيادته خاضعة لأي قيد من القيود.</para>
   </article>
   <article number="3">
      <title>المادة 3</title>
      <para>لكل فرد الحق في الحياة والحرية وسلامة شخصه.</para>
   </article>
   <article number="4">
      <title>المادة 4</title>
      <para>لا يجوز إسترقاق أو إستعباد أي شخص. ويحظر الإسترقاق وتجارة الرقيق بكافة أوضاعهما.</para>
   </article>
   <article number="5">
      <title>المادة 5</title>
      <para>لا يعرض أي إنسان للتعذيب ولا للعقوبات أو المعاملات القاسية أو الوحشية أو الحاطة بالكرامة.</para>
   </article>
   <article number="6">
      <title>المادة 6</title>
      <para>لكل إنسان أينما وجد الحق في أن يعترف بشخصيته القانونية.</para>
   </article>
   <article number="7">
      <title>المادة 7</title>
      <para>كل الناس سواسية أمام القانون ولهم الحق في التمتع بحماية متكافئة عنه دون أية تفرقة، كما أن لهم جميعاً الحق في حماية متساوية ضد أي تمييز يُخل بهذا الإعلان وضد أي تحريض على تمييز كهذا.</para>
   </article>
   <article number="8">
      <title>المادة 8</title>
      <para>لكل شخص الحق في أن يلجأ إلى المحاكم الوطنية لإنصافه عن أعمال فيها اعتداء على الحقوق الأساسية التي يمنحها له القانون.</para>
   </article>
   <article number="9">
      <title>المادة 9</title>
      <para>لا يجوز القبض على أي إنسان أو حجزه أو نفيه تعسفاً.</para>
   </article>
   <article number="10">
      <title>المادة 10</title>
      <para>لكل إنسان الحق، على قدم المساواة التامة مع الآخرين، في أن تنظر قضيته أمام محكمة مستقلة نزيهة نظراً عادلاً علنياً للفصل في حقوقه والتزاماته وأية تهمة جنائية توجه له.</para>
   </article>
   <article number="11">
      <title>المادة 11</title>
      <orderedlist>
         <listitem>
            <para>كل شخص متهم بجريمة يعتبر بريئاً إلى أن تثبت إدانته قانوناً بمحاكمة علنية تؤمن له فيها الضمانات الضرورية للدفاع عنه.</para>
         </listitem>
         <listitem>
            <para>لا يدان أي شخص من جراء أداء عمل أو الإمتناع عن أداء عمل إلاّ إذا كان ذلك يعتبر جرماً وفقاً للقانون الوطني أو الدولي وقت الارتكاب. كذلك لا توقع عليه عقوبة أشد من تلك التي كان يجوز توقيعها وقت ارتكاب الجريمة.</para>
         </listitem>
      </orderedlist>
   </article>
   <article number="12">
      <title>المادة 12</title>
      <para>لا يعرض أحد لتدخل تعسفي في حياته الخاصة أو أسرته أو مسكنه أو مراسلاته أو لحملات على شرفه وسمعته. ولكل شخص الحق في حماية القانون من مثل هذا التدخل أو تلك الحملات.</para>
   </article>
   <article number="13">
      <title>المادة 13</title>
      <orderedlist>
         <listitem>
            <para>لكل فرد حرية النقل واختيار محل إقامته داخل حدود كل دولة.</para>
         </listitem>
         <listitem>
            <para>يحق لكل فرد أن يغادر أية بلاد بما في ذلك بلده كما يحق له العودة إليه.</para>
         </listitem>
      </orderedlist>
   </article>
   <article number="14">
      <title>المادة 14</title>
      <orderedlist>
         <listitem>
            <para>لكل فرد الحق أن يلجأ إلى بلاد أخرى أو يحاول الالتجاء إليها هربا من الاضطهاد.</para>
         </listitem>
         <listitem>
            <para>لا ينتفع بهذا الحق من قدم للمحاكمة في جرائم غير سياسية أو لأعمال تناقض أغراض الأمم المتحدة ومبادئها.</para>
         </listitem>
      </orderedlist>
   </article>
   <article number="15">
      <title>المادة 15</title>
      <orderedlist>
         <listitem>
            <para>لكل فرد حق التمتع بجنسية ما.</para>
         </listitem>
         <listitem>
            <para>لا يجوز حرمان شخص من جنسيته تعسفا أو إنكار حقه في تغييرها.</para>
         </listitem>
      </orderedlist>
   </article>
   <article number="16">
      <title>المادة 16</title>
      <orderedlist>
         <listitem>
            <para>للرجل والمرأة متا بلغا سن الزواج حق التزوج وتأسيس أسرة دون أي قيد بسبب الجنس أو الدين. ولهما حقوق متساوية عند الزواج وأثناء قيامه وعند انحلاله.</para>
         </listitem>
         <listitem>
            <para>لا يبرم عقد الزواج إلا برضى الطرفين الراغبين في الزواج رضى كاملا لا إكراه فيه.</para>
         </listitem>
         <listitem>
            <para>الأسرة هي الوحدة الطبيعية الأساسية للمجتمع ولها حق التمتع بحماية المجتمع والدولة.</para>
         </listitem>
      </orderedlist>
   </article>
   <article number="17">
      <title>المادة 17</title>
      <orderedlist>
         <listitem>
            <para>لكل شخص حق التملك بمفرده أو بالاشتراك مع غيره.</para>
         </listitem>
         <listitem>
            <para>لا يجوز تجريد أحد من ملكه تعسفا.</para>
         </listitem>
      </orderedlist>
   </article>
   <article number="18">
      <title>المادة 18</title>
      <para>لكل شخص الحق في حرية التفكير والضمير والدين. ويشمل هذا الحق حرية تغيير ديانته أو عقيدته، وحرية الإعراب عنهما بالتعليم والممارسة وإقامة الشعائر ومراعاتها سواء أكان ذلك سرا أم مع الجماعة.</para>
   </article>
   <article number="19">
      <title>المادة 19</title>
      <para>لكل شخص الحق في حرية الرأي والتعبير. ويشمل هذا الحق حرية اعتناق الآراء دون أي تدخل، واستقاء الأنباء والأفكار وتلقيها وإذاعتها بأية وسيلة كانت دون تقيد بالحدود الجغرافية.</para>
   </article>
   <article number="20">
      <title>المادة 20</title>
      <orderedlist>
         <listitem>
            <para>لكل شخص الحق في حرية الاشتراك في الجمعيات والجماعات السلمية.</para>
         </listitem>
         <listitem>
            <para>لا يجوز إرغام أحد على الانضمام إلى جمعية ما.</para>
         </listitem>
      </orderedlist>
   </article>
   <article number="21">
      <title>المادة 21</title>
      <orderedlist>
         <listitem>
            <para>لكل فرد الحق في الاشتراك في إدارة الشؤون العامة لبلاده ما مباشرة وإما بواسطة ممثلين يختارون اختيارا حرا.</para>
         </listitem>
         <listitem>
            <para>لكل شخص نفس الحق الذي لغيره في تقلد الوظائف العامة في البلاد.</para>
         </listitem>
         <listitem>
            <para>إن إرادة الشعب هي مصدر سلطة الحكومة، ويعبر عن هذه الإرادة بانتخابات نزيهة دورية تجري على أساس الاقتراع السري وعلى قدم المساواة بين الجميع أو حسب أي إجراء مماثل يضمن حرية التصويت.</para>
         </listitem>
      </orderedlist>
   </article>
   <article number="22">
      <title>المادة 22</title>
      <para>لكل شخص بصفته عضوا في المجتمع الحق في الضمانة الاجتماعية وفي أن تحقق بوساطة المجهود القومي والتعاون الدولي وبما يتفق ونظم كل دولة ومواردها الحقوق الاقتصادية والاجتماعية والتربوية التي لا غنى عنها لكرامته وللنمو الحر لشخصيته.</para>
   </article>
   <article number="23">
      <title>المادة 23</title>
      <orderedlist>
         <listitem>
            <para>لكل شخص الحق في العمل، وله حرية اختياره بشروط عادلة مرضية كما أن له حق الحماية من البطالة.</para>
         </listitem>
         <listitem>
            <para>لكل فرد دون أي تمييز الحق في أجر متساو للعمل.</para>
         </listitem>
         <listitem>
            <para>لكل فرد يقوم بعمل الحق في أجر عادل مرض يكفل له ولأسرته عيشة لائقة بكرامة الإنسان تضاف إليه، عند اللزوم، وسائل أخرى للحماية الاجتماعية.</para>
         </listitem>
         <listitem>
            <para>لكل شخص الحق في أن ينشأ وينضم إلى نقابات حماية لمصلحته.</para>
         </listitem>
      </orderedlist>
   </article>
   <article number="24">
      <title>المادة 24</title>
      <para>لكل شخص الحق في الراحة، أو في أوقات الفراغ، ولا سيما في تحديد معقول لساعات العمل وفي عطلات دورية بأجر.</para>
   </article>
   <article number="25">
      <title>المادة 25</title>
      <orderedlist>
         <listitem>
            <para>لكل شخص الحق في مستوى من المعيشة كاف للمحافظة على الصحة والرفاهية له ولأسرته. ويتضمن ذلك التغذية والملبس والمسكن والعناية الطبية وكذلك الخدمات الاجتماعية اللازمة. وله الحق في تأمين معيشته في حالات البطالة والمرض والعجز والترمل والشيخوخة وغير ذلك من فقدان وسائل العيش نتيجة لظروف خارجة عن إرادته.</para>
         </listitem>
         <listitem>
            <para>للأمومة والطفولة الحق في مساعدة ورعاية خاصتين. وينعم كل الأطفال بنفس الحماية الاجتماعية سواء أكانت ولادتهم ناتجة عن رباط شرعي أم بطريقة غير شرعية.</para>
         </listitem>
      </orderedlist>
   </article>
   <article number="26">
      <title>المادة 26</title>
      <orderedlist>
         <listitem>
            <para>لكل شخص الحق في التعلم. ويجب أن يكون التعليم في مراحله الأولى والأساسية على الأقل بالمجان، وأن يكون التعليم الأولي إلزاميا وينبغي أن يعمم التعليم الفني والمهني، وأن ييسر القبول للتعليم العالي على قدم المساواة التامة للجميع وعلى أساس الكفاءة.</para>
         </listitem>
         <listitem>
            <para>يجب أن تهدف التربية إلى إنماء شخصية الإنسان إنماء كاملا، وإلى تعزيز احترام الإنسان والحريات الأساسية وتنمية التفاهم والتسامح والصداقة بين جميع الشعوب والجماعات العنصرية أو الدينية، وإلى زيادة مجهود الأمم المتحدة لحفظ السلام.</para>
         </listitem>
         <listitem>
            <para>للآباء الحق الأول في اختيار نوع تربية أولادهم.</para>
         </listitem>
      </orderedlist>
   </article>
   <article number="27">
      <title>المادة 27</title>
      <orderedlist>
         <listitem>
            <para>لكل فرد الحق في أن يشترك اشتراكا حرا في حياة المجتمع الثقافي وفي الاستمتاع بالفنون والمساهمة في التقدم العلمي والاستفادة من نتائجه.</para>
         </listitem>
         <listitem>
            <para>لكل فرد الحق في حماية المصالح الأدبية والمادية المترتبة على إنتاجه العلمي أو الأدبي أو الفني.</para>
         </listitem>
      </orderedlist>
   </article>
   <article number="28">
      <title>المادة 28</title>
      <para>لكل فرد الحق في التمتع بنظام اجتماعي دولي تتحقق بمقتضاه الحقوق والحريات المنصوص عليها في هذا الإعلان تحققا تاما.</para>
   </article>
   <article number="29">
      <title>المادة 29</title>
      <orderedlist>
         <listitem>
            <para>على كل فرد واجبات نحو المجتمع الذي يتاح فيه وحده لشخصيته أن تنمو نموا حرا كاملا.</para>
         </listitem>
         <listitem>
            <para>يخضع الفرد في ممارسته حقوقه لتلك القيود التي يقررها القانون فقط، لضمان الاعتراف بحقوق الغير وحرياته واحترامها ولتحقيق المقتضيات العادلة للنظام العام والمصلحة العامة والأخلاق في مجتمع ديمقراطي.</para>
         </listitem>
         <listitem>
            <para>يصح بحال من الأحوال أن تمارس هذه الحقوق ممارسة تتناقض مع أغراض الأمم المتحدة ومبادئها.</para>
         </listitem>
      </orderedlist>
   </article>
   <article number="30">
      <title>المادة 30</title>
      <para>ليس في هذا الإعلان نص يجوز تأويله على أنه يخول لدولة أو جماعة أو فرد أي حق في القيام بنشاط أو تأدية عمل يهدف إلى هدم الحقوق والحريات الواردة فيه.</para>
   </article>
</udhr>
