<?xml version="1.0" encoding="UTF-8"?>

<!--© The Office of the High Commisioner for Human Rights-->

<udhr iso639-3="tso" xml:lang="ts" key="tso_ZW" n="Tsonga (Zimbabwe)"  dir='ltr' iso15924='Latn' xmlns="http://www.unicode.org/udhr">
   <title>Xiboho xa Tifanelo ta Ximunhu ta Hinkwavo</title>
   <preamble>
      <title>Manghenelo</title>
      <para>Tanihileswi ku tekeriwaka enhlokweni xindzhuti xa ntumbuluko na tifanelo leti nga susekiki eka munhu un’wana na un’wana leswi ku nga swona tshaku kumbe masungulo ya ntshuxeko, vululami na ku rhula emisaveni,</para>
      <para>Tanihileswi ku nga ni ku honisiwaka na ku nyadziwa ka tifanelo ta ximunhu leswi tiseke mitirho ya tihanyi leyi onheke miehleketo ya rixaka ra vanhu emikarhini leyi ehansi ka misava, laha vanhu va faneleke ku tiphina hi ntshuxeko wo vulavula leswi va swi lavaka na ripfumelo leri va tihlawulelaka rona na ntshuxeko wo kala ku chavisetiwa ni wa swinavelo swi twarisiwile tanihi xinavelo lexikulukumba ngopfu eka xitshungu,</para>
      <para>Tanihileswi swi nga swa nkoka loko munhu a nga heteleli a sindzisiwile hi xiyimo ku va a hlawula ku pfukela mfumo wa tihanyi na ntshikelelo, kambe tifanelo ta ximunhu ti fanele ku sirheleriwa hi mfumo wa xinawu,</para>
      <para>Tanihileswi swi nga swa nkoka ku tlakuseta nhluvuko wa vuxaka bya vunghana exikarhi ka matiko,</para>
      <para>Tanihileswi vanhu va Nhlangano wa Matiko ya Misava va tiyisileke ntshembo wa wona eka tifanelo ta nkoka ta ximunhu eka Ntsombano (Charter), ni le ka xindzhuti na xidlamela xa munhu ni tifanelo to ringana ta vavasati ni vavanuna naswona va tinyiketile ku tlakuseta nhluvuko wa swa mahanyelo ni mahanyelo yo antswa eka ntshuxeko lowukulu swonghasi,</para>
      <para>Tanihileswi Matikoswirho va tiboheke ku fikelela, va ri eka ntirhisano na Nhlangano wa Matiko ya Misava, ntlakuseto wa nhlonipho kumbe nxiximo wa hinkwavo ni ku tekeriwa enhlokweni ka tifanelo ta ximunhu na mitshunxeko ya nkoka ya masungulo,</para>
      <para>Tanihileswi ku twisisa ka mani na mani ka tifanelo leti na mitshunxeko ya nkoka ya masungulo swi nga ni nkoka wukulu ku tlurisa leswaku ku tiboha loku ku fikeleleka,</para>
      <para>Hikokwalaho ka sweswo, sweswi</para>
      <para>Nhlengeletanonkulu</para>
      <para>Yi paluxa</para>
      <para>Xiboho xa Tifanelo ta Ximunhu ta Hinkwavo lexi</para>
      <para>Tanihi xipimelo xa mani na mani lexi fikelelekaka xa vanhu hinkwavo na matiko hinkwawo, leswaku eku heteleleni munhu un’wana na un’wana na xirho xin’wana na xin’wana xa muganga, hi ku mandzela enhlokweni Xiboho lexi, xi ta ringeta hi ku dyondzisa na dyondzo ku tlakuseta nxiximo wa tifanelo leti na mitshunxeko na hi maendlelo ya nga ni mbuyelo, etikweni ni le handle ka matiko hi xikongomelo xo fikelela ku tekeriwa enhlokweni no lemukiwa leswi hetisekeke, exikarhi ka Matikoswirho hi xiviri ni le xikarhi ka vanhu lava nga le hansi ka mfumo wa vona.</para>
   </preamble>
   <article number="1">
      <title>Xiphemu xa 1</title>
      <para>Vanhu hinkwavo va tswariwa va tshunxekile naswona va ringanile eka tifanelo na xindzhuti. Va havaxerile miehleketo na tshiriti kumbe ku tiva xo biha ni xta kahle nakambe va fanele va kombana moya wa vukwavo.</para>
   </article>
   <article number="2">
      <title>Xiphemu xa 2</title>
      <para>Un’wana na un’wana u ni fanelo yo kuma tifanelo na mitshunxeko leswi boxiweke eka Xiboho lexi, ehandle ka xihlawuhlawu xa muxaka wihi na wihi, ku va ku ri hi rixaka, muhlovo, rimbewu, ririmi, ripfumelo, swa tipolitiki kumbe mavonelo man’ wana, swa tiko kumbe ntumbuluko wa mahanyelo, tinhundzu, ku tswariwa kumbe swiyimo swin’wana.</para>
      <para>Tlhandlakambirhi, a ku na ku hlawula loku nga endliwaka mayelana ni swa mfumo wa tiko, swa vuavanyisi kumbe swa xiyimo xa matiko ya le handle kumbe muganga lowu munhu a humaka eka wona, ku nga va ku ri leri tshunxekeke, na vutisthembi, leri nga tifumiki kumbe swirhalanganyi swin’wana swa vutifumi.</para>
  </article>
   <article number="3">
      <title>Xiphemu xa 3</title>
      <para>Un’wana na un’wana u na fanelo yo hanya, ntshuxeko na nsirhelelo wa vumunhu.</para>
   </article>
   <article number="4">
      <title>Xiphemu xa 4</title>
      <para>A ku na munhu la faneleke ku endliwa hlonga kumbe ku nghenisiwa evukhumbini, vukhumbi na ku xavisiwa ka mahlonga swa arisiwa eka xivumbeko xin’wana na xin’wana.</para>
   </article>
   <article number="5">
      <title>Xiphemu xa 5</title>
      <para>A ku hambi na un’we la faneleke ku ku xanisiwa kumbe ku khomiwa hi ndlela ya tihanyi kumbe ku khomiwa hi ndlela leyi chichaka xindzhuti kumbe nxupulo.</para>
   </article>
   <article number="6">
      <title>Xiphemu xa 6</title>
      <para>Un’wana na un’wana u na fanelo yo tekeriwa enhlokweni tanihi munhu kun’wana na kun’wana ehansi ka nawu.</para>
   </article>
   <article number="7">
      <title>Xiphemu xa 7</title>
      <para>Vanhu hinkwavo va ringana ehansi ka nawu naswona va ni fanelo yo ringana yo sirheleriwa hi nawu ehandle ka xihlawuhlawu. Hinkwavo va ni fanelo yo sirheleriwa leswi ringaneke eka xihlawuhlawu xin’wana na xin’wana lexi kavanyetaka Xiboho lexi na le ka nhlohlotelo wun’wana na wun’wana lowu nga tisaka xihlawuhlawu xa muxaka lowu.</para>
   </article>
   <article number="8">
      <title>Xiphemu xa 8</title>
      <para>Un’wana na un’wana u na fanelo yo kuma xitshunxo eka huvo ya tiko leyi nga ni vuswikoti ehenhla ka timhaka leti onhaka tifanelo ta nkoka leti a nyikiweke tona hi vumbiwa kumbe nawu.</para>
   </article>
   <article number="9">
      <title>Xiphemu xa 9</title>
      <para>A ku na munhu la faneleke ku bohiwa mihulahula, ku pfaleriwa kumbe ku ya evuchavelahwahwa.</para>
   </article>
   <article number="10">
      <title>Xiphemu xa 10</title>
      <para>Un’wana na un’wana u na fanelo yo avanyisiwa leswi ringaneke hi tihuvo leti tiyimeleke naswona leto ka mboyamelotlhelo rin’we eka ku fikelela tifanelo ta yena ni leswi yena a bohekaka ku swi endla kumbe nadzu wihi na wihi wa vugevenga lowu a hehliwaka hawona.</para>
   </article>
   <article number="11">
      <title>Xiphemu xa 11</title>
      <orderedlist>
         <listitem>
            <para>Munhu un’wana na un’wana loyi a hehliwaka hi nandzu wo karhi u ni fanelo yo voniwa a nga ri na nandzu ku kala ku van a vumbhoni lebyi tiyisaka nandzu lowu mayelana ni nawu ehubyeni ya xitshungu laha na yena a ri ni marito yo tisirhelela hawona.</para>
         </listitem>
         <listitem>
            <para> A ku na munhu la nga voniwaka nandzu lowu lavaka nxupulo hi ku languta migingiriko yin’wana na yin’wana kumbe ku tluletiwa ko karhi loku nga humelerisiki nandzu lowu lavaka nxupulo ehansi ka nawu wa tiko kumbe wa misava, hi nkarhi lowu wu endliweke hawona. Nakambe a ku na nxupulo wun’wana lowu tikaka ku tlula xigwevo lexi a xi yelana ni nandzu wa kona hi nkarhi lowu nandzu lowu lavaka nxupulo wu vangiweke hawona.</para>
         </listitem>
      </orderedlist>
   </article>
   <article number="12">
      <title>Xiphemu xa 12</title>
      <para>A ku na munhu loyi a nga ta khomiwa hi ndlela yo kavanyeta xihundla xa yena, ndyangu , muti kumbe mimbulavurisano ya yena, hambi ku ri ku nyefula kumbe ku yeyisa xichavo ni xindzhuti xa yena. Un’wana na un’wana u ni fanelo yo sirheleriwa hi nawu eka ngheneleriwa kumbe ku hlaseriwa.</para>
   </article>
   <article number="13">
      <title>Xiphemu xa 13</title>
      <orderedlist>
         <listitem>
            <para>Un’wana na un’wana u ni fanelo ya ntshuxeko wa ku fambafamba ni ku tshama kumbe ku aka lomu a lavaka kona xikulu ku ri eka mindzilikano ya tiko rin’wana na rin’wana.</para>
         </listitem>
         <listitem>
            <para>Un’wana na un’wana u na fanelo yo siya tiko rin’wana na rin’wana, ku katsa ni ra yena, ivi a ta tlhela a vuya etikweni ra yena.</para>
         </listitem>
      </orderedlist>
   </article>
   <article number="14">
      <title>Xiphemu xa 14</title>
      <orderedlist>
         <listitem>
            <para>Un’wana na un’wana u ni fanelo yo lava no tiphina hi vuchavelahwahwa eka matiko man’wana loko a baleka ku xanisiwa.</para>
         </listitem>
         <listitem>
            <para>Fanelo leyi a yi nge tirhi eka maxaniseko lama nga le rivaleni leswaku a hi ya milandzu ya swa tipolitiki kumbe migingiriko yin’wana leyi hambanaka ni swikongomelo na misinya ya maendlelo ya Nhlangano wa Matiko ya Misava.</para>
         </listitem>
      </orderedlist>
   </article>
   <article number="15">
      <title>Xiphemu xa 15</title>
      <orderedlist>
         <listitem>
            <para>Un’wana na un’wana u na fanelo ya ku va ni vuakatiko.</para>
         </listitem>
         <listitem>
            <para>A ku na munhu loyi a nga ta arisiwa vuakatiko bya yena kumbe ku aleriwa ku byi cinca.</para>
         </listitem>
      </orderedlist>
   </article>
   <article number="16">
      <title>Xiphemu xa 16</title>
      <orderedlist>
         <listitem>
            <para>Vavanuna ni vavasati lava kuleke a va na xirhalanganyi xo tanihi hi rixaka, vuakatiko kumbe ripfumelo lexi nga va sivelaka, hisweswo va ni fanelo yo tekana ivi va tisungulela muti wa vona. Va ni tifanelo to ringana to tekana, tifanelo exikarhi ka vukati ni ku hela ka byona.</para>
         </listitem>
         <listitem>
            <para>Vukati byi ta ngheniwa ntsena hi vatekani lava tshunxekeke xikan’we ni lava tinyikeleke va ri lava a va swi languterile swo va nsati na nuna.</para>
         </listitem>
         <listitem>
            <para>Ndyangu i xiphemu xa ntumbuluko xa muganga lexi nga ni vun’we naswona xi fanele ku sirheleriwa hi muganga xikan’we na tiko.</para>
         </listitem>
      </orderedlist>
   </article>
   <article number="17">
      <title>Xiphemu xa 17</title>
      <orderedlist>
         <listitem>
            <para>Un’wana na un’wana u na fanelo yo va na nhundzu a ri yexe kumbe a ri na van’wana.</para>
         </listitem>
         <listitem>
            <para>A ku na munhu loyi a nga tsimbisiwaka ku va na nhundzu mihulahula.</para>
         </listitem>
      </orderedlist>
   </article>
   <article number="18">
      <title>Xiphemu xa 18</title>
      <para>Un’wana na un’wana u na fanelo ya ntshuxeko wa miehleketo, vutivi byo hlawula xa kahle ni xo biha na ripfumelo; fanelo leyi yi katsa ntshuxeko wo cinca vukhongeri kumbe ripfumelo, na ntshuxeko, laha a nga vaka a ri yexe kumbe na van’wana emugangeni na le ka xitshungu kumbe xihundleni, ku vonakalisa ripfumelo kumbe vukhongeri bya yena eku dyondziseni, eku endleni, eku khongeleni ni le ku byi xiximeni kumbe ku byi lemuka.</para>
   </article>
   <article number="19">
      <title>Xiphemu 19</title>
      <para>Un’wana na un’wana u na fanelo ya ntshuxeko eka mavonelo ni mavulavulelo; fanelo leyi yi katsa ntshuxeko wo veka mavonelo ehandle ko kavanyetiwa na ku lava, ku amukela na ku hundzisa mahungu ni miehleketo hi ndlela yihi na yihi ya vuhangalasamahungu ehandle ka mindzilikano.</para>
   </article>
   <article number="20">
      <title>Xiphemu xa 20</title>
      <orderedlist>
          <listitem>
            <para>Un’wana na un’wana u na fanelo ya ntshuxeko wo hlengeletano no endla xinakulobye kumbe ku dyetana ni van’wana hi ku rhula.</para>
         </listitem>
         <listitem>
            <para>A kun a munhu loyi a nga ta sindzisiwa ku va xirho xa ntlawa wo karhi.</para>
         </listitem>
     </orderedlist>
   </article>
   <article number="21">
      <title>Xiphemu xa 21</title>
      <orderedlist>
         <listitem>
            <para>Munhu un’wana na un’wana u na fanelo yo nghenelela eka migingiriko ya hulumende ya tiko ra yena, hi xiviri kumbe hi ku hlawula vayimeleri hi ndlela yo tshunxeka.</para>
         </listitem>
         <listitem>
            <para>Un’wana na un’wana u na fanelo yo fikelela mitirho ya xitshungu etikweni ra yena.</para>
         </listitem>
         <listitem>
            <para>Ku rhandza ka vanhu hi kona ku nga phuphu ya matimba ya mfumo; ku rhandza ka vona loku ku ta kombisiwa eka nhlawulo wa ntiyiso wa mikarhi leyi vekiweke lowu nga ta va wa mani na mani naswona wu ri na ndzingano wa mathomo laha munhu a hlawulaka a ri exihundleni kumbe hi tindlela tin’wana to ringana na tona to tshunxeka.</para>
         </listitem>
      </orderedlist>
   </article>
   <article number="22">
      <title>Xiphemu xa 22</title>
      <para>Un’wana na un’wana tanihi xirho xa muganga, u na fanelo ya nsirhelelo wa mahanyelo naswona u fanerile hi swa ikhonomi, mahanyelo, tifanelo ta swa ndhavuko leti bohaka eka xidlamela na nhluvuko wo tshunxeka wa vumunhu bya yena leswi a swi kumaka hi matshalatshala ya tiko ni ku dyetana ka matiko ya le handle nakambe swi ri mayelana ni vandla ni swipfuno swa tiko rin’wana na rin’wana.</para>
   </article>
   <article number="23">
      <title>Xiphemu xa 23</title>
      <orderedlist>
         <listitem>
            <para>Un’wana na un’wana u na fanelo yo tirha, ya nhlawulo wo tshunxeka wa ntirho, swiyimo swa ntirho leswi nga ni vululami leswi tsakisaka xikan’we ni nsirhelelo eka pfumaleko wa ntirho.</para>
         </listitem>
         <listitem>
            <para>Un’wana na un’wana ehandle ka xihlawuhlawu, u na fanelo yo kuma muholo wo ringana ni van’wana wa ntirho wo ringana.</para>
         </listitem>
         <listitem>
            <para>Un’wana na un’wana loyi a tirhaka u ni fanelo ya muholo lowu tsakisaka lowu endlaka leswaku yena ni ndyangu wa yena va hanya hi ndlela leyi nga ni xindzhuti xa vumunhu, naswona wu tatiseriwa hi loko swi koteka hi tindlela tin’wana ta nsirhelelo wa swa mahanyelo.</para>
         </listitem>
         <listitem>
            <para>Xiphemu xa 24</para>
         </listitem>
      </orderedlist>
   </article>
   <article number="24">
      <title>Un’wana na un’wana u na fanelo yo wisa no hungasa, ku katsa ni nkarhi wo twala lowu pimiweke wa ku tirha xikan’we ni masiku yo wisa lama hakeriwaka.</title>
      <para>Xiphemu xa 25</para>
   </article>
   <article number="25">
      <title>Un’wana na un’wana u na fanelo yo kuma mahanyelo yo enela lama nga ni rihanyu ra kahle ra yena ni ndyangu wa yena, leswi katsaka swiambalo, swakudya, vutshamo, vutshunguri bya kahle, na vukorhokeri bya mahanyelo byo fanela na fanelo ya nsirhelelo loko wo tshuka a nga ha tirhi, ku vabya, ku lamala, ku loveriwa, ku dyuhala kumbe ku khosahala kumbe ku pfumala swin’wana leswi pfunaka ku hanya eka swiyimo swin’wana leswi a nga kotiki ku swi lawula.</title>
      <orderedlist>
         <listitem>
            <para>Vumanana na vun’wana byi fanele ku nyikiwa mpfuno no khomiwa kahle. Vana hinkwavo, lava tswaleriweke evukatini bya mucato kumbe ehandle ka byona, na vona va ta tiphina hi nsirhelelo wa swa mahanyelo wo fana ni wa van’wana.</para>
         </listitem>
         <listitem>
            <para>[?]</para>
         </listitem>
      </orderedlist>
   </article>
   <article number="26">
      <title>Xiphemu xa 26</title>
      <orderedlist>
         <listitem>
            <para>Un’wana na un’wana u na fanelo ya dyondzo. Dyondzo yi ta va ya mahala, ngopfungopfu eka tintangha ta le hansi ni le ta masungulo. Dyondzo ya le hansihansi yi ta sindzisiwa vanhu kunene. Dyondzo ya swa vutshila ni yo ku dyondzela mitirho yi fanele ku kumeka naswona dyondzo ya le henhla kumbe ya tikholichi yi ta kumeka hi ku ringana eka hinkwavo ku karhi ku langutiwa vuswikoti bya vona.</para>
         </listitem>
         <listitem>
            <para>Dyondzo yi ta kongomisiwa eka nhluvuko lowu heleleke wa vumunhu na ku tiyisa nxiximo wa tifanelo ta ximunhu na mitshunxeko ya nkoka. Yi ta tlakuseta ku twisisa, ku amukelana, vunghana, exxikarhi ka matiko hinkwawo, tinxaka kumbe mitlawa ya vapfumeri, nakambe yi ta ndlandlamuxa migingiriko ya Nhlangano wa Matiko ya Misava hi xikongomelo xo tisa ku rhula.</para>
         </listitem>
         <listitem>
            <para>Vatswari va ni fanelo yo hlawula muxaka wa dyondzo leyi va lavaka leswaku yi nyikiwa vana va vona.</para>
         </listitem>
      </orderedlist>
   </article>
   <article number="27">
      <title>Xiphemu xa 27</title>
      <orderedlist>
         <listitem>
            <para>Un’wana na un’wana u na fanelo yo nghenelela hi ku tshunxeka eka vutomi bya ndhavuko wa muganga, ku tiphina hi vutshila kumbe mitlangu na ku phakelana na van’wana swa ndlandlamuko wa sayense ni mbuyelo wa swona.</para>
         </listitem>
         <listitem>
            <para>Munhu un’wana na un’wana u na fanelo yo sirhelela mitirho ya yena ya sayense, matsalwa kumbe vutshila, ku ri leyi a yi tsakelaka naswona a ri yena mutumbuluxi wa yona.</para>
         </listitem>
      </orderedlist>
   </article>
   <article number="28">
      <title>Xiphemu xa 28</title>
      <para>Un’wana na un’wana u na fanelo yo nghenelela eka swa mahanyelo ya muganga ni swa matiko ya le handle laha tifanelo na mithsunxeko leswi simekiweke eka Xiboho lexi swi nga ta kumeka swi karhi swi fikeleleka leswi heleleke.</para>
   </article>
   <article number="29">
      <title>Xiphemu xa 29</title>
      <orderedlist>
         <listitem>
            <para>Un’wana na un’wana u na ntirho wo karhi emugangeni laha vumunhu bya yena byi kotaka ku hluvuka leswi hetisekeke xikan’we no va lebyo tshunxeka.</para>
         </listitem>
         <listitem>
            <para>Eku tirhiseni ka tifanelo ni mitshunxeko ya yena, un’wana na un’wana u ta lawuriwa hi swipimelo swo karhi leswi boxiweke hi nawu hi xikongomelo xo tekela enhlokweni na ku xixima tifanelo na mitshunxeko ya van’wana xikan’we no fikelela swilaveko swa vululami swa matikhomelo lamanene, ntshamiseko wa xitshungu ni mahanyelo ya vanhu hi ku angarhela emugangeni wa mafumelo yo tshunxeka ya vanyingi.</para>
         </listitem>
         <listitem>
            <para>[?]</para>
         </listitem>
      </orderedlist>
   </article>
   <article number="30">
      <title>Xiphemu xa 30</title>
      <para>A ku na hambi na xin’we eka Xiboho lexi lexi nga hlamuseriwaka wonge xi vula kumbe ku kongoma eka tiko ro karhi, ntlawa kumbe munhu wo karhi ku nyika fanelo yo nghenelela eka migingiriko yin’wana na yin’wana kumbe ku endla nghingiriko wo karhi lowu nga ni xikongomelo xo mbundzuxa fanelo yin’wana na yin’wana na mitshunxeko leyi xaxametiweke eka xiboho lexi.</para>
   </article>
</udhr>
