<?xml version="1.0" encoding="UTF-8"?>

<!--© The Office of the High Commisioner for Human Rights-->

<udhr iso639-3='mcd' xml:lang='mcd' key='mcd' n='Sharanahua' dir='ltr' iso15924='Latn' xmlns="http://www.unicode.org/udhr">
  <title>Non ahuuacaimain huatiroquin ishon. Niaifofoan ichanancashon mato cunushonifo.</title>
  <preamble>
    <para>Manifoti ato niaifofoan ichanancashon iscahuanifo: -Nantifin yoran isharanonfo isharatiroquin. Tsoancai mato chaca huatatiroma. Non yoia cuscan nan manifoti ato tapimahuu. Cunuti pushu muranshorifin ato tapimahuu.</para>
    <para>Tsoan mato paranonmafin non mato yosin sharaicai.</para>
    <para>Ahuua tsacatama rarama shara ninonfo ishon. Yora futsan ato chaca huanonma non rutunanmitsaimisi inonma. Ascahuashu non isharatiro. Non isharacun copiquirifin niaifofoan noco sharahuatirofoquin.</para>
    <para>Ascanrifin ratoranfoan yora chacahuapai ato onufain ato paranfain chacahuaifoan. Nantifinfain shinantaqui shinanfo, -Ascahuacai sharamafinquin. Nantifin yoran manifoanati ahuara shara yoipaiqui yoitirofoquin. icoinranhuapaiqui icoinranhuatiofoquin. Ascanhuacun futsan ato ratutiroma. Nan ahuuara yopaqui fipaiaiton, -Ma. Un mia inantiroma. Unuun oinmatifosi ato inantiro. Mato inantiromaran, ato huashon. Ascanhuatirofoma. Nan yopaifotifin ayarin inonfo.</para>
    <para>Niaifofoan noco yoiaiton, -Manfin nan non mato yoia fústisi nan fustisi man yoitiro. Nan fustisi icoinranhuatiro, -noco huacun. Noco ratupaifafainquin. Nan non yopai cuscancai noco humatiroma. Noco niaifofoan anori acaifoanhuuncai non ato icoinran non huatiromafinquin.</para>
    <para>Mani futsanfoya shara huatanannonfo ishon nunori non yoinon.</para>
    <para>Nan manifotí ato niaifofoan ichanancashon iscahuanifo: -Nantifin yora isharatirofo. Nocofunufo yafin ainfoforifin isharafoan niaifofoan ato cushu sharatiro. Non atonfin imapai sharaquin. Ascancuncai yononmitsamisifo itiromafinquin.</para>
    <para>Ascan manifotifoan ato niaifofoan ichanancashon nunori yoinifo, -Non nantifin yorafo yoipai isharononfo ishon. Yononmitsamisifo inonfoma.</para>
    <para>Ascan non yoia cuscan manifotí non tapimapai.</para>
    <para>Artículos</para>
    <para>Ascancunfin nonfin manifotifin anoashu ichanancashon nantifin yorafo manifoti ano yoipai isharanonfo. Non yoia cuscan shinanshu inonfo. Ascanrifiantan ato tapimannonfo. Ascanshon nantifin yoran iscahuanonfo, -Aicho man ichananfo noco yoini cuscan asharanonfo. Noco yoini cuscan non anon. Niaifofoan nantifin ato caifo anorin yoitiroran, ishon huafo.</para>
  </preamble>
  <article number="1">
    <title>1.</title>
    <para>Nantifin naanno rasisin cainnifoquin. Tsoan mato iscahuatiroma cuscan, -Manfin uhuunnacoinquin. Ahuua tsacatama rarama shara ninonfo ishon. Nantififain aton mapo shinantirofoquin. Ato nomuranrin chaca iyamarain sharamainqui icashon. Ascanrifiantan nantifin manifoti yorahuan tanannon icashu.</para>
  </article>
  <article number="2">
    <title>2.</title>
    <para>Nantifin yorafoti nocofunufo yafin ainfofo ahuuomafo non ahuara ichapayafo nanscarifin asho icoinranhaunonfoquian.</para>
    <para>Nan non cunua cuscanhuafain cunoshonon.</para>
  </article>
  <article number="3">
    <title>3.</title>
    <para>Nantifinfin isharatirofoquin. Ahuua tsacatama rarama shara ninonfo ishon. Tsoqui musutama nitirofoquin.</para>
  </article>
  <article number="4">
    <title>4.</title>
    <para>Tsoancai yora futsa curushcai achitiroma ahuun yonomamitsamisi inon. Ascanrifin atacai yora futsan huaricai futsa inantiromafiquin yonomamitsamisi inon.</para>
  </article>
  <article number="5">
    <title>5.</title>
    <para>Ratoran futsancai yoraqui parannatiroma.</para>
  </article>
  <article number="6">
    <title>6.</title>
    <para>Ranushumua nantifinfain yoi inifoantirofo.</para>
  </article>
  <article number="7">
    <title>7.</title>
    <para>Nantifinfainfin naano rasin ranushumua nicaifaintiroquin. Cushu sharafaintiroquin. Naanori non yoia. Tsoanmain ahuua yoipaicai ishon ranushumuato ato cushu sharacoian.</para>
  </article>
  <article number="8">
    <title>8.</title>
    <para>Futsa futsan chacahuaiton oinquin niaifo patashariton ato cushu sharatiroquin.</para>
  </article>
  <article number="9">
    <title>9.</title>
    <para>Tsoan chacahuacuma ranushumu ato achiyamafain cunu muran iquimaiyamafain ahuun mai arishon nichitiroma.</para>
  </article>
  <article number="10">
    <title>10.</title>
    <para>Niaifofo yoran oincasmaifoancai ahuun niaifo patashari itirofoma. Yoran futsan yoiti huashucai niaifo patashari itirofomafinquin.</para>
  </article>
  <article number="11">
    <title>11.</title>
    <orderedlist>
      <listitem>
	<para>Yoran futsan yoiti huashucai niaifo patashari tapiataimano, -Mifin min icashu, yoitiroma. Yocaqui tauhuashon.</para>
      </listitem>
      <listitem>
	<para>Yora futsaforinfin yocatiro. Ascan tapisharashonfin, -Mifin min icaran, huatiróquin.</para>
      </listitem>
    </orderedlist>
  </article>
  <article number="12">
    <title>12.</title>
    <para>Niaifofoan yoia cuscan yonoyamaiton, -Min chaca huaran, ishon ranushumuafo yoitirofoma. Tsoan ahuun pushu muran iquimacasmainocai iquitiroma. Ahuun yorarincai fucash huatiroma. Futsan cunu fumacurifincai futsan oinnantiroma. Futsacai tsain futsan huatiromafiquin. Yora futsan nanori huaitofin ranushumuaton noco cushu sharatiroquin.</para>
  </article>
  <article number="13">
    <title>13.</title>
    <orderedlist>
      <listitem>
	<para>Nan mai futsan ano ipaiyaifin iqui catiroquin.</para>
      </listitem>
      <listitem>
	<para>Tsoan ahuun caifo ariashu caifo futsari ato mai ano capai catiro. Cafiashu afanan naso curantiro.</para>
      </listitem>
    </orderedlist>
  </article>
  <article number="14">
    <title>14.</title>
    <orderedlist>
      <listitem>
	<para>Rato futsan nan ahuun caifo muranshon'chaca huaino omitsiscahuaifono raquira futsa shinanshu mai futsa ari catiro. Mai futsan ari cashon niaifo futsan - ¿Un mato fu ipaiyaiton mian raquiri huatiromanmun?</para>
      </listitem>
      <listitem>
	<para>Ascantanrifin yora nan ahuu caifoan chaca huafiaino ranushumu aton achianocai raqui afanan catiroma. Mai futsa aricai catiroma.</para>
      </listitem>
    </orderedlist>
  </article>
  <article number="15">
    <title>15.</title>
    <orderedlist>
      <listitem>
	<para>Ratoran futsan, -Unfin uhuun caifoan ahuun yoranfin unquin, -huatiroquin.</para>
      </listitem>
      <listitem>
	<para>Caifo futsan muran ipaiyaitoncai tsoan nituhuantiroma.</para>
      </listitem>
    </orderedlist>
  </article>
  <article number="16">
    <title>16.</title>
    <orderedlist>
      <listitem>
	<para>Nocofunufo yafin ainfofo fianantirofoquin. Caifotifin ascatirofo. Fianancashon facu atirofo.</para>
      </listitem>
      <listitem>
	<para>Ainfoan nocofunu ficasmaiton nocofunun fitiroma. Copiquiriri nocofunun ainfo ficasmaiton ainfoan fitiroma.</para>
      </listitem>
      <listitem>
	<para>Nan niaifofoan nan yoran ipatifo atotirin oin sharapacutiroquin.</para>
      </listitem>
    </orderedlist>
  </article>
  <article number="17">
    <title>17.</title>
    <orderedlist>
      <listitem>
	<para>Nantifin yorafofin mai nantonnacoin itiroquin. Ascanrifiantanfin yora rafutanrifin ato mai nantonnacoin huatirofoquin.</para>
      </listitem>
      <listitem>
	<para>Tsoancai tsoa futsacai, -Min mai anoashu cataonhuu. Afanan minama, noco huatiromafiquin.</para>
      </listitem>
    </orderedlist>
  </article>
  <article number="18">
    <title>18.</title>
    <para>Nantifinfainfin ahuuara shinanpaiquin shinantirofoquin. Ahuuara icoinranhuapaiainfoan icoinranhuatirofo. Ascanfiantanfin nan icoinranhuapaiainfotinchifin icoinranhuatirofo. Arusu fustichinfin icoinranhuapaiquin icoinranhuatiroquin. Atirifinfain a futan icoinranhuapaicaquinfin icoinranhuatirofoquin. icoinranhuashonfin yosi tiroquin. Nan icoinranhuaafotifinfin chanantirofoquin. Nanscafin atirofoquin.</para>
  </article>
  <article number="19">
    <title>19.</title>
    <para>Nantifinfainfin ahuuara shinanpaiquin shinantirofoquin. Shinanshofin futsanfori yoitiro. Tsoancai, -Nan min shinan cuscan huafain tsoan yoiyamahuu, -ishon, Anori yonotiroma. Man shinan cuscan huafain man cunutirori yora futsanfoforinfinfin oinmatiroquin.</para>
  </article>
  <article number="20">
    <title>20.</title>
    <orderedlist>
      <listitem>
	<para>Nan ichananpaiaifoti ichanantirofo. Tsofumain rafupaicai nan fu rafutiro.</para>
      </listitem>
      <listitem>
	<para>Ratofumain rafucasmaicai. Tsoancai, -A fu rafuhuu, huatiromafinquin.</para>
      </listitem>
    </orderedlist>
  </article>
  <article number="21">
    <title>21.</title>
    <orderedlist>
      <listitem>
	<para>Rato futsamain ahuun caifoan niaifo itiroquin. Nan naifo ipaiyamaiton ratoran futsan ahuun caifo futan catontirofoquin. Niaifo inon icashon.</para>
      </listitem>
      <listitem>
	<para>Nanfin niaifofonaquin ascan niaifofoan ato ahuuarafin apaiquin atirofoquin.</para>
      </listitem>
      <listitem>
	<para>Ahuuamain huapaicanicai ishonfin niaifoan ato yonotiroquin. Fasi ranan finoin finonyotan anosi ichanancashon ratomain niaifoforifin iquicain ishon catontirofo. Nan nocofunufo futan ainfofoanrifin niaifofo catontirofo.</para>
      </listitem>
    </orderedlist>
  </article>
  <article number="22">
    <title>22.</title>
    <para>Cushunancahuun. Mato caifo yafin mato yorafo cushunan sharacahuun. Ascashufin nantifin isharatirofoquin.</para>
  </article>
  <article number="23">
    <title>23.</title>
    <orderedlist>
      <listitem>
	<para>Nantifin yorafo yonotirofoquin. Nan nocofunun nanfincoin yonopai yonotiro. Ascanrifiantan futsa yonoshonpaiquin yonoshontiro. Yonofiantiofiashucai yonoashuma isharatiromafinquin. Yono sharacashonfin nanno rasisi fitirofoquin.</para>
      </listitem>
      <listitem>
	<para>Tsoan yono sharashonfin fi sharatiroquin. Yono sharacashonfin nanno rasisi fitirofoquin.</para>
      </listitem>
      <listitem>
	<para>Ratoran futsa yono sharashonfin fi sharatiroquin. Ascancunfin naanton yafin ahuun yorafo isharatirofoquin.</para>
      </listitem>
      <listitem>
	<para>Nantifinfainfin ano rasisi yonopaicanifin yonotirofoquin.</para>
      </listitem>
    </orderedlist>
  </article>
  <article number="24">
    <title>24.</title>
    <para>Nan yonoi unutafin caiyahuati sharaquin. Yonohuaitianmarinfin non tunu yafin sharaquin.</para>
  </article>
  <article number="25">
    <title>25.</title>
    <orderedlist>
      <listitem>
	<para>Nantifin non icafin sharaquin. Nantifin yonoyacain sahuutiacain pushuyacain cayatiacain. Ascashufin non shara itiroquin. Ahuuara isinpa icaiforifin yonotiromafocun non cushu sháratiroquin. Ahuinfo funuomarifin non oin sharatiroquin. Anifofo yafin yoshafoforinfinfin non ato oin sharatiroquin.</para>
      </listitem>
      <listitem>
	<para>Nantifin ahuafo non facufo non cushu sharacahuun.</para>
      </listitem>
    </orderedlist>
  </article>
  <article number="26">
    <title>26.</title>
    <orderedlist>
      <listitem>
	<para>Nantifinfain cunu oianfofin sharaquin.</para>
      </listitem>
      <listitem>
	<para>Tapimamisiton ahuun tapimamisifo ato tapimatiro iscahuaquin, -isharacahuu, futsa sharahuacahuu, futsaqui sinayamacahuu. Futsaforifin yorahuan tanancahuu. Ascanrifiantan rutananpaiyamacahuu.</para>
      </listitem>
      <listitem>
	<para>Apan futan ahuan ato facufo ahuuara tapimapai cuscan huafainfin tapimatirofoquin.</para>
      </listitem>
    </orderedlist>
  </article>
  <article number="27">
    <title>27.</title>
    <orderedlist>
      <listitem>
	<para>Nanscaisi ahuun caifoya fuyahuanifo.</para>
      </listitem>
      <listitem>
	<para>Ahuun caifo yononi cuscan huafain yora futsarifin ismatiroquin.</para>
      </listitem>
    </orderedlist>
  </article>
  <article number="28">
    <title>28.</title>
    <para>Non yonoa cuscan manifotifin acanashu nantifin yora isharacointirofoquin.</para>
  </article>
  <article number="29">
    <title>29.</title>
    <orderedlist>
      <listitem>
	<para>Nantifinfain nan ica pushu anoafo a futan atirofoquin.</para>
      </listitem>
      <listitem>
	<para>Nantifinfain ahuuara shara huatirofoquin. Nialfofoan yonoa cuscanrifin nanrifin huatirofoquin. Nalifofoan yonoa cuscan nicacasmaiton ato iquimatiro foquin.</para>
      </listitem>
      <listitem>
	<para>Non cunua cuscan tsoan yoiqui huashon, -Niaifofo yoini non ahuuara chaca huatiroquin, ishon. Aririma. Non ariri yoiama.</para>
      </listitem>
    </orderedlist>
  </article>
  <article number="30">
    <title>30.</title>
    <para>Non tsain shara fusti cunupai. Tsoan noco tsain oinfainshoncai yora futsa huapaiaitoncai oin sharamafinquin.</para>
  </article>
</udhr>
