<?xml version="1.0" encoding="UTF-8"?>

<!--© The Office of the High Commisioner for Human Rights-->

<udhr iso639-3="roh" xml:lang="rm-rumgr" key="roh_rumgr" n="Romansch (Grischun)" dir='ltr' iso15924='Latn' xmlns="http://www.unicode.org/udhr">
   <title>Decleraziun universala dals dretgs umans</title>
   <preamble>
      <title>Preambel da la decleraziun</title>
      <para>Considerond che la reconuschientscha da la dignitad da tut ils members da la famiglia umana e da lur dretgs eguals ed inalienabels furma il fundament da la libertad, da la giustia e da la pasch en il mund;</para>
      <para>considerond che la sconuschientscha ed il spretsch dals dretgs umans han manà ad acts da barbaria ch’offendan la conscienza da l’umanitad e che la creaziun d’in mund, en il qual ils umans han la libertad da discurrer e da crair libers da terrur e miseria, è vegnida proclamada sco l’aspiraziun suprema da l’uman;</para>
      <para>considerond ch’igl è essenzial da proteger ils dretgs umans cun leschas per ch’il carstgaun na saja betg sfurzà d’applitgar sco davos med la revolta cunter la tirannia e l’oppressiun;</para>
      <para>considerond ch’igl è essenzial da promover las relaziuns amicablas tranter las naziuns;</para>
      <para>considerond ch’ils pievels da las Naziuns Unidas han proclamà danovamain en il statut lur cardientscha en ils dretgs fundamentals dal carstgaun, en la dignitad ed en la valita da la persuna umana, en l’egualitad dals dretgs dad um e dunna, e ch’els èn sa declerads decis da favurisar il progress social e d’instituir meglras cundiziuns da viver en ina libertad pli vasta;</para>
      <para>considerond ch’ils stadis commembers èn s’obligads da segirar, en cooperaziun cun l’Organisaziun da las Naziuns Unidas, il respect universal ed effectiv dals dretgs umans e da las libertads fundamentalas;</para>
      <para>considerond ch’ina concepziun communabla da quests dretgs e da questas libertads è d’impurtanza suprema per ademplir cumplainamain quest engaschament,</para>
      <para>proclamescha l’Assamblea generala la preschenta decleraziun universala dals dretgs umans sco ideal ch’è da cuntanscher communablamain da tut ils pievels e da tut las naziuns, per che tut ils carstgauns e tut ils organs da la societad hajan adina preschent questa Decleraziun, e sa stentian da promover en l’instrucziun ed en l’educaziun il respect da quests dretgs e da questas libertads e da segirar a quels cun mesiras progressivas sin plaun naziunal ed internaziunal reconuschientscha ed applicaziun universala ed effectiva, tant tranter las populaziuns dals stadis commembers sezs sco tranter ils territoris suttamess a lur giurisdicziun.</para>
   </preamble>
   <!--Libertad, egualitad e fraternitad-->
   <article number="1">
      <title>Art. 1:</title>
      <para>Tut ils umans naschan libers ed eguals en dignitad ed en dretgs. Els èn dotads cun raschun e conscienza e duain agir in vers l’auter en spiert da fraternitad.</para>
   </article>
   <article number="2">
      <title>Art. 2:</title>
      <para>Mintga persuna po far valair tut ils dretgs e tut las libertads proclamads en la Decleraziun preschenta senza distincziun, particularmain da razza, da colur, da schlattaina, da religiun, d’opiniun politica u autra, d’origin naziunal u social, da possess, da naschientscha u d’autras circumstanzas.</para>
      <para>Plinavant na vegni fatg nagina distincziun fundada sin il statut politic, giuridic u internaziunal dals pajais u da territori, dal qual ina persuna deriva, che quest pajais u territori saja independent, sut tutela, nun-autonom u suttamess ad in’autra limitaziun da suveranitad.</para>
  </article>
   <article number="3">
      <title>Art. 3:</title>
      <para>Mintga uman ha il dretg da vita, da libertad e da segirtad da la persuna.</para>
   </article>
   <article number="4">
      <title>Art. 4:</title>
      <para>Nagin na dastga vegnir tegnì en sclavaria u en servitid; la sclavaria ed il commerzi da sclavs èn scumandads en tut lur furmas.</para>
   </article>
   <article number="5">
      <title>Art. 5:</title>
      <para>Nagin na dastga vegnir suttamess a la tortura, ni a painas ni a tractaments crudaivels, inumans u degradants.</para>
   </article>
   <article number="6">
      <title>Art. 6:</title>
      <para>Mintga uman ha il dretg da vegnir renconuschì dapertut sco persunalitad giuridica.</para>
   </article>
   <article number="7">
      <title>Art. 7:</title>
      <para>Tut ils umans èn eguals avant la lescha ed han senza distincziun il dretg da protecziun eguala cunter tutta discriminaziun che violass la Decleraziun preschenta e cunter tutta provocaziun ad ina tala discriminaziun.</para>
   </article>
   <article number="8">
      <title>Art. 8:</title>
      <para>Mintga persuna ha il dretg da protecziun legala avant las giurisdicziuns naziunalas cumpetentas cunter acts che violeschan ils dretgs fundamentals garantids en la constituziun u en la lescha.</para>
   </article>
   <article number="9">
      <title>Art. 9:</title>
      <para>Nagin na dastga vegnir arrestà, detegnì u exilià arbitrariamain.</para>
   </article>
   <article number="10">
      <title>Art. 10:</title>
      <para>Mintga persuna ha il dretg, en egualitad cumplaina, che ses cas vegnia tractà gistamain e publicamain d’in tribunal independent ed imparzial, il qual decida davart ses dretgs e sias obligaziuns u davart la validitad da tutta atgisa penala drizzada cunter ella.</para>
   </article>
   <article number="11">
      <title>Art. 11:</title>
      <orderedlist>
         <listitem>
            <para>Mintga persuna atgisada d’in act punibel è innocenta fin che sia culpa e cumprovada legalmain en in process public, nua che tut las garanzias necessarias per sia defensiun èn vegnidas segiradas ad ella.</para>
         </listitem>
         <listitem>
            <para>Nagin na vegn condemnà per acziuns u omissiuns che na valevan al mument ch’ellas èn vegnidas commessas betg sco act punibel tenor il dretg naziunal ed internaziunal. Medemamain na dastga la paina betg esser pli gronda che quella applitgabla al mument che l’act punibel è vegnì commess.</para>
         </listitem>
      </orderedlist>
   </article>
   <article number="12">
      <title>Art. 12:</title>
      <para>Nagin na dastga daventar l’object d’intervenziuns arbitraras en sia vita privata, sia famiglia, ses domicil u sia correspundenza, ni d’attatgas cunter sia onur e sia reputaziun. Mintga uman ha il dretg da protecziun legala cunter talas intervenziuns u talas attatgas.</para>
   </article>
   <!--Mobilitad, naziunalitad, famiglia, possess-->
   <article number="13">
      <title>Art. 13:</title>
      <orderedlist>
         <listitem>
            <para>Mintga persuna ha il dretg da circular libramain e d’eleger ses domicil en l’intern d’in stadi.</para>
         </listitem>
         <listitem>
            <para>Mintga persuna ha il dretg da bandunar mintga pajais, era ses agen, e da returnar en ses pajais.</para>
         </listitem>
      </orderedlist>
   </article>
   <article number="14">
      <title>Art. 14:</title>
      <orderedlist>
         <listitem>
            <para>En cas da persecuziun ha mintga persuna il dretg da tschertgar asil e da survegnir asil en auters pajais.</para>
         </listitem>
         <listitem>
            <para>Quest dretg na po betg esser invocà en cas da persecuziun pervi da delicts na-politics u pervi d’acziuns che cuntrafan a las miras ed als principis da las Naziuns Unidas.</para>
         </listitem>
      </orderedlist>
   </article>
   <article number="15">
      <title>Art. 15:</title>
      <orderedlist>
         <listitem>
            <para>Mintga uman ha il dretg d’ina naziunalitad.</para>
         </listitem>
         <listitem>
            <para>Nagin na dastga vegnir privà arbitrarmain da sia naziunalitad u dal dretg da midar naziunalitad.</para>
         </listitem>
      </orderedlist>
   </article>
   <article number="16">
      <title>Art. 16:</title>
      <orderedlist>
         <listitem>
            <para>Um e dunna cun vegliadetgna adattada han il dretg da maridar e da fundar ina famiglia senza restricziuns concernent la razza, la naziunalitad u la religiun. Els han ils medems dretgs areguard il matrimoni, durant il matrimoni e tar sia dissoluziun.</para>
         </listitem>
         <listitem>
            <para>Il matrimoni po esser conclus sulettamain cun il consentiment liber e cumplain dals conjugals futurs.</para>
         </listitem>
         <listitem>
            <para>La famiglia è l’element natiral e fundamental da la societad e sto vegnir protegida da la societad e dal stadi.</para>
         </listitem>
      </orderedlist>
   </article>
   <article number="17">
      <title>Art. 17:</title>
      <orderedlist>
         <listitem>
            <para>Mintga persuna ha il dretg d’avair ina proprietad atgna u communabla cun auters.</para>
         </listitem>
         <listitem>
            <para>Nagin na dastga vegnir privà arbitrarmain da sia proprietad.</para>
         </listitem>
      </orderedlist>
   </article>
   <!--Libertad da patratg e d’opiniun-->
   <article number="18">
      <title>Art. 18:</title>
      <para>Mintga persuna ha il dretg da la libertad da patratg, da conscienza e da religiun; quest dretg cumpiglia la libertad da midar religiun u persvasiun sco era da manifestar l’atgna religiun u l’atgna persvasiun sulet u en communitad, publicamain u privat, en l’instrucziun, en la pratica, en il cult ed en l’execuziun da ritus.</para>
   </article>
   <article number="19">
      <title>Art. 19:</title>
      <para>Mintga persuna ha il dretg da la libertad d’opiniun e d’expressiun, quai che cumpiglia il dretg da betg vegnir mulestà pervi da l’atgna opiniun sco era il dretg da tschertgar, retschaiver, derasar, senza resguardar cunfins, las infurmaziuns e las ideas cun tut ils meds d’expressiun.</para>
   </article>
   <article number="20">
      <title>Art. 20:</title>
      <orderedlist>
          <listitem>
            <para>Mintga persuna ha il dretg da la libertad da reuniun e d’associaziun paschaivla.</para>
         </listitem>
         <listitem>
            <para>Nagin na dastga vegnir obligà da far part d’ina associaziun.</para>
         </listitem>
     </orderedlist>
   </article>
   <article number="21">
      <title>Art. 21:</title>
      <orderedlist>
         <listitem>
            <para>Mintga persuna ha il dretg da participar al guvern da l’agen pajais, directamain u cun l’intermediaziun da represchentants elegids libramain.</para>
         </listitem>
         <listitem>
            <para>Mintga persuna ha sut cundiziuns egualas il dretg d’access a las funcziuns publicas da ses agen pajais.</para>
         </listitem>
         <listitem>
            <para>La voluntad dal pievel è il fundament da l’autoritad da las pussanzas publicas; questa voluntad duai s’exprimer en elecziuns periodicas ed onestas cun dretg d’elecziun general ed egual en votaziun secreta u tenor ina procedura equivalenta che garantescha la libertad da votar.</para>
         </listitem>
      </orderedlist>
   </article>
   <!--Lavur, repaus e protecziun-->
   <article number="22">
      <title>Art. 22:</title>
      <para>Mintga persuna ha sco commembra da la societad il dretg da segirtad sociala; ella po pretender d’obtegnair ils dretgs economics, socials e culturals indispensabels per sia dignitad e per il svilup liber da sia persunalitad, quai tras sforzs interns dal stadi ed en la cooperaziun internaziunala, resguardond l’organisaziun e las resursas da mintga pajais.</para>
   </article>
   <article number="23">
      <title>Art. 23:</title>
      <orderedlist>
         <listitem>
            <para>Mintga persuna ha il dretg da lavur, da tscherna libra da sia lavur, da cundiziuns da lavur gistas e cunvegnentas e da la protecziun cunter dischoccupaziun.</para>
         </listitem>
         <listitem>
            <para>Tuts han il dretg, senza discriminaziun, d’in salari egual per lavur eguala.</para>
         </listitem>
         <listitem>
            <para>Tgi che lavura ha il dretg d’ina remuneraziun gista e commensurada che segirescha ad el ed a sia famiglia in’existenza confurma a la dignitad umana e che vegn cumplettada, sche necessari, cun auters meds da protecziun sociala.</para>
         </listitem>
         <listitem>
            <para>Mintga persuna ha il dretg da fundar ensemen cun auters sindicats e da s’affiliar a sindicats per defender ses interess.</para>
         </listitem>
      </orderedlist>
   </article>
   <article number="24">
      <title>Art. 24:</title>
      <para>Mintga persuna ha il dretg da repaus, particularmain d’ina limitaziun raschunaivla dal temp da lavur, e da vacanzas periodicas pajadas.</para>
   </article>
   <article number="25">
      <title>Art. 25:</title>
      <orderedlist>
         <listitem>
            <para>Mintga uman ha il dretg d’in standard da viver suffizient per segirar la sanadad ed il bainesser da sasez e da sia famiglia. Quai concerna particularmain l’alimentaziun, la vestgadira, l’abitaziun, la tgira medicinala sco era ils servetschs socials necessaris. El ha il dretg da segirtad en cas da dischoccupaziun, da malsogna, d’invaliditad, da vaivanza, da vegliadetgna u en ils auters cas da perdita da meds da subsistenza tras circumstanzas independentas da sia voluntad.</para>
         </listitem>
         <listitem>
            <para>Mamma ed uffant han il dretg d’agid e d’assistenza speziala. Tut ils uffants, ch’els sajan naschids en il matrimoni u ordaifer il matrimoni, giaudan la medema protecziun sociala.</para>
         </listitem>
      </orderedlist>
   </article>
   <!--Dretg d’instrucziun e duairs envers la communitad-->
   <article number="26">
      <title>Art. 26:</title>
      <orderedlist>
         <listitem>
            <para>Mintga persuna ha il dretg d’instrucziun. L’instrucziun sto esser gratuita, almain quai che concerna l’instrucziun elementara e fundamentala. L’instrucziun elementara è obligatorica. L’instrucziun tecnica e professiunala sto esser accessibla a tuts; l’access als studis superiurs sto esser liber a tuts en cumplaina egualitad tenor lur merits.</para>
         </listitem>
         <listitem>
            <para>L’instrucziun duai avair en mira il svilup cumplain da la persunalitad umana e rinforzar il respect dals dretgs umans e da las libertads fundamentalas. Ella duai promover la chapientscha, la toleranza e l’amicizia tranter tut las naziuns e tut las gruppas da razza u da religiun sco era sustegnair las activitads da las Naziuns Unidas per il mantegniment da la pasch.</para>
         </listitem>
         <listitem>
            <para>Ils geniturs han da prioritad il dretg d’eleger il gener da l’instrucziun per lur uffants.</para>
         </listitem>
      </orderedlist>
   </article>
   <article number="27">
      <title>Art. 27:</title>
      <orderedlist>
         <listitem>
            <para>Mintga uman ha il dretg da prender part libramain a la vita culturala da la communitad, da giudair ils arts e da participar al progress scientific ed als benefizis che resultan da quel.</para>
         </listitem>
         <listitem>
            <para>Mintga uman ha il dretg da protecziun dals interess morals e materials derivants da tutta producziun scientifica, litterara u artistica, da la quala el è l’autur.</para>
         </listitem>
      </orderedlist>
   </article>
   <article number="28">
      <title>Art. 28:</title>
      <para>Mintga persuna ha il dretg ch’i regia sin il champ social e sin il champ internaziun in urden, en il qual ils dretgs e las libertads menziunads en la preschenta Decleraziun possian cuntanscher in effect cumplain.</para>
   </article>
   <article number="29">
      <title>Art. 29:</title>
      <orderedlist>
         <listitem>
            <para>Mintga uman ha duairs envers la communitad, en la quala suletta è pussaivel il svilup liber e cumplain da sia persunalitad.</para>
         </listitem>
         <listitem>
            <para>En la realisaziun dals dretgs e da las libertads è mintga uman suttamess sulettamain a las limitas stabilidas tras la lescha per segirar la renconuschientscha ed il respect dals dretgs e da las libertads dals auters e per satisfar a las exigenzas da la morala, da l’urden public e dal bainesser general en ina societad democratica.</para>
         </listitem>
         <listitem>
            <para>Quests dretgs e questas libertads na dastgan en nagin cas vegnir realisads cunter las miras ed ils principis da las Naziuns Unidas.</para>
         </listitem>
      </orderedlist>
   </article>
   <article number="30">
      <title>Art. 30:</title>
      <para>Nagina disposiziun da la preschenta Decleraziun na dastga vegnir interpretada uschia ch’in stadi, ina gruppa u ina persuna haja il dretg da sviluppar in’activitad u d’accumplir in act che ha en mira la destrucziun dals dretgs e da las libertads menziunads en questa Decleraziun.</para>
   </article>
</udhr>
