<?xml version="1.0" encoding="UTF-8"?>

<!--© The Office of the High Commisioner for Human Rights-->

<udhr iso639-3='ssw' xml:lang='ss' key='ssw' n='Swati' dir='ltr' iso15924='Latn' xmlns="http://www.unicode.org/udhr">
  <note>
    <para>MHLABUHLANGENE</para>
    <para>Mhla tilishumi enyangeni yeNgongoni emnyakeni wanga‐1948 (10 December 1948), uMhlangano wawonkhewonkhe waMhlabuhlangene wemukela waphindze wamemetela simemetelo Sawonkhewonkhe Lesimayelana Nemalungelo Ebuntfu. LeSimemetelo sibhalwe ngalokugcwele kulamakhasi (emapheji) lalandzelako. Kulandzela Lesimiso lesingumlandvo loMhlangano‐ke wabese ukhulumisana nemave lakulenhlangano yakaMhlabuhlangene yawatjela kutsi akasakate atise bantfu mayelana nalendzaba lebhaliwe leSimemetelo aphindze futsi lamave "asakate atise labanye bantfu labatayichubela embili lendzaba ngekuyisakata, babonise labanye ngalendzaba, baphindze bayichasise etikolweni, nakuletinye takhiwo netimiso letiphatselene netemfundvo, ngaphandle kokwenta lubandlululo lolusukela kutembusave wakulawo mave noma wakuleto tifundza.</para>
  </note>
  <title>SIMEMETELO SEMHLABA WONKHE MAYELANA NEMALUNGELO EBUNTFU</title>
  <preamble>
    <title>SINGENISO</title>
    <para>Njengoba</para>
    <para>kwatiswa ngekubakhona ngekwemvelo kwesitfunti sebuntfu, nekulingana lokufananako, nangekuba nemalungelo langenakwemukwa noma langenakutsatfwa kulelo nalelo lilunga lelingumndeni webuntfu, konkhe loku‐ke kungumgogodla noma kusisekelo senkhululeko, sekwenta lokulungile nesekuba nekuthula emhlabeni wonkhe jikelele,</para>
    <para>Nanjengoba</para>
    <para>, kunganaki nekwedzelela emalungelo ebuntfu kugcine sekudale tento letinelunya nebulwane kwabuye futsi kwatfukutselisa nembeza wesintfu sonkhe, kwashabalalisa sifiso nekulobitela kwekutsi etikhatsini letitako sintfu sitawutfokotela kuba nenkhululeko yekukhuluma, nekukholwa, nenkhululeko yekuhlala ngaphandle kokwesaba nekweswela, konkhe loku‐ke sekumenyetelwe njengetifiso letimcoka kabi eluntfwini,</para>
    <para>Nanjengoba‐ke</para>
    <para>kwekutsi lomunye umuntfu akufanele kutsi aze aphoceleleke kubalekela noma ekucindzetelelekeni kutsi atsatse tinyatselo letitsite kuze atikhiphe ekuphatfweni ngelunya nangekucindzetelwa, kuze emalungelo esintfu avikeleke ngalokusemtsetfweni,</para>
    <para>Njengoba</para>
    <para>kumcoka kukhulisa budlelwane lobuhle emkhatsini wetive,</para>
    <para>Nanjengoba</para>
    <para>bantfu bakaMhlabuhlangene kulencwadzi yetivumelwano (i‐Charter) baphindze futsi bagcizelela kukholelwa kwabo esisekelweni semalungelo ebantfu, esitfuntini nasebunguyeni, nasekulinganeni kwemalungelo ebantfu besifazane nebesilisa, nasekucopheleleni ekuphakamiseni inchubekela phambili yemphakatsi, nekwenta lizinga lenhlalo libencono enkhululekweni,</para>
    <para>Njengoba</para>
    <para>emave langemalunga (Member States) enta sitsembiso ekufezeni, ngekubambisana naMhlabuhlangene, ekuchubekiseleni phambili inhlonipho yemhlaba wonkhe nekunakekela emalungelo ebantfu kanye nekukhululeka lokusisekelo,</para>
    <para>Njengoba</para>
    <para>kucondzakala lokuvamile kwalamalungelo naletinkhululeko kuyintfo lemcoka kakhulu kuze kubonakale ngalokugcwele lokwenta lesitsembiso,</para>
    <para>Nyalo, Ngakoke, UMHLANGANO WAWONKHEWONKHE Umemetala kutsi</para>
    <para>LESI SIMEMETELO SEMHLABA WONKHE LESIMAYELANA NEMALUNGELO EBUNTFU singatsi silizinga lelivamile lelikhomba imphumelelo yebantfu bonkhe kanye netive tonkhe, kuze kutsi ekugcineni wonkhe umuntfu ngamunye ngamunye, nemagatja anoma ngumuphi umphakatsi, ngekuhlala bacabanga ngaleSimemetelo ngaso sonkhe sikhatsi, batawuzama ngekufundzisa nekwatisa kuze bakhulise lizinga lokuba nenhlonipho mayelana nalamalungelo netinkhululeko, nangekutsatsa tinyatselo letiya embili, esiveni nasemphakatsini wetive, kuze letintfo titfole kutsi tatiwe mhlabawonkhe, tatiwe ngemiphumela nangekuvumeleka kwato nangekutsi‐ke tiyagcinwa (noma tiyentiwa), tigcine tigcinwa ngiwo onkhe emave langemalunga elenhlangano (Member States) ngekwawo tibuye futsi tigcinwe futsi ngemave langaphansi kwalamave lakulenhlangano.</para>
  </preamble>
  <article number="1">
    <title>INTFO YEKUCALA (1)</title>
    <para>Bonkhe bantfu batalwa bakhululekile balingana ngalokufananako ngesitfunti nangemalungelo. Baphiwe ingcondvo nekucondza kanye nanembeza ngakoke bafanele batiphatse nekutsi baphatse nalabanye ngemoya webuzalwane.</para>
  </article>
  <article number="2">
    <title>INTFO YESIBILI (2)</title>
    <para>Wonkhe umuntfu uvumelekile kuwo onkhe emalungelo netinkhululeko letibhalwe lapha kuleSimemetelo, ngaphandle kokubandlululwa noma nganguyiphi indlela, njengokutsi lowo muntfu akafanele abandlululwe ngenca yebuve, yembala, yebulili, yelulwimi, yelukholo, yembusave noma‐ke ngabe nganguwuphi umbono lakholelwa kuwo, buve bakhe noma umphakatsi laphuma kuwo, imphahla lanayo, kutalwa noma nalokunye lokumayelana nesikhundla saloyo muntfu.</para>
    <para>Ngetulu kwaloko, kute lubandlululo lolungentiwa lususelwa kutembusave, kuletiphatselene nemandla etikhundla, noma‐ke kuletiphatselene nesikhundla (noma lizinga) lelolive lelikuso nalicatsaniswa nalamanye emave emhlaba wonkhe jikelele, noma‐ke kubukwe live noma sifundza lapho lomuntfu achamuka khona, noma lelolive lite mazibuse, noma lelolive linetimali, noma lelolive lite mazibuse, noma‐ke linaleminye imininingwane lekhubatako lemayelana nekutibusa.</para>
  </article>
  <article number="3">
    <title>INTFO YESITSATFU (3)</title>
    <para>Wonkhe umuntfu unelilungelo lokuphila, lokukhululeka nekutibusela kanye nekuphepha kwakhe.</para>
  </article>
  <article number="4">
    <title>INTFO YESINE (4)</title>
    <para>Kute namunye umuntfu lotawuphatfwa njengesigcila noma asetjentiswe njengesigcila, bugcila kanye nemsebenti wekutsengiselana ngetigcila wona‐ke awukavunyelwa noma ngabe wentiwa ngaluphi luhlobo.</para>
  </article>
  <article number="5">
    <title>INTFO YESIHLANU (5)</title>
    <para>Kute namunye umuntfu longaphatfwa ngekuvisa buhlungu noma aphatfwe ngelunya, noma ngendlela lengenabo buntfu noma ngekumehlisa sitfunti noma ngekumjezisa.</para>
  </article>
  <article number="6">
    <title>INTFO YESITFUPHA (6)</title>
    <para>Wonkhe umuntfu unelilungelo lekutsi abonakale kuyo yonkhe indzawo atsatfwe njengentfo lehamba embili kunemtsetfo.</para>
  </article>
  <article number="7">
    <title>INTFO YESIKHOMBISA (7)</title>
    <para>Bonkhe bantfu bayalingana embikwemtsetfo kantsi banelilungelo lekuvikeleka ngaphansi kwemtsetfo ngaphandle kokubandlululwa. Bonkhe banelilungelo lelifananako ekuvikelekeni nasekubandlululweni lokwephula leSimemetelo, kantsi futsi‐ke bavikelekile noma ngabe ngukutiphi tindlela letingasetjentiswa tekubayenga kantsi tibe tibandlulula.</para>
  </article>
  <article number="8">
    <title>INTFO YESIPHOHLONGO (8)</title>
    <para>Wonkhe muntfu unelilungelo lokutfola likhambi lelinemiphumela lebonakalako lelinganikwa libandla lelinelikhono ekutsetseni emacala esive ikakhulu emacaleni laphatselene netento tebudlova ekuphuleni emalungelweni lasisekelo lanawo lomuntfu, anawo ngekwemtsetfo‐mgogodla walelolive nemitsetfo yakhona.</para>
  </article>
  <article number="9">
    <title>INTFO YEMFICA (9)</title>
    <para>Kute noma ngabe munye umuntfu longaboshwa noma ngayiphi indlela, noma abanjwe noma adzingiswe.</para>
  </article>
  <article number="10">
    <title>INTFO YELISHUMI (10)</title>
    <para>Wonkhe umuntfu uvumelekile kutsi atfole kuviwa lokulinganako nalokufananako kantsi futsi lokungakhetsi uma lowo muntfu atekiswa licala; lelicala kufanele alitekiswe libandla lekutsetsa emacala lelingenako kukhetsa, ikakhulu uma lelibandla lizama kuncuma mayelana nemalungelo kanye netibopho takhe lomuntfu, nanoma‐ke lomuntfu atsetsiswa emacala lamabi kakhulu lamangalelwe wona.</para>
  </article>
  <article number="11">
    <title>INTFO YELISHUMI NAKUNYE (11)</title>
    <orderedlist>
      <listitem>
	<para>Wonkhe umuntfu lobekwe licala leliphatselene nekujeziswa, lowo muntfu unelilungelo lekutsi acatjangwe njengemuntfu lomsulwa kuze kube nesiciniseko sekutsi unalo lelicala ngalokusemtsetfweni uma ngabe lomuntfu atsetsiwa lelicala phambi kwebantfu, lapho anikwe siciniseko sekutsi konkhe lokumcoka ekutivikeleni kwakhe lokuvunyelwene ngako kuyentiwa.</para>
      </listitem>
      <listitem>
	<para>Kute umuntfu loyawubekwa licala lelihambelana nekujeziswa uma ngabe wente sento noma ngoba aphutse kwenta sento lesitsite lesingahambelani nekujeziswa, ngaphansi kwemtsetfo wesive newemave onkhe ngesikhatsi lomuntfu enta lesento noma angakasenti lesento. Kute futsi umuntfu longanika lomuntfu inhlawulo lematima leyendlula lenhlawulo lelayifanele anikwe yona ngalesosikhatsi uma lomuntfu enta lelo licala lelaliphatselene nekujeziswa.</para>
      </listitem>
    </orderedlist>
  </article>
  <article number="12">
    <title>INTFO YELISHUMI NAKUBILI (12)</title>
    <para>Kute umuntfu longahlala njalo ahlushwa ngalokungekho emtsetfweni ahlushwa ngoba bantfu bangena tindzaba takhe letingesito tawonkhewonkhe, bangene tindzaba temndeni wakhe, telikhaya lakhe, noma ngekumbalela, noma‐ke ngekumsukela bahlambalaze bucotfo nesimilo salomuntfu kanye neligama lelihle lalomuntfu. Wonkhe umuntfu unalo lilungelo lekuvikeleka ngaphansi kwemtsetfo lobhekene nebantfu labatsandza kungena tindzaba talabanye noma‐ke labo labatsandza kuhlasela basukele labanye.</para>
  </article>
  <article number="13">
    <title>INTFO YELISHUMI NAKUTSATFU (13)</title>
    <orderedlist>
      <listitem>
	<para>Wonkhe umuntfu unelilungelo nenkhululeko yekuhamba noma kunyakata nekuhlala ngekhatsi kwemcele wakulelo nalelo live.</para>
      </listitem>
      <listitem>
	<para>Wonkhe umuntfu unelilungelo lekuphuma noma lekushiya noma nganguliphi live, kufake ekhatsi live lakhe latalwa kulo, nekutsi‐ke unelilungelo lekubuyela eveni lakhe.</para>
      </listitem>
    </orderedlist>
  </article>
  <article number="14">
    <title>INTFO YELISHUMI NESINE (14)</title>
    <orderedlist>
      <listitem>
	<para>Wonkhe umuntfu uvumelekile kuyocela kukhosela nekutfola injabulo kulamanye emave nakabalekela kuhlushwa noma inhlupheko.</para>
      </listitem>
      <listitem>
	<para>Lelilunglo lokuncengela noma lokucela kuyohlala kulelinye live ngeke lisetjentiswe uma ngabe lenhlupheko lecosha lomuntfu akusiyo inhlupheko lesuselwa emacaleni etembusave, noma‐ke uma ngabe lenhlupheko idalwe ngemacala ekuphula imigomo nemitsetfo yaMhlabuhlangene.</para>
      </listitem>
    </orderedlist>
  </article>
  <article number="15">
    <title>INTFO YELISHUMI NESIHLANU (15)</title>
    <orderedlist>
      <listitem>
	<para>Wonkhe umuntfu unelilungelo lebuve.</para>
      </listitem>
      <listitem>
	<para>Kute umuntfu longemukwa buve bakhe nobe afuna kubugucula.</para>
      </listitem>
    </orderedlist>
  </article>
  <article number="16">
    <title>INTFO YELISHUMI NESITFUPHA (16)</title>
    <orderedlist>
      <listitem>
	<para>Bantfu besilisa nebesifazane lasebakhulile bafika emnyakeni logcwele, ngaphandle kwetivimbelo letisuselwa ekutseni lomuntfu wasive sini, nekutsi usive sini noma‐ke ukholwaphi, unelilungelo lokushada acale umndeni. Laba labashadile banemalungelo lalinganako nalafananako kulomshado, ngesikhatsi bahlalisana basashadile, noma‐ke ngesikhatsi sewupheliswa lomshado.</para>
      </listitem>
      <listitem>
	<para>Umshado uyangenelwa kuphela uma ngabe labobantfu bakhululekile kantsi futsi banemvume yabo lephelele yekushada lomuntfu labamshadako.</para>
      </listitem>
      <listitem>
	<para>Umndeni yinhlangano yemvelo nesisekelo lesiyintfo leyodvwa leyakha noma leyenta umphakatsi, umndeni‐ke unelilungelo lokulondvolotwa ngumphakatsi kanye nelive.</para>
      </listitem>
    </orderedlist>
  </article>
  <article number="17">
    <title>INTFO YELISHUMI NESIKHOMBISA (17)</title>
    <orderedlist>
      <listitem>
	<para>Wonkhe umuntfu unelilungelo lokuba nemphahla lengeyakhe yedvwa abe futsi nemphahla layihlanganyele nalabanye.</para>
      </listitem>
      <listitem>
	<para>Kute umuntfu longemukwa imphahla yakhe ngalokungekho emtsetfweni.</para>
      </listitem>
    </orderedlist>
  </article>
  <article number="18">
    <title>INTFO YELISHUMI NESIPHOHLONGO (18)</title>
    <para>Wonkhe umuntfu unelilungelo lenkhululeko yengcondvo, yanembeza kanye neyelukholo; lelilungelo lifaka ekhatsi inkhululeko yekushintja lukholo noma inkholo, nenkhululeko, noma uyedvwa lowo muntfu noma usemphakatsini nalabanye, ekusitsekeni noma embikwebantfu, lowo muntfu uvumelekile kubonakalisa lukholo lwakhe noma inkholo yakhe ekufundziseni, enkonzweni nasekugcineni imitsetfo yekukholwa nekusontsa kwakhe.</para>
  </article>
  <article number="19">
    <title>INTFO YELISHUMI NEMFICA (19)</title>
    <para>Wonkhe umuntfu unelilungelo lokukhuluma imibono yakhe ngenkhululeko nekukhuluma loku lafuna kukukhuluma; lelilungelo lifaka ekhatsi inkhululeko yekukholelwa emicondvweni letsite ngaphandle kokuphatanyiswa ngekufuna nekutfola nekusakata imibiko kanye nemicondvo noma ngabe ngangukuwuphi umsakato losakata tindzaba utisakata noma ngabe ngukuwuphi umncele.</para>
  </article>
  <article number="20">
    <title>INTFO YEMASHUMI LAMABILI (20)</title>
    <orderedlist>
      <listitem>
	<para>Wonkhe umuntfu unelilungelo lenkhululeko lokuba senhlanganweni noma embutfwaneni lonekuthula</para>
      </listitem>
      <listitem>
	<para>Kute umuntfu longaphocelelwa kutsi abe lilunga lanoma ngabe nguyiphi inhlangano.</para>
      </listitem>
    </orderedlist>
  </article>
  <article number="21">
    <title>INTFO YEMASHUMI LAMABILI NAKUNYE (21)</title>
    <orderedlist>
      <listitem>
	<para>Wonkhe umuntfu unelilungelo lokuhlanganyela kuhulumende welive lakhe akwente loko ngekuba lilunga noma‐ke ngekukhetsa ngenkhululeko emalunga langammelela.</para>
      </listitem>
      <listitem>
	<para>Wonkhe umuntfu uvumelekile noma unemalungelo lafananako nalalinganako ekusebentiseni tintfo letikhona letingasetjentiswa eveni lakhe.</para>
      </listitem>
      <listitem>
	<para>Intsandvo yebantfu ngiyo sisekelo lesinika emandla noma ligunya emandla ahulumende; loku kufanele kushiwo ngetikhatsi letitsite nangesikhatsi selukhetfo lolungilo; lolukhetfo‐ke lona lufanele lwentiwe ngumuntfu wonkhe lapho emalungelo ekuvota entiwe ngemfihlo ngekubhala emapheshaneni, noma‐ke ngalenye indlela yekuvota lenenkhululeko nalelandzela imitsetfo yakhona yekuvota.</para>
      </listitem>
    </orderedlist>
  </article>
  <article number="22">
    <title>INTFO YEMASHUMI LAMABILI NAKUBILI (22)</title>
    <para>Wonkhe umuntfu, njengelilunga lemphakatsi, unelilungelo lekuvikeleka emphakatsini nekutsi uvumelekile ekuboneni, ngekusebentisa imitamo leyentiwa live kanye nemave emhlaba ekuhlanganyeleni nangekulandzela imitsetfo yenhlangano kanye nemnotfo walelo nalelo live, kutemnotfo, netintfo letimayelana nekuhlalisana kahle kwebantfu emphakatsini, kanye‐ke nemalungelo emasiko nemisimeto lokunguwona anika lowomuntfu sitfunti sakhe nenkhululeko yekutfutfukisa bunguye nebuntfu bakhe.</para>
  </article>
  <article number="23">
    <title>INTFO YEMASHUMI LAMABILI NAKUTSATFU (23)</title>
    <orderedlist>
      <listitem>
	<para>Wonkhe umuntfu unelilungelo lokusebenta, asebente umsebenti latikhetsele wona ngenkhululeko, asebente endzaweni lelungile nalefanele nalesitanako ekwenteni lomsebenti, nekuvikeleka ekuhlaleni ngoba umuntfu angenawo umsebenti.</para>
      </listitem>
      <listitem>
	<para>Wonkhe umuntfu, ngaphandle kokubandlulula, unelilungelo lekutfola liholo lelilinganako nemsebenti lawentako.</para>
      </listitem>
      <listitem>
	<para>Wonkhe umuntfu losebentako unelilungelo ngalokuvumelekile emtsetfweni nekutsi atfole umholo lokahle lonika siciniseko sekutsi yena kanye nemndeni wakhe bangahlala baphile imphilo lefanele, lenika sitfunti kumuntfu, nekutsi ibe nekuchitjelwa, uma kunesidzingeko, ichitjelwa nguletinye tintfo letiletsa inhlalakahle nekuvikeleka kulowo mphakatsi.</para>
      </listitem>
      <listitem>
	<para>Wonkhe umuntfu unelilungelo lekucala noma lekungena enhlanganweni yetisebenti kuze kuvikeleke iminako yakhe.</para>
      </listitem>
    </orderedlist>
  </article>
  <article number="24">
    <title>INTFO YEMASHUMI LAMABILI NAKUNE (24)</title>
    <para>Wonkhe umuntfu unelilungelo lokuphumula atsatse likhefu nekutsi ente tintfo letimjabulisako, lokufaka ekhatsi kuncishiswa kwesikhatsi sekusebenta ngekusebenta ema‐awa lalingene, noma‐ke ngekunikwa sikhatsi semaholideyi kepha abe abhadalwa lomuntfu lotsetse sikhatsi semaholideyi</para>
  </article>
  <article number="25">
    <title>INTFO YEMASHUMI LAMABILI NESIHLANU (25)</title>
    <orderedlist>
      <listitem>
	<para>Wonkhe umuntfu unelilungelo lokuhlala kahle, ahlale ezingeni lelinetisako nalelifanele kutsi kuhlale bantfu labaphilile emtimbeni, ahlale kahle lomuntfu kanye nemdeni wakhe, kufake ekhatsi kudla, tintfo tekugcoka, tintfo tasendlini kanye netintfo tekunakekela imphilo, naletinye tintfo letitfolakala emphakatsini letingasetjentiswa, nekutsi‐ke lomuntfu unalo lilungelo lokuhlala aphephile noma ngabe akanawo umsebenti, ngesikhatsi sekugula, ngesikhatsi asakhubatekile, nasagugile noma‐ke asate tintfo tekumphilisa ngendzaba yesimo latifica asakuso langeke akwati kusivimbela yena ngekwakhe.</para>
      </listitem>
      <listitem>
	<para>Bumake nebuntfwana buvumelekile kutsi butfole lusito lolutsite kanye nekunakekeleka. Bonkhe bantfwana, noma batalwe batali sebashadile kanye nalabo labatalwa ngaphandle kwemshado, bafanele batfokotele imphilo nenhlalo kantsi futsi baphindze baphatfwe bavikelwe njengawo wonkhe umuntfu lokulowo mphakatsi.</para>
      </listitem>
    </orderedlist>
  </article>
  <article number="26">
    <title>INTFO YEMASHUMI LAMABILI NESITFUPHA (26)</title>
    <orderedlist>
      <listitem>
	<para>Wonkhe umuntfu unelilungelo lekufinyelela emfundvweni. Imfundvo ifanele ingabhadalelwa, ikakhulu eminyakeni lesephansi nasetigabeni letitisekelo. Imfundvo yalabancane ifanele yentiwe ibe sibopho kwekutsi itfolwe nguwonkhe wonkhe. Imfundvo lefaka kuceceshwa ekhatsi nalena lefaka I‐thekhinoloji (kusetjentiswa kwemishini emsebentini) kufanele kutsi itfolakale ngalokuvamile, nemfundvo lephakeme nayo‐ke ifanele itfolakale, bonkhe bafinyelele kuyo ngoba bafanele kufinyelela kuyo.</para>
      </listitem>
      <listitem>
	<para>Imfundvo ifanele icondziswe ekutfutfukiseni buntfu bonkhe bemuntfu, nasekuciniseni ekuhlonipheni emalungelo ebuntfu kanye nenkhululeko lesisekelo. Ifanele ichubele embili kuva nekucondza, kubeketela nebuhlobo bebungane phakatsi kwato tonkhe tive, emabandla etive newelukholo, kantsi futsi bafanele bachube umsebenti waMhlabuhlangene kuze kutfolakale kuthula nelucolo.</para>
      </listitem>
      <listitem>
	<para>Batali banelilungelo lelihamba embili ekukhetseni luhlobo lwemfundvo labafuna ifundziswe bantfwa babo.</para>
      </listitem>
    </orderedlist>
  </article>
  <article number="27">
    <title>INTFO YEMASHUMI LAMABILI NELISONTFO (27)</title>
    <orderedlist>
      <listitem>
	<para>Wonkhe umuntfu unelilungelo lokuhlanganyelwa ngekukhululeka emphilweni yemasiko nemisimeto emphakatsi wakhe, atijabulise atfokotele imisebenti yebuciko abuye futsi ahlanganyele abelane entfutfukweni leyiletfwa ngutesayensi abuye futsi ahlanganyele abelane ngelusito nangetinzuzo letiphuma noma letitfolakala kuyo.</para>
      </listitem>
      <listitem>
	<para>Wonkhe umuntfu unelilungelo lekuvikela bucotfo nemphahla layitsandzako nalayinakako lephuma noma nganguyiphi isayensi, noma nganguluphi luhlobo lwalokubhaliwe ngebungcweti kubhalwe noma kwentiwe ngulowo muntfu.</para>
      </listitem>
    </orderedlist>
  </article>
  <article number="28">
    <title>INTFO YEMASHUMI LAMABILI NESIPHOHLONGO (28)</title>
    <para>Wonkhe umuntfu uvumelekile kutsi ahlale imphilo lehlalwa bantfu bonkhe, nangendlela lehlalwa bantfu bonkhe emaveni etive ngetive lapho khona emalungelo nenkhululeko atfolakala entiwa khona njengoba abhalwe lapha kuleSimemetelo.</para>
  </article>
  <article number="29">
    <title>INTFO YEMASHUMI LAMABILI NEMFICA (29)</title>
    <orderedlist>
      <listitem>
	<para>Wonkhe umuntfu unesibopho emphakatsini lapho kukhula, kukhululeka nekutfutfuka kwebuntfu bakhe lowo muntfu kwentekele lowo mphakatsi.</para>
      </listitem>
      <listitem>
	<para>Ekusebentiseni emalungelo akhe nenkhululeko yakhe lomuntfu, wonkhe umuntfu ufanele awasebentise emalungelo akhe ngaphandle kokudzelela nekungahloniphi emalungelo nenkhululeko yalomunye umuntfu ngoba onkhe emalungelo nenkhululeko yebantfu kufanele kuvikeleke ngekuwavuma, kuwatisa nekuwahlonipha lawo malungelo nenkhululeko yalabanye, nekutsi afike ezingeni lelitsite letintfo leliwanika bucotfo, indlela yekuhlala ngekwemtsetfo emphakatsini lobuswa ngendlela yelinyenti.</para>
      </listitem>
      <listitem>
	<para>Lamalungelo nalenkhululeko akufanele kusetjentiswe ngendlela lephambene nemitsetfo netisusa takaMhlabuhlangene.</para>
      </listitem>
    </orderedlist>
  </article>
  <article number="30">
    <title>INTFO YEMASHUMI LAMATSATFU (30)</title>
    <para>Kute kuleSimemetelo lokungachazwa ngendlela yekutsi lemitsetfo yentelwe noma ishayelwe emave latsite, noma emacembu latsite, noma umuntfu lotsite, kodvwa‐ke bonkhe labantfu abanalo lilungelo lekutifaka emsebentini noma entfweni nome bente sento lesitsite basenta ngoba bacondze kubulala noma nganguliphi lemalungelo netinkhululeko lokubhalwe ngato kuleliphepha.</para>
  </article>
</udhr>
