<?xml version="1.0" encoding="UTF-8"?>

<!--© The Office of the High Commisioner for Human Rights-->

<udhr iso639-3='ndo' xml:lang='ng' key='ndo' n='Ndonga' dir='ltr' iso15924='Latn' xmlns="http://www.unicode.org/udhr">
  <title>OMUSHANGWA GWAAYEHE GUUTHEMBA WOMUNTU</title>
  <preamble>
    <title>Oohaputetekeli</title>
    <para>Uuna mpoka pwa taambwa ko esimano lyomuntu pavalo nuuthikepamwe osho wo uuthemba wopaumwene waantu ayehe yomezimo lyuuntu ogwo omukanka gwemanguluko, uuyuki nombili muuyuni.</para>
    <para>Uuna mpoka uuthemba womuntu inaau simanekwa nowa dhinika e tau tanaukile monkalo yuupwidhi mboka tau yono po eiuvo lyuuntu nonkalo moka aantu taa ka nyanyukilwa nokukala ye na emanguluko lyokupopya neitaalo osho wo emanguluko kuutile nokoompumbwe ongoshilalakanenwa sha simana shaantu ayehe.</para>
    <para>Uuna mpoka sha pumbiwa opo omuntu kaa thiminikwe a hogolole ongonkatu yahugunina opo a ninge oshipotha mokukondjitha uuhepeki nethiminiko, opo uuthemba wuuntu wu gamenwe pampango.</para>
    <para>Uuna mpoka sha pumbiwa okuhumitha komeho ekoko Iyekwatathano Iyopankalathano ewanawa pokati kiigwana.</para>
    <para>Uuna aantu yIigwanahangano mEkotampango yu ulika einekelo Iyawo muuthemba womuntu, mondilo nomondjundo yuuntu womuntu nuuthikepamwe wuuthemba waakiintu naalumentu noya tokola okuhumitha komeho eputuko Iyopankalathano osho wo omuthika omwaanawa gwonkalamwenyo memanguluko Iya andjagana.</para>
    <para>Uuna Iilyo yIilongo ya uvuneka kutya oya adha mekwatathano nIigwanahangano ehumithokomeho Iyaayehe Iyuuthemba womuntu osho wo ekota Iyemanguluko.</para>
    <para>Uuna mpoka pe na euvoko Iyuuthemba mbuka nemanguluko nena osha simana noonkondo nosho egwanitho Iyeuvaneko.</para>
    <para>Onkene Omutumba gwAayehe gwligwanahangano ogwa tokola Omushangwa nguka gwAayehe gUuthemba wOmuntu gu kale omuthika tagu lalakanenwa kaantu ayehe monkalathano ayihe, mokudhimbulukwa aluhe Omushangwa nguka nokulalakanena okulonga nokuputudha opo ku simanekwe uuthemba nemanguluko moonkatu dha huma komeho, dhopashigwana nodhomuuyuni opo ku shilipalekwe nokutulwe miilonga mokati kaantu ylilongo mbyoka yi li iilyo osho wo maantu yiilongo yilwe kohi yomapangelo gawo.</para>
  </preamble>
  <article number="1">
    <title>Okatopolwa 1</title>
    <para>Aantu ayehe oya valwa ye na emanguluko noye na ondilo yi thike pamwe osho wo uuthemba. Oye na omaipulo goondunge neiuvo onkene naa kalathane mombepo yuumwainathana.</para>
  </article>
  <article number="2">
    <title>Okatopolwa 2</title>
    <para>Omuntu kehe oku na omauthemba nemanguluko ndyoka Iya tumbulwa mOmushangwa nguka nopwaa na ondjoolola yasha ngashi omuhoko, olwaala, uundume, elaka, elongelokalunga, opolotika nenge omadhiladhilo galwe gopashigwana nenge gopankalathano, geliko, gevalo nenge gomuthika monkalathano.</para>
    <para>Ishewe itaku ningwa ondjoolola yopapolitika, yepangelo ndyoka tali mu pangele nenge omuthika gwe gwopaigwana nenge pehala Iyanakukala, ngele oku li kuye mwene, metonatelo Iya gulwe iti ipangele nenge e li pehala a ngambekelwa po.</para>
  </article>
  <article number="3">
    <title>Okatopolwa 3</title>
    <para>Omuntu kehe oku na uuthemba womwenyo, emanguluko negameno Iyuuntu.</para>
  </article>
  <article number="4">
    <title>Okatopolwa 4</title>
    <para>Kape na nando omuntu e na okuningwa omupika nenge a kale muupika; uupika nelanditho Iyaapika olya keelelwa pamikalo adhihe.</para>
  </article>
  <article number="5">
    <title>Okatopolwa 5</title>
    <para>Hamuntu ta hepekwa nenge omahepeko gontumba geshundulo omawinayi.</para>
  </article>
  <article number="6">
    <title>Okatopolwa 6</title>
    <para>Omuntu kehe oku na uuthemba wokutaambwa ko kehe mpoka ongomuntu komeho goveta.</para>
  </article>
  <article number="7">
    <title>Okatopolwa 7</title>
    <para>Aantu ayehe oye thike pamwe komeho goveta noye na okugamenwa shi thike pamwe nopwaa na okatongo koveta. Ayehe oye thike pamwe mokugamenwa kokatongo kehe hoka taka yono Omushangwahokololo nguka osho wo omahongaidho kehe gokatongo.</para>
  </article>
  <article number="8">
    <title>Okatopolwa 8</title>
    <para>Omuntu kehe oku na uuthemba wokugwanithilwa po (remedy) kohofa yi na edhina ewanawa uuna uuthemba we mboka wu li mekotampango nenge moveta tau yonwa.</para>
  </article>
  <article number="9">
    <title>Okatopolwa 9</title>
    <para>Hamuntu ta kwatwa owala nenge te edhililwa nenge ta yi muupongekwa pwaa na omatompelo.</para>
  </article>
  <article number="10">
    <title>Okatopolwa 10</title>
    <para>Omuntu kehe oku na uuthemba wuuthikepamwe wokupulakenwa montaneho kohofa yaana mbinga, mokuutha uuthemba we niinakugwanithwa ye nosho wo omapangulo agehe tage mu ningilwa.</para>
  </article>
  <article number="11">
    <title>Okatopolwa 11</title>
    <orderedlist>
      <listitem>
	<para>Kehe gumwe ta pewa ombedhi omolweyono oku na uuthemba okutalika ko ongomukeenandjo sigo uuna ndoka sha monika kutya olcu na ondjo paveta nopapangulo lyomontaneho mpoka e na eethelo lyomakwatho agehe goku mu gamena.</para>
      </listitem>
      <listitem>
	<para>Kape na nando omuntu e na okweedhililwa pwaa na etompelo lyopaveta yomoshilongo nenge yopaigwana, pethimbo ndyoka eyono Iya ningwa. No itaaku gandjwa wo egeelo li vule eyono.</para>
      </listitem>
    </orderedlist>
  </article>
  <article number="12">
    <title>Okatopolwa 12</title>
    <para>Inashi pitikwa okwiidhopa miinima yopaumwene, yomezimo, yomegumbo nenge yomoontumwafo, nenge okushundula edhina Iye. Omuntu kehe oku na uuthemba wokugamenwa koveta komaidhopo mo nenge omahindo ga tya ngaaka.</para>
  </article>
  <article number="13">
    <title>Okatopolwa 13</title>
    <orderedlist>
      <listitem>
	<para>Omuntu kehe oku na uuthemba wemanguluko Iyokweenda nokukala meni lyoongamba dhoshilongo shoka e li.</para>
      </listitem>
      <listitem>
	<para>Omuntu kehe oku na uuthemba wokuthiga po oshilongo kehe, mwa kwatelelwa she, nokugalukila koshilongo she.</para>
      </listitem>
    </orderedlist>
  </article>
  <article number="14">
    <title>Okatopolwa 14</title>
    <orderedlist>
      <listitem>
	<para>Omuntu kehe oku na uuthemba wokukonga nokweedhililwa moshilongo shilwe opo kaa hepekwe.</para>
      </listitem>
      <listitem>
	<para>Uuthemba mbuka inau dhimbulukiwa uuna omuntu ta pewa egeelo kaali na sha neyono Iyopapolitika nenge keyon'o Iyaa na sha nelalakano nomakankameno gIigwanahangano.</para>
      </listitem>
    </orderedlist>
  </article>
  <article number="15">
    <title>Okatopolwa 15</title>
    <orderedlist>
      <listitem>
	<para>Omuntu kehe oku na uuthemba wuukwashigwana.</para>
      </listitem>
      <listitem>
	<para>Kape na nando omuntu e na okutindilwa uukwashilongo we nenge okulundulula uukwashigwana we.</para>
      </listitem>
    </orderedlist>
  </article>
  <article number="16">
    <title>Okatopolwa 16</title>
    <orderedlist>
      <listitem>
	<para>Aalumentu naakiintu yomimvo dha gwana po, nopwaa na engambeko omolwomalwaala gawo, uukwamuhoko nenge elongelokalunga oye na uuthemba wokuhokana nokuninga egumbo. Oye na uuthemba wuuthikepamwe uuna taa yi moondjokana, uuna ye li mo nuuna tayi teka po.</para>
      </listitem>
      <listitem>
	<para>Ondjokana otayi ningwa ashike nezimino Iya manguluka nolyuudha Iyaaihomboli.</para>
      </listitem>
      <listitem>
	<para>Ezimo (fimily) olyo oshinima shesiku kehe shomonkalathano noshi na uuthemba wokugamenwa konkalathano nepangelo.</para>
      </listitem>
    </orderedlist>
  </article>
  <article number="17">
    <title>Okatopolwa 17</title>
    <orderedlist>
      <listitem>
	<para>Omuntu kehe oku na uuthemba wokukala neliko Iye mwene osho wo okukala mokati kayalwe.</para>
      </listitem>
      <listitem>
	<para>Hamuntu ta kuthwa eliko Iye.</para>
      </listitem>
    </orderedlist>
  </article>
  <article number="18">
    <title>Okatopolwa 18</title>
    <para>Omuntu kehe oku na uuthemba wemanguluko Iyomadhiladhilo neiuvo osho wo elongelokalunga; uuthemba mbuka owa kwatelela mo emanguluko Iyokulundulula elongelokalunga nenge eitaalo, osho wo emanguluko paumwene nenge pangundu nayalwe montaneho nenge paumwene okuholola eitaalo lye pakulonga, pakutula miiloga nenge okuninga elongelokalunga.</para>
  </article>
  <article number="19">
    <title>Okatopolwa 19</title>
    <para>Omuntu kehe oku na uuthemba womadhiladhilo noku ga popya mo; uuthemba mbuka owa kwatelela mo emanguluko okukala nomadhiladhilo gontumba nopwaa na etompakanitho, osho wo okupewa nokugandja uuyelele nomadhiladhilo tadhi ziilile miikundaneki yoludhi kehe.</para>
  </article>
  <article number="20">
    <title>Okatopolwa 20</title>
    <orderedlist>
      <listitem>
	<para>Omuntu kehe oku na uuthemba wokuninga iigongi mombili nekwatathano naantu.</para>
      </listitem>
      <listitem>
	<para>Hamuntu ta thiminikwa opo a ye mehangano Iyontumba.</para>
      </listitem>
    </orderedlist>
  </article>
  <article number="21">
    <title>Okatopolwa 21</title>
    <orderedlist>
      <listitem>
	<para>Omuntu kehe oku na uuthemba wokulonga mepangelo lyoshilongo shawo, paukililo nenge pahololo Iya manguluka.</para>
      </listitem>
      <listitem>
	<para>Omuntu kehe oku na uuthemba wokukwathela shi thike pamwe komayakulo gepangelo gomoshilongo she.</para>
      </listitem>
      <listitem>
	<para>Ehalo Iyaantu olyo tali kala omukanka gwepangelo Iyepangelo; ndika ota li ulikwa pokathimbo nokathimbo mehogololo Iyoshili ndyoka Iyaayehe tali ningwa paumbapila womeholamo nenge pamukalo gwa faathana gwa manguluka.</para>
      </listitem>
    </orderedlist>
  </article>
  <article number="22">
    <title>Okatopolwa 22</title>
    <para>Omuntu kehe, oku na uuthemba womafutilo ngele okwa kulupa nenge a mona oshiponga moshilongo she nenge paigwana shi na sha nehangano nenge noonza dhoshilongo, nekonomi, nonkalathano nomithigululwakalo mboka itaa vulu okukala kee wu na omolwondilo ye nekoko Iye Iya manguluka Iyuuntu we.</para>
  </article>
  <article number="23">
    <title>Okatopolwa 23</title>
    <orderedlist>
      <listitem>
	<para>Omuntu kehe oku na uuthemba wokulonga, okukonga iilonga memanguluko, okukala monkalo ombwanawa yomiilonga negameno kokwaakala niilonga.</para>
      </listitem>
      <listitem>
	<para>Omuntu kehe, pwaa na ondjoolola, oku na uuthemba wokufutwa shi thike pamwe pailonga yi thike pamwe.</para>
      </listitem>
      <listitem>
	<para>Omuntu kehe ngoka ha longo okuna uuthemba wohufutwa pauyuuki opo a vule okwiihupitha ye mwene negumbo Iye ngashi omuntu e na okukala nokugwedhelwa ko ongegameno Iyomonkalathano.</para>
      </listitem>
      <listitem>
	<para>Omuntu kehe oku na uuthemba wokutota nokuninga oshilyo shehangano Iyaaniilonga opo a gamene uuwanawa we.</para>
      </listitem>
    </orderedlist>
  </article>
  <article number="24">
    <title>Okatopolwa 24</title>
    <para>Omuntu kehe oku na uuthemba wokuvululukwa, osho wo okulonga ootundi dha yeleka nokukala e na omafudho ye ta futwa.</para>
  </article>
  <article number="25">
    <title>Okatopolwa 25</title>
    <orderedlist>
      <listitem>
	<para>Omuntu kehe oku na uuthemba womuthika omwaanawa gwonkalamwenyo gwa yeleka uukolele nonkalo ombwanawa ye mwene noyaanegumbo Iye, mwa kwatelelwa iikulya, iizalomwa, egumbo nesiloshimpwiyu Iyopaunamiti osho wo omakwatho galwe gopankalathano, osho wo uuthemba wokufutilwa uuna kee na iilonga, ta alukwa, a lemana, a silwa, a kulupa nenge kee na we ompito yo- kwiihupitha.</para>
      </listitem>
      <listitem>
	<para>Oomeme nuunona oye na uuthemba wokusilwa oshimpwiyu. Aanona ayehe, kutya oya valwa kondje yondjokana, oye na okusilwa oshimpwiyu shi thike pamwe.</para>
      </listitem>
    </orderedlist>
  </article>
  <article number="26">
    <title>Okatopolwa 26</title>
    <orderedlist>
      <listitem>
	<para>Omuntu kehe oku na uuthemba wokulongwa. Elongo nali kale andola itaa li futilwa poongundu dhopetameko. Elongo Iyopetameko ota li kala tali dhengele. Elongo Iyuungomba nolyeithano naga kale ge egulukila ayehe nelongo wo Iyopombanda nali kale wo Iye egulukila ayehe shi nasha nomuthika.</para>
      </listitem>
      <listitem>
	<para>Elongo ota li kala li na elalakano Iyekoko Iyuuntu wu udha nokukoleka esimaneko Iyuuthemba womuntu nemanguluko. Ota li ka humitha komeho etseyathano. eidhidhimikilathano nuukuuume pokati kiigwana, omihoko nenge oongundu dhomalongelokalunga. Ota dhl ka humitha ko wo iilonga yIigwanahangano yokukaleka po ombili.</para>
      </listitem>
      <listitem>
	<para>Aakuluntu oye na uuthemba wokuhogolola oludhi Iwelongo ndyoka ya hala li gandjwe kaanona yawo.</para>
      </listitem>
    </orderedlist>
  </article>
  <article number="27">
    <title>Okatopolwa 27</title>
    <orderedlist>
      <listitem>
	<para>Omuntu kehe oku na uuthemba pamanguluko okwiitula miinima yomithigululwakalo yomomudhingoloko gwe, okunyanyukilwa iilonga yuunongo nokupaathana owino wuunongononi nuuwanawa wawo.</para>
      </listitem>
      <listitem>
	<para>Omuntu kehe oku na uuthemba wokugamenwa keihumbato osho wo naashoka a ninga ye mwene kutya nee oshopaunongononi, shopaunamambo nenge pailonga yiikaha uuna oye e li po omuningi nenge omushangi.</para>
      </listitem>
    </orderedlist>
  </article>
  <article number="28">
    <title>Okatopolwa 28</title>
    <para>Omuntu kehe oku na uuthemba welandulathano Iyopankalathano nolyomuuyuni moka uuthemba nemanguluko ndyoka Iya popiwa mOmushangwa nguka li na okugwanithwa.</para>
  </article>
  <article number="29">
    <title>Okatopolwa 29</title>
    <orderedlist>
      <listitem>
	<para>Omuntu kehe oku na iinakugwanithwa monkalo moka e li mo moka awike uuntu we tau vulu okukoka memanguluko nomegwaneno.</para>
      </listitem>
      <listitem>
	<para>Mokulongitha uuthemba we nemanguluko, omuntu kehe oku na okukala e na oongamba ngashi tadhi uthwa koveta opo ku gamenwe nokusimanekwe uuthemba nemanguluko Iya yalwe osho wo ku gwanithwe oompumbwe, elandulathano nonkalonawa yomonkalathano yuudemokoli.</para>
      </listitem>
      <listitem>
	<para>Uuthemba mbuka nemanguluko inau tulwa miilonga kondje yelalakano nomakankameno gIigwanahangano.</para>
      </listitem>
    </orderedlist>
  </article>
  <article number="30">
    <title>Okatopolwa 30</title>
    <para>Inaku tolokwa nando sha meuvathano ndika kutya otashi gandja uuthemba kOshilongo kehe, ogundu yaantu okugandja uuthemba washa okwiitula miinima yi na elalakano Iyokuteya po uuthemba washa nemanguluko ndyoka Iya popiwa muka.</para>
  </article>
</udhr>
