<?xml version="1.0" encoding="UTF-8"?>

<!--© The Office of the High Commisioner for Human Rights-->

<udhr iso639-3='nba' xml:lang='nba' key='nba' n='Nyemba' dir='ltr' iso15924='Latn' xmlns="http://www.unicode.org/udhr">
  <title>VWAMBULULO VWA CIFUTI VWA VILINGA VYA VANU</title>

  <note>
    <para>Mu matangwa likumi a ngonde ya nzimbi ya mwa ka wa kanunu na vita vitanu na viwana na makumi awana na myaka itanu na itatu, (1948) ca kuxokolola nzango ya mucitatu ya cikungulukilo ca voxe ca mafuti akulipanda kana (Nacoes Unidas) ambulwile, mu nzango ya Chaillot, ku Paris, kwambulula ca voxe ca vilinga vya vanu. Mu kuca litangwa na limo a ngonde ya nzimbi ya mwaka wa kanunu na vita vitanu na viwana na makumi awana na myaka itanu na itatu (1948), cikungulukilo ca voxe ca UNESCO calingile vutavesi vuje vukevwo vwatanekeyele vulemu vwa vwambululo vwa voxe ku vyoxe vipangi vya kusungamesa.</para>
  </note>

  <preamble>
    <title>VUPUTUKILO</title>

    <para>Kusinganyeka ngwetu kutanekeyesa vulemu vwa kama ku voxe vapandama ku vuxoko vwa vanu co vwoxe vulemu vwavo mumo co keti vya kwaasa kujeneka vinapu vya nibangelo lya kulimanena, lya vwako ca na ciyulo mu lifuti.</para>

    <para>Kusinganyeka ngwetu kukala ye kundzimba co na kayengu ca vulemu vwa vanu vwatwalele ku vulemu vwa kuviisa vije vikanena litoto lya vanu co nawa na kutatamena ca lifuti limo kuje vanu vakapwa kwaasa kulyendekela mu cizango co na vutava, vakuliyo vola ku vuxonde, co na kayando, vavilingile ngwe vikevyo vyakama manene ku manyonga ce vanu.</para>

    <para>Kusinganeka ngwetu ca kama kutakama kwaamesa vusamba vwa vusepa mukati kamafuti.</para>

    <para>Kusinganyenga ngwetu mu mukanda vanu vamu mafuti akulipandakana valingile nawa litavelo lyavo ku vulemu vwa mbangelo vwa vanu, na lutsimo ca kutsima ca munu ku mbunga, na kupwisa mumo vulemu vwa vanu, co na vanakazi co vije vivendeka na kulitavele kuzeyesa kutwala ku lutwe ca mbunga co na kutunga vwino vwa vuvwa vwa mwonyo mu kulimanena kwa kama.</para>

    <para>Kusinganyeka ngwetu mafuti amaato valyakeleko mu kukolesa mu vukwasi vwa kusungamesa kwa mafuti akulinunga, kasingimiko ka voxe co vukale vwaya ye vwa vulemu vwa vanu co na vujovole vwa vutanku.</para>

    <para>Kusinganyeka ngwetu ciwano cimo ca voxe ca vusungame co na vulimanene vukevwo vwapwa vwa kama linga valitavele mwoxe mwoxe eci cipangi.</para>

    <para>Ciwano ca voxe cilinga vwavuno vwambwililo vwa mbunga vwa vulemu vwa vanu ngwe linyonga lya voxe mu kweta ku vanu voxe co na ku mafuti oxe linga ngwe voxe vanu co na vyoxe vikungulwilo vya vavusamba, njili na vwambulwilo ovu simbu yoxe mu mbunge, vakwatesa na nzili akati ka lilongeso co na kulongesa, na kwaamesa kasingimiko kevi visungameso ca na vwovole co na kukwatesa akati ka visiteko vya kutwala ku lutwe vya vusungamo vwa lifuti lyetu co nawa lya mu mafuti, tanekeyesi co na kupangesa ku vyoxe co ca simbu yoxe kwesekesa ku vanu va ku mafuti akulyatako ngwe na mu mafuti apandama kuvwako vwavo :</para>
  </preamble>

  
  <article number="1">
    <title>LIXIKO LYA MBANGELO</title>

    <para>Vanu voxe vakasemuka mu cizango co mumo lika mu vulemu co kulimanena. Vakevo vakala na mangana co na mbunge co vana pande kulinga vamo na vakwavo na mbunge ya vuna yina.</para>
  </article>

  <article number="2">
    <title>LIXIKO LYA MUCIVALI</title>

    <para>Umo na umo aasa kukala na vumwene vwoxe co na kulinga mwanaxakela vya kwambulula mu vulolo vuvanaxolola, kaesi katonde na kamo kayi, mbangelo mbangelo ka muyati, ka cikova, ka cifwa, ka lilimi, ka vukulaelo, ka manyonga oxe akwavo, ka cikota ca cisemwa, ka vufuko ka kusemuka indi ka lyoxe likwavo linyonga lyapandamako.</para>

    <para>Akwavo nawa kaapandele kulinga na kamo katonde kayi ka kundama kamo katonde kayi ka kundama ku mukanda wa maxiko wa vungaji, ya munzango ya kusompela indi ya ku mafuti mu lifuti lyetu indi ya mutombela wa lifuti ku mumu uje wakusemukila muje lifuti, uje lije lifuti indi mutambela wakwo upwe wakulimanena, waakati, keti walika lyendi indi ya kutumina kuvakwavo ku woxe owo wa vumwene.</para>
  </article>

  <article number="3">
    <title>LIXIKO LYA MUCITATU</title>

    <para>Naumo wa yayi apwa mu vundungo nambe cyuti; vundungo indi kulandesa ca vandungo vyapwa mukati kavyo vyoxe mumolika mu cifwa ca vyo.</para>
  </article>

  <article number="4">
    <title>LIXIKO LYA MUCIWANA</title>

    <para>Naumo wayi apwa wakuyandesa, nambu lika kumupwisa na kumumwesa tuyando, twa tuvi indi tuje kutwapandele.</para>
  </article>

  <article number="5">
    <title>LIXIKO LYA MUCITANU</title>

    <para>Umo na umo ali na vulemu vwa cizivukiso cendi ku mwela yoxe ya kalenyeso kendi ya kuje kwapangela.</para>
  </article>

  <article number="6">
    <title>LIXIKO LYA MUCITANU NA LIMO</title>

    <para>Voxe vapwa vamolika kutwa ku maxiko co vakala na kalememeso na katonde kayi ku vumolika vwa lifwa kukuvanyunga ku lixiko. Voxe vapwa mumolika kukalemeso ka kuvanyunga ku vuxonde vwa katonde vuje vuviisa vwambulula vwa vulolo co vutundisa koxe katombo na kuje kutepesa.</para>
  </article>

  <article number="7">
    <title>LIXIKO LYA MUCITANU NA AVALI</title>

    <para>Umo na umo ali na vulemu vwa vipangi vya mupande kuli vindzango vya kusompela vya mu mu lifuti vije vinatela kusompa milonga ya kulitondela livenya na kusevuka kalemeso kakama kaje va mwanene ku nzango ya kusompela indi ku maxiko.</para>
  </article>

  <article number="8">
    <title>LIXIKO LYA MUCITANU NA ATATU</title>

    <para>Naumo wayayi napande ku mukwata ngoco, kumuxoko indi ku muximuna mu lifuti lyendi.</para>
  </article>

  <article number="9">
    <title>LIXIKO LYA MUCITANU NA AWANA</title>

    <para>Munu umo na umo ali na kalemeso, kupwisila mumo, ku vuje vuve vwendi vupwe vwa kutanekeya mwa muvwa muvwa co yakuzivuka ku mbunga yoxe ku nzango ya kusompela ya kulimanena keti ya kuzivuka, ije itongola, impwe ya vulemu vwendi co cakumuzangesa ikeye, cipwe ca kama ku vyoxe vya kumuxuma ku vyuma vya ku mutsiisa vya kulingiwa mu kumusompesa ikeye.</para>
  </article>

  <article number="10">
    <title>LIXIKO LYA MULIKUMI</title>

    <orderedlist>
      <listitem>
	<para>Munu woxe wakukuma kulinga vuvi vumo wapwa wakumona wa kala kundzimba noo ngwe vuvi vwendi vukapwa vwa kutanekeya mu simbu ya kumusompesa ije vwoxe vukwasi vwa kupwisamo mu kumwoyela vunapwiled kuli ikeye vwa kuzikila.</para>
      </listitem>
      <listitem>
	<para>Naumo wayi akapwa wakuxuma mulonga ku vuvi indi ku vukonekelo vuje mu simbu ije wa vulingile, embwe kuvupu vuvi vumo mukutwala ku kalemeso ka mu lifuti indi ka mukaye koxe kupwa mumolika, keti kukapwe vukundiko vwa kuxuma mulonga wa kama uje unapandele kulinga mu simbu ije walingile vuje vuvi.</para>
      </listitem>
    </orderedlist>
  </article>

  <article number="11">
    <title>LIXIKO LYA MULIKUMI NA LIMO</title>

    <para>Naumo wayi akayandiwa vivwezelelo vya kumbilumuna ku mwenyo wendi wamupandama, wa vavuxoko vendi, njivo yendi indi muvutalo vwendi nambu ku vuseteko vwa kasingimiko kendi co na vulemu vwendi.</para>
  </article>

  <article number="12">
    <title>LIXIKO LYA MULIKUMI NA AVALI</title>

    <para>Naumo wayi amona kayando ka vivwezelelo vwa kutengulula ku mwonyo wendi wamupandama vavuxoko vwendi, njuvo yendi indi vutavelo nambu ku vuseteko vwa kasingimiko kendi.</para>

    <para>Munu woxe ali na vulemu kukumunyunga kwa lixiko kutwa ku vitengululo indi ku vyesekeso vyaco.</para>
  </article>

  <article number="13">
    <title>LIXIKO LYA MULIKUMI NA ATATU</title>

    <orderedlist>
      <listitem>
	<para>Munu woxewo aasa kwendangana mu cizango co na kwangula kuje nazange kutanga mukati kalifuti.</para>
      </listitem>
      <listitem>
	<para>Munu woxewo aasa kutunda mu lifuti lyoxe na kuzanga vyendi, na kwiluka mu lifuti lyendi.</para>
      </listitem>
    </orderedlist>
  </article>

  <article number="14">
    <title>LIXIKO LYA MULIKUMI NA AWANA</title>

    <para>Mukati ka kwendangana, munu woxewo aasa ya kutonda kwa kuvanda co na vukwasi vwa kuvuvandelo ku mafuti eka.</para>
  </article>

  <article number="15">
    <title>LIXIKO LYA MULIKUMI NA ATANU</title>

    <orderedlist>
      <listitem>
	<para>Munu woxe ali na vulemu vwa cisemukila cendi.</para>
      </listitem>
      <listitem>
	<para>Naumo wayi napande ku mutengulula vulenu vwa mupanda na vwa cisemukila cendi, nambu ku mutundisa vulemu vwa cisemwa cendi.</para>
      </listitem>
    </orderedlist>
  </article>

  <article number="16">
    <title>LIXIKO LYA MULIKUMI NA ATANU NA LIMO</title>

    <orderedlist>
      <listitem>
	<para>Kutunda a simbu ya myaka yakuxomboka munalume na munakazi kukwesi na katonde kamo ka muyati, ku vusemukilo indi ku mutambela umo wa lifuti, citava kwaasa kulixombola co na kulinga vuxoko. Vakevo vali na vulemu vumolika mu myaka ya vulo co na muje mukulyandununa.</para>
      </listitem>
      <listitem>
	<para>Vulo vupwa vwa kumanesa lika na cizango co na linyonga na cizango ca vaxombola va kulutwe.</para>
      </listitem>
      <listitem>
	<para>Vuxoko vwapwa cuma cimo ca cisemwa co cakama manene ku mbunga co cakala na vulemu vwa kunyungisa mbunga co na vungulu.</para>
      </listitem>
    </orderedlist>
  </article>

  <article number="17">
    <title>LIXIKO LYA MULIKUMI NA ATANU NA AVALI</title>

    <orderedlist>
      <listitem>
	<para>Munu woxe nambu lika mu mbunga imo, aasa kupwa na vyendi.</para>
      </listitem>
      <listitem>
	<para>Naumo wayi napande ku mukwisa kujeneka kupwa na vyendi.</para>
      </listitem>
    </orderedlist>
  </article>

  <article number="18">
    <title>LIXIKO LYA MULIKUMI NA ATANU NA ATATU</title>

    <para>Munu woxe ali na vukule vwa kusinganyeka, mana co na vukalaelo .</para>
  </article>

  <article number="19">
    <title>LIXIKO LYA MULIKUMI NA ATANU NA AWANA</title>

    <para>Munu woxewo ali na vulemu vwa vukule na vusungameso vwa manyonga co na kulyendekela mu cizango.</para>
  </article>

  <article number="20">
    <title>LIXIKO LYA MAKUMI AVALI</title>

    <orderedlist>
      <listitem>
	<para>Munu woxe ali vukule vwa cikungulukilo co na vupandakano vwa ciyulo.</para>
      </listitem>
      <listitem>
	<para>Naumo wayi aasa kumusindiya na kulinga vupandakano vumo.</para>
      </listitem>
    </orderedlist>
  </article>

  <article number="21">
    <title>LIXIKO LYA MAKUMI AVALI NA LIMO</title>

    <orderedlist>
      <listitem>
	<para>Munu woxe ali na vulemu vwa kulyaka ku vupandame ku cikota ca viñganda vya mbunga vya mu lifuti lyendi, cipwe ca kulizangela cipwe ca mukati-kati ca vakale o vakutongola mu vulika.</para>
      </listitem>
      <listitem>
	<para>Munu woxe ali na vulemu vwa kukala, na kupwisa mumolika, vipangi vya mbunga vya mu lifuti lyendi.</para>
      </listitem>
      <listitem>
	<para>Cipango ca vwingi capwa cuma ca kama ca vutumi vwa vumwene vwa voxe; eci cizango capande kucendeka mu kwangula ca mpundu na ku cilinga mu visimbu vyoxe mu kwangula kwa vanu voxe ca kulipwa co na kwangula ca kuxwekesa, indi kutonda mwa kulinga ya kulipwa na kunyunga kasingimiko ka kwangula.</para>
      </listitem>
    </orderedlist>
  </article>

  <article number="22">
    <title>LIXIKO LYA MAKUMI AVALI NA AVALI</title>

    <para>Munu woxe, simbu napu mwato wa civunga, ali na vulemu vwa kumumyunga ku mbunga, vukevwo vwakala mu kuvuwana mu kasingimiko ka kumwononokesa mu vulemu vwa vunkondi, vwa mbunga, co vwa cisemwa vwa kujeneka ku vulemu vwendi co vwa kulimanena ku vukame vwa vukame vwendi, ku kandelela ku ndzili ya lifuti co na ku vukwasi vwa mafuti oxe, kumona mukulinga mwa kusungamesa co na vupite vwa mu lifuti na lifuti.</para>
  </article>

  <article number="23">
    <title>LIXIKO LYA MAKUMI AVALI NA ATATU</title>

    <orderedlist>
      <listitem>
	<para>Munu woxe ali na vulemu vwa kukala na vipangi, mu cizango cendi ca kwangula vipangi vyendi, vukwai vumolika co vwa kuvwaelela ku vipangi co nawa kutwala mu kujeneka vipangi.</para>
      </listitem>
      <listitem>
	<para>Voxe vanu vali na vulemu, kukwesi katonde, ku fweteo ya kupwisa amulika ku vipangi vimolika.</para>
      </listitem>
      <listitem>
	<para>Woxe uje apanga ali na vulemu ku fweto ya kupwisa na kuvwaelela kumukalesa muje ikeye na vavuxoko vwendi vukulaelo vumo kwesekesa ku vulemu vwa munu co na kwamesa, ngwe cinapande, ca vyoxe vingila vya vukwasi vyapandama ku mbenga.</para>
      </listitem>
      <listitem>
	<para>Munu woxe ali na vulemu vwa kulinga, na vakwavo, vinzango co na kulipandakanesa ku vinzango vya kwamena ku vinzango vyavo.</para>
      </listitem>
    </orderedlist>
  </article>

  <article number="24">
    <title>LIXIKO LYA MAKUMI AVALI NA AWANA</title>

    <para>Munu woxe ali na vulemu vwa kupumula co na kusenga co ya kwesekesa mu cinapanda na kupwisisisamo ku simbu ya vipangi co na ku vipamulo vya kufwete visimbu na visimbu.</para>
  </article>

  <article number="25">
    <title>LIXIKO LYA MAKUMI AVALI NA ATANU</title>

    <orderedlist>
      <listitem>
	<para>Munu woxe ali na vulemu akati kakupwisamo ku mwonyo linga alikwatese ku vulikangule.</para>
      </listitem>
      <listitem>
	<para>Mukusena na mu vwanike citava kumukwaseka co na vukwasi vwa nawa-nawa. Vanike voxe vakusemukila mu kati ka vuxombole indi kunima ya vuxombole, vali na vulemu vwa vukwasi vwa kuvanyunga vumolika ku mbunga.</para>
      </listitem>
      <listitem>
	<para>Na ku vutondzi, na vuntuluwe, ku vukulumu indi ku vikwavo vya kuzimbalesa mukati kavilinga vyendi na vufuko mu kwita kwa visimbu vya ciyulo cindi ca kulizangela.</para>
      </listitem>
    </orderedlist>
  </article>

  <article number="26">
    <title>LIXIKO LYA MAKUMI AVALI NA ATANU NA LIMO</title>

    <orderedlist>
      <listitem>
	<para>Munu woxe ali na vulemu vwa kumulongesa. Lilongeso linapande kupwa lya vwana, nambe vene mu kutwala mu lilongeso lya akatikati co lya kupwisamo. Lilongeso lya akati kati lyapwa lya kusindiya.</para>
      </listitem>
      <listitem>
	<para>Lilongeso lya vungangula linapande kupwa kwoxe; vulemu vwa kulilongesa vwa kulutwe vunapande kuvuxokolola vwoxe-vwoxe vulipwe mumo ku vavoxe mu vunapandela.</para>
      </listitem>
      <listitem>
	<para>Lilongeso linapande kumoneka mpundu mu kusemuka kwa vuwanga vwa vumu co ndzili ya kalemeso kavulemu vwa munu co na vulimanene vwa kama. Ikeye napande kwecela kuzivukisa, kutumaoxe co na vivunga vyoxe vya miyati indi vya kukulaela Njambi, ngwe nawa na kutwala ku lutwe kwa vipangi ca mafuti akulinunga linga vakwatese ciyulo.</para>
      </listitem>
      <listitem>
	<para>Vayixe vali, ku vukwasi, vulemu vwa kwangula cifwa ca lilongeso ca kwaana ku vanike vavo.</para>
      </listitem>
    </orderedlist>
  </article>

  <article number="27">
    <title>LIXIKO LYA MAKUMI AVALI NA ATANU NA AVALI</title>

    <orderedlist>
      <listitem>
	<para>Munu woxe ali na vulemu vwakupandamako na kulinga mu cizango ku mwonyo wa vipangi vya mbunga, ya kukala na vulemu vwa vungangula co na kulyaka kutwala vipangi ku lutwe vya vungangula co na ku fweto ije ikatundu ku vikevyo.</para>
      </listitem>
      <listitem>
	<para>Munu kumunu ali na vulemu vwa kunyunga vilinga vya vivwa vya vitenga na kulinga vyoxe vipangi vya kulima na vungangula vwa kulilongesa kusoneka indi vungangula vuje vwatundi kuli ikeye vene.</para>
      </listitem>
    </orderedlist>
  </article>

  <article number="28">
    <title>LIXIKO LYA MAKUMI AVALI NA ATANU NA ATATU</title>

    <para>Munu woxe ali na vulemu vuje vatumina, mu manyonga a mbunga co na manyonga a mafuti oxe a mukaye, lixiko limo ngacije ngwe vulemu co na kulimanena kwa kwambulula ku vulolo vuno vanendeka mu mukanda linga mukemwo munapande kuwana vyoxe vya kulinga.</para>
  </article>

  <article number="29">
    <title>LIXIKO LYA MAKUMI AVALI NA ATANU NA AWANA</title>

    <orderedlist>
      <listitem>
	<para>Munu ali na vilinga linga ku mbunga ya limanena lika lyayo vene ku kutwala ku lutwe vunu vwavo ngwe vunapu vwa vusunga.</para>
      </listitem>
      <listitem>
	<para>Mu simbu ya vipangi vya vulemu vwa vo co na vuvwa kulimanena, umo na umo wapwa lika walyaka mu vulika vwa kulinga ku lixiko ca vulika na kumona na kukwata vuzivukiso co na kavumbi ka vulemu co na kulimanena ya vikwavo co mukati ka ku vwaesa vusunga vwa kusindiya vwa mukanwa, vwa vutuvwa kukala kwa voxe mu civunga ca kulilingila.</para>
      </listitem>
      <listitem>
	<para>Ovu vulemu na vulimanene kuvwasa, kuvulinga mu cimo cayi, kulinga na kusevuka ku vilinga e na ku vutukilo ca mafuti akulivunga.</para>
      </listitem>
    </orderedlist>
  </article>

  <article number="30">
    <title>LIXIKO LYA MAKUMI ATATU</title>

    <para>Nacimo cikala mwa muvwa ca vulolo ca vwambululo vwa cili citava cipwe ca vwambululo vwa cili citava cipwe ca kwambulula ngwe kulikolavyo kuli lifuti limo, civenga cimo indi umo munu vulemu vumo vwoxevwo vya kulyakalo ku vimo vipangi indi vya kulitavela kulinga vumo vulinge vimoniya na kuviisa vulemu co na vulimanene vuje ano vuli vwa kwambulula.</para>
  </article>
</udhr>
