<?xml version="1.0" encoding="UTF-8"?>

<!--© The Office of the High Commisioner for Human Rights-->

<udhr iso639-3='kaz' xml:lang='kk' key='kaz' n='Kazakh' dir='ltr' iso15924='Cyrl' xmlns="http://www.unicode.org/udhr">
   <title>АДАМ ҚҰҚЫҚТАРЫНЫҢ ЖАЛПЫҒА БІРДЕЙ ДЕКЛАРАЦИЯСЫ</title>
   <preamble>
      <title>ПРЕАМБУЛА</title>
      <para>Адам баласы үйелменінің барлық мүшелеріне тән қадір‐қасиетін, құқықтарының теңдігі мен тартып алынбайтындығын тану, бостандық пен әділдіктің және жалпыға бірдей бейбітшіліктің негізі болып табылатынына назар аудара отырып,</para>
      <para>адам құқықтарына деген елемеушілік, менсінбеушілік адам баласы арының зығырданын қайнататын тағылық жағдайға әкеліп соғатынына және дүние жүзі адамдары сөз бен наным‐сенім бостандықтарына ие болып, үрей мен мұқтаждықтан ада бола алатын ортаны құру – адам баласының жоғары мәртебелі ұмтылысы деп жарияланғанына назар аудара отырып,</para>
      <para>адам баласы зорлық‐зомбылық пен қанауға қарсы көтеріліске мәжбүр болатын жағдайды тудырмау үшін, адам құқықтары заң билігімен қорғалуы керек екеніне назар аудара отырып,</para>
      <para>халықтар арасында достық қарым‐қатынастың дамуына жәрдемдесу керек екеніне назар аудара отырып,</para>
      <para>БіріккенҰлттар елдері өз Жарғысында негізгі адам құқықтарына, жеке адам басының қадір‐қасиеті мен құндылығына және ерлер мен әйелдердің теңдігіне сенімдерін растап, әлеуметтік прогресс пен адамға ылайық өмір сүру деңгейін, нақтыланған бостандықтардан тыс, кең ауқымды бостандықтарды арттыруға жәрдемдесу керек деген шешімге келгендеріне назар аудара отырып,</para>
      <para>мүше‐мемлекеттер Біріккен Ұлттар Ұйымымен ынтықтамаса отырып, адам құқықтары мен негізгі бостандықтары жалпыға бірдей құрметтеліп сақталуына ықпал жасауға міндеттенгендеріне назар аудара отырып,</para>
      <para>осы міндеттемелерді толыққанды жүзеге асыру жолында осы құқықтар мен бостандықтардың мән‐мағынасы мен ерекшелітктерін ұғынып түсінудің маңызы зор екендігіне назар аудара отырып,</para>
      <para>БАС АССАМБЛЕЯ,</para>
      <para>Адам құқықтарының жалпыға бірдей Декларациясын бүкіл халықтар мен мемлекеттердің ұмтылыстары арқылы әр адаммен қатар, қоғамның әр органы осы декларацияны үнемі жадында тұтып, білім беру және ағарту жұмыстары арқылы осы құқықтар мен бостандықтарды қадір тұтуға ықпал жасап, үлттық халықаралық шаралар арқылы Ұйымның мүше‐мемлекеттерінің халықтарымен қоса, олардың юрисдикциясына қарасты территорялардың халықтары арасында да, жалпыға бірдей тиімді түрде танылып, жүзеге асырылуы үшін алға қойылған мақсат ретінде жария етіп отыр.</para>
   </preamble>
   <article number="1">
      <title>1 бап</title>
      <para>Барлық адамдар тумысынан азат және қадір‐қасиеті мен кұқықтары тең болып дүниеге келеді. Адамдарға ақыл‐парасат, ар‐ождан берілген, сондықтан олар бір‐бірімен туыстық, бауырмалдық қарым‐қатынас жасаулары тиіс.</para>
   </article>
   <article number="2">
      <title>2 бап</title>
      <para>Әр адам, нәсіліне, түр‐түсіне, жынысына. тіліне, дініне, саяси немесе басқа да наным‐сенімдеріне, ұлттық, немесе әлеуметтік тегіне, мүліктік. тектік‐топтық, немесе басқа да жағдаяттарға қарамастан осы Декларацияда жарияланған барлық құқықтар мен бостандықтарға алаланбай, бірдей тең ие болуы тиіс.</para>
      <para>Сонымен қатар, ешкім де өзі тұратын елінің, не болмаса территорияның саяси, құқықтық, немесе халықаралық мәртебесінің негізі бойынша, және де ол территория тәуелсіз, әлде біреудің қарамағында, әлде өзін‐өзі басқарушы емес, немесе оның егемендігі әртүрлі нысанда шектеулі болған күннің өзінде де, алаланбауы тиіс.</para>
   </article>
   <article number="3">
      <title>3 бап</title>
      <para>Әр адам өмір сүруге, бостандықта болуға және оның жеке басына қол сұғылмауына құқылы.</para>
   </article>
   <article number="4">
      <title>4 бап</title>
      <para>Ешкім де құлдықта немесе кіріптарлықта ұсталуы тиіс емес. Құлдық пен құл саудасына, қандай түрде болса да, тыйым салынады.</para>
   </article>
   <article number="5">
      <title>5 бап</title>
      <para>Ешкім де азапталуға немесе қадір‐қасиетін қорлайтындай адамшылыққа жатпайтын қатыгездік жолмен жәбірленуге, немесе жазалануға тиіс емес.</para>
   </article>
   <article number="6">
      <title>6 бап</title>
      <para>Әр адам қай жерде жүрсе де, құқықтық субъектісі ретінде танылуына құқылы.</para>
   </article>
   <article number="7">
      <title>7 бап</title>
      <para>Заң алдында жұрттың бәрі тең және де заң арқылы алаланбай, бірдей тең қорғалуға құқылы. Барлық адам осы Декларацияның ережелерін бұзатын кемсітуден және кемсітуге арандатушылықтың барлық түрінен тең қорғалуға құқылы.</para>
   </article>
   <article number="8">
      <title>8 бап</title>
      <para>Әр адам, конституциямен, немесе заңмен берілген негізгі құқықтары бұзылған жағдайда, құқығын құзыретті ұлттық сот арқылы тиімді түрде қалпына келтіруге құқылы.</para>
   </article>
   <article number="9">
      <title>9 бап</title>
      <para>Ешкім де негізсіз тұтқындалуға, қамауда ұсталуға немесе қуғынға ұшыратылуға тиіс емес.</para>
   </article>
   <article number="10">
      <title>10 бап</title>
      <para>Әр адам, өзінің құқықтары мен міндеттерін анықтап, өзіне тағылған қылмыстық айыптаудың негізділігін белгілеу үшін, ісі толық теңдік негізінде, әділеттік талаптарға сай, тәуелсіз және әділ сот арқылы ашық қаралуына құқығы бар.</para>
   </article>
   <article number="11">
      <title>11 бап</title>
      <orderedlist>
         <listitem>
            <para>Қылмыс жасады деп айыпталған әр адам, қорғану құқығы қамтамасыздандырылып, заңды және ашық сот талқылауы оның кінәсін толық анықтағанға дейін, кінәсіз деп есептелуге құқығы бар.</para>
         </listitem>
         <listitem>
            <para>Ешкім де жасаған әрекеті немесе әрекетсіздігі негізінде, егер ол әрекеті ұлттық заңдар мен халықаралық құкық бойынша қылмыс болып саналмаса, жауапқа тартылмайды. Сонымен қатар қылмыс үшін берілген жаза, қылмыс жасалған кезде заңмен көзделген жазадан ауыр болмауға тиіс.</para>
         </listitem>
      </orderedlist>
   </article>
   <article number="12">
      <title>12 бап</title>
      <para>Әр адам жеке және отбасылық өміріне өзгелердің өз бетінше араласуынан, озбырлық жасап баспанасына, хат жазысып‐алысу құпиясына қол сұғуынан, ар‐намысы мен абырой беделіне нұқсан келтіруінен қорғалуға құқығы бар.</para>
   </article>
   <article number="13">
      <title>13 бап</title>
      <orderedlist>
         <listitem>
            <para>Әр адамның әр мемлекеттің ішінде жүріп‐тұруына және өз қалауынша тұратын мекен‐жайды таңдауына құқығы бар.</para>
         </listitem>
         <listitem>
            <para>Әр адам кез‐келген елден, соның ішінде өзінің туған елінен, басқа елге қоныс аударуға және өз еліне қайтып оралуға құқылы.</para>
         </listitem>
      </orderedlist>
   </article>
   <article number="14">
      <title>14 бап</title>
      <orderedlist>
         <listitem>
            <para>Әр адамның қуғынға ұшыраған жағдайда, басқа елдерден баспана іздеп және сол баспананы пайдалануға кұқығы бар.</para>
         </listitem>
         <listitem>
            <para>Бұл құқық шынтуатында саяси емес қылмыстың негізінде, немесе Біріккен Ұлттар Ұйымының мақсаттары мен қағидаларына қайшы келетін әрекеттері үшін қуғындалғандарға жүрмейді.</para>
         </listitem>
      </orderedlist>
   </article>
   <article number="15">
      <title>15 бап</title>
      <orderedlist>
         <listitem>
            <para>Әр адамның азаматтыққа құқығы бар.</para>
         </listitem>
         <listitem>
            <para>Ешкімді де азаматтығынан немесе азаматтығын өзгерту құқығынан еріксіз айыруға болмайды.</para>
         </listitem>
      </orderedlist>
   </article>
   <article number="16">
      <title>16 бап</title>
      <orderedlist>
         <listitem>
            <para>Кәмелеттік жасқа толған ерлер мен әйелдер өздерінің нәсіліне, ұлтына, дініне қарамастан некеге тұрып, отбасын құруға құқылы. Олар некеге тұрған, некеде болған және ажырасқан кезде бірдей кұқықтарды пайдаланады.</para>
         </listitem>
         <listitem>
            <para>Неке, тек екі жақтың өзара еркін және толық келісімі бойынша ғана қиылады.</para>
         </listitem>
         <listitem>
            <para>Отабасы қоғамның табиғи және негізгі ұясы болып табылады, және қоғам мен мемлекет тарапынан қорғалуға кұқылы.</para>
         </listitem>
      </orderedlist>
   </article>
   <article number="17">
      <title>17 бап.</title>
      <orderedlist>
         <listitem>
            <para>Әр адамның дүние мүлікті жеке өзі, немесе басқалармен бірлесіп иемденуге құқығы бар.</para>
         </listitem>
         <listitem>
            <para>Ешкім де өз мүлкінен еріксіз айрылмауға тиіс.</para>
         </listitem>
      </orderedlist>
   </article>
   <article number="18">
      <title>18 бап</title>
      <para>Әр адам ой‐пікір, ар‐ождан және дін бостандығына құқығы бар; бұл құқық өз дінін немесе наным‐сенімін өзгерту еркіндігін, өз дінін, наным‐сенімін жеке өзі, немесе басқа адамдармен бірігіп тұтып, жария түрде, немесе жеке жолмен уағыздау, құдайға құлшылық ету, діни салт‐жораларын орындау бостандығын да қамтыйды.</para>
   </article>
   <article number="19">
      <title>19 бап</title>
      <para>Әр адам наным‐сенім бостандығына және өз көзқарасын еркін білдіруіне құқығы бар; бұл құқық өз наным‐сенімін кедергісіз ұстану еркіндігін және мемлекеттік шекаралар тәртібіне тәуелді болып қалмай, ақпараттар мен идеяларды еркін іздеп, кез‐келген құралдар арқылы тарату бостандығын да қамтыйды.</para>
   </article>
   <article number="20">
      <title>20 бап</title>
      <orderedlist>
         <listitem>
            <para>Әр адамның бейбіт жиналыстар және ассоциацияаларды құру бостандығына құқығы бар.</para>
         </listitem>
         <listitem>
            <para>Ешкімді де белгілі бір ассоциацияға зорлықпен кіргізуге болмайды.</para>
         </listitem>
      </orderedlist>
   </article>
   <article number="21">
      <title>21 бап</title>
      <orderedlist>
         <listitem>
            <para>Әр адамның, өз елін басқару ісіне тікелей өзі, немесе ерікті түрде сайланған өкілдері арқылы қатысуға құқығы бар.</para>
         </listitem>
         <listitem>
            <para>Әр адам өз елінде мемлекеттік қызметке тең дәрежеде қол жеткізуге құқылы.</para>
         </listitem>
         <listitem>
            <para>Халықтың еркі үкімет билігінің негізі болуы тиіс; бұл ерік мерзімді және бұрмаланбаған сайлау арқылы жүзеге асырылуы тиіс . Сайлау жалпыға бірдей тең сайлау құқығы негізінде, жасырын дауыс беру жолымен, немесе осы сияқты сайлау бостандығын қамтамасыз ететін басқа да, осы мәндес әдістер арқылы өткізілүі тиіс.</para>
         </listitem>
      </orderedlist>
   </article>
   <article number="22">
      <title>22 бап</title>
      <para>Әр адам, қоғам мүшесі ретінде, әлеуметтік жағынан қамсыздандырылуына және оның қадір‐қасиеті қолдау табуына, жеке басы еркін кемелденуіне қажетті экономикалық, әлеуметтік және мәдени салалар бойынша құқықтары әрбір мемлекеттің құрылымы мен рессурстарына сай, ұлттық ыкпал және халыкаралық ынтымақтастық арқылы жүзеге асырылуына құқыгы бар.</para>
   </article>
   <article number="23">
      <title>23 бап</title>
      <orderedlist>
         <listitem>
            <para>Әр адамның еңбек етуге, жұмыс түрін еркін таңдауға, әділ және қолайлы еңбек жағдайына, жұмыссыздықтан қорғалуына құқығы бар.</para>
         </listitem>
         <listitem>
            <para>Әр адамның құндылығы тең еңбегі үшін, нендей бір кемсітусіз, тең еңбек ақы алуына құқығы бар.</para>
         </listitem>
         <listitem>
            <para>Жұмыс істеп жүрген әр адам өзінің және отбасының ылайықты өмір сүруін қамтамасыз ететіндей әділ және қанағаттанарлық, және, қажет болған кезде, басқа әлеуметтік қамсыздандыру құралдары арқылы толықтырылып отыратын, сый‐сияпатқа құқылы.</para>
         </listitem>
         <listitem>
            <para>Әр адам кәсіподақтарын құруға және өз мүдделерін қорғау үшін, кәсіподақтарына кіруге құқылы.</para>
         </listitem>
      </orderedlist>
   </article>
   <article number="24">
      <title>24 бап</title>
      <para>Әр адам тынығуға және мәдени демалуға, оның ішінде ақылға қонымды шектеулі жұмыс күніне және мерзімді ақылы демалысқа, кұқылы.</para>
   </article>
   <article number="25">
      <title>25 бап</title>
      <orderedlist>
         <listitem>
            <para>Әр адам өзінің және отбасы мүшелерінің ден‐саулығын әл‐ауқатын қамтамасыз ететіндей, тамақты, киімді, баспананы, медициналық күтімді қамтыйтын өмір сүру деңгейіне құқылы және де жұмыссыз қалған күнде, науқас болған кезде, мүгедек болып қалған, жесір болып қалған күнде, қартайған шақта, немесе өзіне байланысты емес басқа да себептермен тіршілік ету мүмкіншілігінен айырылып қалған жағдайда қамсыздандырылуына құқылы.</para>
         </listitem>
         <listitem>
            <para>Ана және нәресте болу жағдайы айрықша қамқорлық пен көмек алуға кұқық береді. Балалардың бәрі, некелі немесе некесіз туған, бірдей әлеуметтік қорғауды пайдаланады.</para>
         </listitem>
      </orderedlist>
   </article>
   <article number="26">
      <title>26 бап</title>
      <orderedlist>
         <listitem>
            <para>Әр адамның білім алуға кұқығы бар. Білім беру, ең болмағанда бастауыш және жалпы білім, тегін болуы тиіс. Бастауыш білім баршаға міндетті болуы тиіс. Техникалық және кәсіптік білім көпшіліктің қолы жетерліктей болуы тиіс және жоғары білім де, әркімнің қабілетіне қарай көпшіліктің қолы жетерліктей болуы тиіс.</para>
         </listitem>
         <listitem>
            <para>Білім беру адамның жеке басының толық кемелденуіне және кұқықтары мен негізгі бостандықтарына деген құрметті арттыруға бағытталуы тиіс. Білім беру барлық ұлттар, нәсілдік және діни топтары арасында түсіністік, шыдамдылық пен достық қарым‐қатынас орнатуға ықпал жасап және Біріккен Ұлттар Ұйымының бейбітшілікті қуаттау жолындағы жұмысына ыкпал жасап, дем беруі тиіс.</para>
         </listitem>
         <listitem>
            <para>Ата‐аналардың өздерінің жас балаларына білім беру түрін таңдауда құқығы басымды</para>
         </listitem>
      </orderedlist>
   </article>
   <article number="27">
      <title>27 бап</title>
      <orderedlist>
         <listitem>
            <para>Әр адам қоғамның мәдени өміріне еркін қатысуға, өнерден рахат‐ләззат алуға, ғылыми прогресске ат салысуға әрі оның игілігін пайдалануға құқылы.</para>
         </listitem>
         <listitem>
            <para>Әр адам өзі автор болып табылатын ғылыми еңбегінің, әдеби немесе көркем шығармаларының нәтижесінде туындайтын рухани және материалды мүдделерін қорғауға құқылы.</para>
         </listitem>
      </orderedlist>
   </article>
   <article number="28">
      <title>28 бап</title>
      <para>Әр адам осы декларацияда баянды етілген кұқықтар мен бостандықтарды толық жүзеге асыра алатын әлеуметтік және халықаралық тәртіпке құқылы.</para>
   </article>
   <article number="29">
      <title>29 бап</title>
      <orderedlist>
         <listitem>
            <para>Әр адамның, адам баласының еркін және толық кемелденуіне мүмкіншілік беретін қоғам алдында міндеттері бар.</para>
         </listitem>
         <listitem>
            <para>Өзінің құқықтары мен бостандықтарын жүзеге асыруда әр адам тек басқа адамдардың құқықтары мен бостандықтарын тиісті түрде тану және құрметтеу мақсаты көзделген жағдайда ғана және демократиялық қоғамдағы моральдің, қоғамдық тәртіп пен игіліктің әділетті талаптарын қанағаттандыру мақсаты көзделген жағдайда ғана, заңмен белгіленген шектеуге ұшырауы тиіс.</para>
         </listitem>
         <listitem>
            <para>Осы бостандықтар мен құқықтарды жүзеге асырылуы Біріккен Ұлттар Ұйымының мақсаттары мен қағидаларына қайшы келмеуі тиіс.</para>
         </listitem>
      </orderedlist>
   </article>
   <article number="30">
      <title>30 бап</title>
      <para>Осы Декларациядағы ешбір қағида қасыбір мемлекетке, адамдар тобына немесе жеке адамдарға аталмыш Декларацияда баянды етілген құқықтар мен бостандықтарды жоятын қызметпен айналысу немесе іс‐әрекет жасау құқығын береді деп пайымдалуы тиіс емес.</para>
   </article>
</udhr>
