<?xml version="1.0" encoding="UTF-8"?>

<!--© The Office of the High Commisioner for Human Rights-->

<udhr iso639-3='mto' xml:lang='mto' key='mto' n='Mixe, Totontepec' dir='ltr' iso15924='Latn' xmlns="http://www.unicode.org/udhr">
   <title>JÄ KOJTSVIJJÜN JATS KOJTSMËKIN JUU’ VE’E JAYU OY TYUKJÖÖJTYKAP.</title>
   <note>
      <para>TRANSLATION OF THE UNIVERSAL DECLARATION OF HUMAN RIGHTS TO MIXE IN THE ALTERNATIVE TO TOTONTEPEC, MIXE, OAXACA, MEXICO.</para>
   </note>
   <article number="1">
      <title>Article 1</title>
      <para>Tum akijpxa xa ve’e jayu kye’ex, ve’em ax jö’n tyukidaakjüva tijaty mëkin; ve’empa axjö’n jä jyööjtykin di yaknaxy, jats oy myujatyöö’tëjk di mëët nayjavajüt.</para>
   </article>
   <article number="2">
      <title>Article 2</title>
      <para>Tum apaatjüp yë ve’e jayu ixyë’ë yë pava’nün, va’an di pëna di tiya, jya të’ëxtëjka, jya yaa’tyëjka, jya tikütsam jä jyaantsy ja’vün, pën vintso jä vyinma’yün uk pu jyööjtykün di yakyo’oy, di yaknaxy.</para>
      <para>Ka’a ve’e tii y’itüt viijnk ixün jya tikütsam jä yakkutöjkün jöma jööjtyka jöma tsyüüna, pënü viinjk jä yakkutöjkjüp uk pu viinm jä nyaajkutöjkküxjü.</para>
  </article>
   <article number="3">
      <title>Article 3</title>
      <para>Yakjayäjpp pe’e jä mëkin, jats jayu jyööjtykat, oy tsöj, ka’a jayu yakjömtönüt yaktitönüt.</para>
   </article>
   <article number="4">
      <title>Article 4</title>
      <para>Nipëna ve’e kyayak’akää’yat jats myutönüt tsaatsytö’nün mëët, ka’a ve’e pyüma jatse’e jayu kyää’työnüt jats tsyaatsy tönüt.</para>
   </article>
   <article number="5">
      <title>Article 5</title>
      <para>Nipëna ve’e kyayakvopüt, kyayaktsiiküt, uk yakjömtönüt yaktitönüt.</para>
   </article>
   <article number="6">
      <title>Article 6</title>
      <para>Ananyijöma ve’e jayu tyukida’akyjë, jats yakvintsë’ëgat kyutöjkin, myëkin jats vyinma’yin jöma tsyüüna.</para>
   </article>
   <article number="7">
      <title>Article 7</title>
      <para>Jä pava’nün tökë’ëyji jä ve’e jayu di akäägat, tö’kë’ëyji jä ve’e jayu di nikojtsva’atsüt. Pün pün tse’e töömp, nüüjmip ka oyap, yü pava’nën tse’e xputëjkimdap.</para>
   </article>
   <article number="8">
      <title>Article 8</title>
      <para>Ananyijöma tse’e tyukida’aky jä putëjkin, jä yakkutöjkün juu’ ve’e putëkap jats ka’a pën di vinaxy, jats jä mëkin xö’n jä pava’nün di yakkutuk.</para>
   </article>
   <article number="9">
      <title>Article 9</title>
      <para>Ka’a ve’e pyüma jats jayu yaktsömüt uk pu yakmatsüt ovintsova, ni ka’ava jats jayu yakvojppitsümüt nyaax, kyajpün jëët.</para>
   </article>
   <article number="10">
      <title>Article 10</title>
      <para>Tum tukidaakpjüp tse’e jayu ananyijöma jats yak’amotünaxüt may jayu vyinkujk, jats jä tokinpayo’yva pën oy töömp, van’ittse’e yak’ixüt yakpayo’oyüt pën jyayejpp pe’e ja tokin juu’ ve’e yaktuknixë’ë’ip.</para>
   </article>
   <article number="11">
      <title>Article 11</title>
      <orderedlist>
         <listitem>
            <para>Ka’a tse’e di akääga jats jayu tokinjëëtp tyun tankojüt pën ka’ana ve’e oy yak’ix, yakpayo’oy jä tyokin, ve’em ax jö’n jä pava’nün pyüma.</para>
         </listitem>
         <listitem>
            <para>Nipëna tse’e kyayaktokinpëmüt ku ve’e ti di tun, di këts, pën ka’a ve’e jä kutöjkin jats jä pava’nün ve’em vya’any. Ka’a tse’e di akääga jats niyöjk tyun yaktukkuväjtpat jä tyokin, vanxüpe’e di kuvätüt ax jö’n jä pava’nün yo’oy.</para>
         </listitem>
      </orderedlist>
   </article>
   <article number="12">
      <title>Article 12</title>
      <para>Nipüna tse’e kyayaktutëjkijyat ovintsova jyööjtykin, jyëëjnü tyëjk , jatsü y’it juu’ kyë’mip , mëët këts ayook juu’ yakvintsë’kintokijyap, pën ve’emtse’e jyatsy, tukidaakjüp tse’e jats jä pava’nün kyuva’anjüt kyukotsjüt.</para>
   </article>
   <article number="13">
      <title>Article 13</title>
      <orderedlist>
         <listitem>
            <para>Tukidaakpe’e jats jayu yo’oyët nyaxüt pün jömajaty jayu di tsük, uk pu pün jöma jayu jyööjtykava’any, pün jöma jayu naax, kajpën nyatyukmutsükjë.</para>
         </listitem>
         <listitem>
            <para>Yakjajtype’e yë pava’anün jats jayu nyëjkxüt viinjktsoj, jekum uk pën jöma tëmü naat jats di avimpijtinüvat nyaaxü kyajpün.</para>
         </listitem>
      </orderedlist>
   </article>
   <article number="14">
      <title>Article 14</title>
      <orderedlist>
         <listitem>
            <para>Pën pën tse’e yakpavojpp o’yip tse’e di anëjkxat viijnk it jatse’e jäm tsyëënat jyööjtykat. (Jekum).</para>
         </listitem>
         <listitem>
            <para>Ixyü’ü yë kutöjkën ka’a tse’e yaktuktää’nüt, jats jayu nyin va’anüt, jats ka’a yü ve ve’e y’oya ax jö’n Naciones Unidas di pava’any.</para>
         </listitem>
      </orderedlist>
   </article>
   <article number="15">
      <title>Article 15</title>
      <orderedlist>
         <listitem>
            <para>Tö’kkë’ëyji tse’e jayu di vinmatsyjü jatse’e tsyëënat jyööjtykat jöma tyukida’akyjü.</para>
         </listitem>
         <listitem>
            <para>Ka’a xa ve’e di vinmatsyjë jats jayu yakpüjkjat jä it, naxviijn jöma jyööjtykën di yaknaxy,ni ka’a tse’e yak’akää’yat jats tyanüt pën nëjkxüvaanüp viijnktsoj.</para>
         </listitem>
      </orderedlist>
   </article>
   <article number="16">
      <title>Article 16</title>
      <orderedlist>
         <listitem>
            <para>Jä jayuda juu’ jyööjnt të di ajä’yidinü jats yaa’vyëjktinüt, tyë’ëxpëjktinüt, ka’a tse’e yakviijnk ixüt pën jöma tsyoo’nda, jats jä jyaantsyja’vinkëjx, jatse’e nyamyëëttsëënajadat, y’önëk di jayäptat jats oy jyööjtykadat ku nyamyëëttsëënajadat, nay ve’empa pën vi’ntso di payo’oyda nyamyasookjidinüt.</para>
         </listitem>
         <listitem>
            <para>Van’it tse’e nyavyëkjüdat pën ve’emme’e jä tsyojkünda jä navyëjkjüvada.</para>
         </listitem>
         <listitem>
            <para>Jä jayu yaa’tyëjk , të’ëxtëjk , müjjit muutskit, jä’äkëjx tse’e jyäja kajpün, vyinmajtsjup tse’e pyutëkajüt, kyuva’anjüt kyukotsjüt jä yakkutöjkpa pyava’nün.</para>
         </listitem>
      </orderedlist>
   </article>
   <article number="17">
      <title>Article 17</title>
      <orderedlist>
         <listitem>
            <para>Tö’kë’ëyji jayu di vinmatsyjü jats pëëmdük dë jayäpüt, ve’em ax jö’n nëtö’jaty, uk pu tö’kmuk.</para>
         </listitem>
         <listitem>
            <para>Ka’a dë vinmatsyjü jats jayu ovintsova yakpëjkjat y’it.</para>
         </listitem>
      </orderedlist>
   </article>
   <article number="18">
      <title>Article 18</title>
      <para>Tö’kë’ëyji jayu di vinmatsyjü jats viinm di payo’oyüt pën tii työnüvaampy uk pën vitso jä jyaantsyja’vün, o’yip di yaktikütsüt jä jyaantsyja’vün jats di yakyo’oyüt naaydum uk pu jayu mëët, o’yip di yakjay’ixjüt, dyakjanyijavajüt jä y’ixpëjkün jats kyutyö’nün mëët.</para>
   </article>
   <article number="19">
      <title>Article 19</title>
      <para>Tum tukidaakjup pe’e tö’k uk pu jadö’k jats di kojtsnaxüt vintso juu’ dë payo’oy ax ka’a tse’e të akääga yaktuk’ixüt yaktukmotuvat pën vintso juu’ të dë kojtsnaxy o’yip dë yakjanyijavajüt pën jöma jatsy dë tsëk, pën vintso dë tsëk.</para>
   </article>
   <article number="20">
      <title>Article 20</title>
      <orderedlist>
          <listitem>
            <para>Yakjajtsype’e jä pava’nün jats jayu nyamyökjüt jats jayu nyatyukotsjüt nyatyukmaaydükjüt pënü tii oy yakxon. Vyinmajtsjudüp tse’e jayuda jats nyay’amökajadat jats dë kojtsmöktat juu’ oy juu’ tsöj jats ka’a myutoküntun.</para>
         </listitem>
         <listitem>
            <para>Nipënats kyayak’akää’yat jats dë tönüt, uk dë tuktëkat pën tii kyatsëjkp.</para>
         </listitem>
     </orderedlist>
   </article>
   <article number="21">
      <title>Article 21</title>
      <orderedlist>
         <listitem>
            <para>Tukidaakjüpü jayu jats kyajpün dë mutönüt viinm, uk kutöömpa mëët juu’ dyakvinkën.</para>
         </listitem>
         <listitem>
            <para>Vyinmajtsjuvap tse’e ananyijöma jayu jats ja myujayuda di mutönüt jöma kyunaaxa.</para>
         </listitem>
         <listitem>
            <para>Vä’ä xa ve’e kyutöjkün töömp ja kajpün pyava’any jats kutöönk di patöndat, ax kajpün tse’e vye’na pyava’any uk pu di pëëmp pën vin’itte’e tyukida’akjü jats kutöönk tyukida’akyjü pën vintso ve’e di yakyo’oydat uk pu di yakjapyanëjkxjüdat vintso ve’e oy tsöj yo’oyüt, jats ka’a jayu koojjyi nyavyin’ëë’njüt.</para>
         </listitem>
      </orderedlist>
   </article>
   <article number="22">
      <title>Article 22</title>
      <para>Tö’kkë’ëyji ve’e jayu di vinmatsyjü, jats jayu oy tsöj tsyëënat, jats jayu yakmo’ojüt jä putëjkin juu’ tëmji uk jekum tsoo’mp meen këjx, uk jyatikëjxa, jä’ä tsyë ve’e, jats di tuk’oyat di tukjööjtsykat pën pën yë di majtsp.</para>
   </article>
   <article number="23">
      <title>Article 23</title>
      <orderedlist>
         <listitem>
            <para>Vyinmajtsjupe’e jats tö’kë’ëyji jayu työnüt jats di vinkonüt pën tii töönk työnüvaampy, oyü tsöj, jats ka’a työönk yaktukmaso’oküt , pën y’akää’yajüt jats dyaktikütsüt ja jyayvün yë putëjkinkëjx</para>
         </listitem>
         <listitem>
            <para>Jyapëna, tse’e pën pëne’e töömp tukidaakjüp tse’e jats yakmujöyüt akijpxa mëët myu’atöönk jats ka’a yakviijn’ixüt</para>
         </listitem>
         <listitem>
            <para>Jyapëna pën pën mutöömp, ax tukidaakjüp tse’e jats yakmujöyüt pën vinxüp di akääga jats nyipaadüxjüp ku dyaktönüt mëët tsyaanü kyoo, jats pën tii o’yip jyaa’k yaktukputëkat.</para>
         </listitem>
         <listitem>
            <para>Vä’ä ve’e tyukida’aky jats jayu ja nytenyiva di pëmüt ax juu’ ve’e nikojtsva’atsjudap ku ovintsova yaktönüt työönkjëx.</para>
         </listitem>
      </orderedlist>
   </article>
   <article number="24">
      <title>Article 24</title>
      <para>Tukidaakjupe’e jayu jats pyoo’kxün xëë yakmo’ojüt axjö’n tyukida’akyjü, ve’em ax jö’n yakmujöyüt, namvaat pyëë’kx.</para>
   </article>
   <article number="25">
      <title>Article 25</title>
      <orderedlist>
         <listitem>
            <para>Vä’ä ve’e jayu tukidaakjup jats oy tsöj tsyëënat, ve’em mëët tsyaanü kyoo, jats kyaaky nyëë, vyit xyox jats tyëjk jöma jyööjtykat, tsyoojy di paa’tüt vin’it tyukida’akyjü, tukidaakjüp jats yakputëkat pënü ka’a tii työönk, pënü pëjkjüp, pënü yakku’oo’kp, pënü mëj’önükinüp uk pënü tii ayo’vün yaknajxyp, uk jyatikëjxa.</para>
         </listitem>
         <listitem>
            <para>Tukidaakjup jä të’ëxtëjk juu’ maaxmëët jats yakputëkat, nayve’empa naaydüm ’önükta juu’ jäm tyee’ tyaak, uk pu juu’ tyee’ ka’ijtp nay tukidaajidip tse’e jats putëjkin yakmo’odat.</para>
         </listitem>
      </orderedlist>
   </article>
   <article number="26">
      <title>Article 26</title>
      <orderedlist>
         <listitem>
            <para>Tukidaakjup jayu jats y’ixpëküt. Tukidaakjup tse’e jats pi’k önük ve’emji y’ixpëküt juu’ jä ku y’ ixpéjkün dü tsoo’ndük. Nay ve’em ixpëküpe’e jä pi’k’önük oyam tee’ taak di ja ka tsoküt. Jats juu’ mëj’ixpëjkün tö’kë’ëyji jayu di vinmatsyjü; ve’em ax jö’n jayu jä myëëdaakün.</para>
         </listitem>
         <listitem>
            <para>Vä’ä ve’e tyukida’aky jats ja ixpëjkün työnüt vintso jayu oy tsöj di tukjööjtykat, jats jayu yakvintsë’ëgat, jats di nijavat vintso jyööjtykat; jats pyutëkat vintso nyavyinmotujadat, uk pu jayu nyayjavajüt, tö’k it uk viijnk it , ve’em ax jö’n jömajaty costumbre tyiküts, uk pu jaantsy ja’vün; jats yak’ixüt pën vintso yaktukjööjtykat Naciones Unidas pyava’nün.</para>
         </listitem>
         <listitem>
            <para>Tukidaakjüp tse’e jä tee’ taak jats di vinkontat pën tii ixpëjkin tyukmutsojktup tsyaan kyoo.</para>
         </listitem>
      </orderedlist>
   </article>
   <article number="27">
      <title>Article 27</title>
      <orderedlist>
         <listitem>
            <para>Tukidaakjup xa ve’e jayu jats di vinkonüt jä yakxoojntkün pën juu’ tsyëjkp di tuktëkat kyajpünkëjxm, o’yivap tse’e jats di tuktëjkivat pën tii vijjün käjjün ne’e jäjip uk o’yip jä kajpünküjx.</para>
         </listitem>
         <listitem>
            <para>Tukidaakjup pe’e jayu jats yakvintsë’kijat pën ti ve’e yak’oyip yakpaadip, uk pu pën ti ve’e y’ixpü pyaatyp mëët jä vyijjün kyäjjün.</para>
         </listitem>
      </orderedlist>
   </article>
   <article number="28">
      <title>Article 28</title>
      <para>Vä’ä ve’e tukidaakjup jats yë këts yë ayöök juu’ yam töömp kojtsjup jats yë yo’oyüt jyajöma itü naxviijn ax jö’n ixyam dü nipayo’oy, jats yakkutyönüt vintso dü vinmatsyjü</para>
   </article>
   <article number="29">
      <title>Article 29</title>
      <orderedlist>
         <listitem>
            <para>Vä’ä ve’e dü vinmatsyjü jats yakmutönüpe’e kajpün, küx jämme’e jayu jyööjtykat nyaxviijnat vintso dü vinmatsyjü.</para>
         </listitem>
         <listitem>
            <para>Ku tse’e tsyokjüt jats ja jayu oy jyööjtykat vä’ä tse’e ja jayu pava’nün yakkutöjküxjüp jats ve’em y’oyat jä jööjtykün mëët jä myujayü, jats ve’em oy jä jyööjtykün dü yaknaxtat.</para>
         </listitem>
         <listitem>
            <para>Ka’a yë ve’e yë pava’nün ovintsova jayu dü yaktöönkpaa’tüt, ve’emji ve’e työnüt vintso Naciones Unidas dü pava’any.</para>
         </listitem>
      </orderedlist>
   </article>
   <article number="30">
      <title>Article 30</title>
      <para>Ka’a ve’e tyukida’akjü jats ixyë’ë yë pava’nün ovintsova jä yakkutöjkpa dü yaktönüt uk jyapëna dyaktönüt pën vintso dü ka vinmatsyjü, ax jö’n myujayu di nin tukmutokintönüt.</para>
   </article>
</udhr>
