<?xml version="1.0" encoding="UTF-8"?>

<!-- © The Office of the High Commisioner for Human Rights -->

<udhr iso639-3='csw' xml:lang='csw' key='csw' n='Cree, Swampy' dir='ltr' iso15924='Cans' xmlns="http://www.unicode.org/udhr">

  <title>ᐁᐢᐱᑕᐢᑲᒥᑲᐠ ᐊᐢᑭᐠ ᑭᒋ ᐃᑗᐎᐣ ᐃᓂᓂᐎ ᒥᓂᑯᐎᓯᐎᓇ ᐅᒋ</title>

  <note>
    <para>ᑲ ᑭ ᐃᔑ ᓇᐢᑯᒧᒋᐠ ᓀᐢᑕ ᑭᒋ ᑭᒋ ᐃᑗᒋᐠ ᑭᒋ ᓇᑭᐡᑲᑐᐎ ᓇᐢᑯᒥᑐᐎᓂᐠ 217 A (III) ᑲ ᐃᑕᓯᓇᑌᐠ ᑎᐢᑭᑕᓯᓇᐃᑲᐣ ᐸᐗᑕᑭᓇᔑᐡ 10 1948 ᐁ ᐱᐳᐠ</para>
    <para>ᐸᐗᑕᑭᓇᔑᐡ 10 1948 ᑲ ᐱᐳᓂᓂᐠ ᒪᒪᐎ ᐃᑕᐢᑲᓀᓯᐎᓇ ᐁ ᒪᐗᒋ ᓇᑭᐡᑲᑐᒋᐠ ᑭ ᓇᐢᑯᒧᑐᑕᒶᐠ ᓀᐢᑕ ᑭ ᑭᒋ ᐃᑗᐗᐠ ᐁ ᐅᔑᑕᒋᐠ ᐁᐢᐱᑕᐢᑲᒥᑲᐠ ᑭᒋ ᐃᑗᐎᐣ ᐃᓂᓂᐎ ᒥᓂᑯᐎᓯᐎᓇ ᐅᒋ ᐁ ᒥᓯᐌᔭᐠ ᐅᑕ ᑲ ᓄᑾᐠ ᐅᑕ ᓂᐱᑌ ᐅᐅ ᐸᐢᑲᔦᑭᓂᑲᓇ, ᐅᒪ ᑲ ᐃᐡᑾ ᐃᒋᐠ ᑭᒋ ᐃᑐᑕᒧᐎᐣ ᐊᓂᑭ ᐊᐣᑕ ᑭᒋ ᓇᑭᐡᑲᑐᐎᓂᐠ ᒥᓯᐌ ᑲ ᐊᔑᑕᑭᒥᑯᓯᓂᒋ ᐸᐱᐢᑭᒋ ᑭᒋ ᐊᐢᑭᔭ ᑭᒋ ᓄᑯᑕᓂᒋ ᐅᒣᓂᐤ ᑭᒋ ᐃᑗᐎᓂᓂᐤ ᑭᒋ ᐗᓴᓶᑎᔕᐃᑲᑌᐠ ᑭᒋ ᐸᔭᑌ ᓄᑯᑕᓂᐗᐠ ᑭᒋ ᐊᔭᒥᑕᓂᐗᐠ ᓀᐢᑕ ᑭᒋ ᐸᔭᑌ ᐎᑕᒪᒋᐠ ᑭᒋᐌ ᐱᒋ ᑭᐢᑭᓄᐊᒪᑐᐎᑲᒥᑯᐠ ᓀᐢᑕ ᑯᑕᑭᔭ ᑭᐢᑭᓄᐊᒪᑐᐎᑲᒥᑾ ᐁᑲ ᑭᒋ ᑲᓇᐗᐸᒋᑲᑌᐠ ᐁᔑ ᐱᑐᔑᓇᑾᓄᑴ ᐅᑭᒪᐎᐎᐣ ᐱᒋ ᐸᐯᐢᑭᒋ ᐊᐢᑭᔭ ᓀᐢᑕ ᑯᑕᑭᔭ ᐊᐢᑭᔭ᙮</para>
  </note>

  <preamble>
    <title>ᓂᑲᓂ ᐃᑗᐎᐣ</title>
    <para>ᐃᑕ ᐁ ᐃᔑ ᓂᓯᑕᐎᓂᒋᑲᑌᐠ ᒥᓯᐌ ᑲ ᑕᔑᐟ ᐎᒋᔕᓂᑐᐎᓂᐠ ᑭᐡᑌᓂᑕᑯᓯᐎᓂᐠ ᐁᑭ ᐃᔑ ᓂᑕᐎᑭᐟ ᓀᐢᑕ ᐊᓂᐃ ᒥᓂᑯᐎᓯᐎᓇ ᐯᔭᑾᓄᐠ ᐁ ᐃᔑ ᒥᓂᑯᐎᓯᐟ ᓀᐢᑕ ᐁᑲ ᒋᑭ ᐊᓂᐢᑫᐸᓂᓂᐠ ᐎᓇ ᐱᑯ ᑲ ᑭ ᐃᔑ ᒥᓂᑯᐎᓯᐟ ᐁᑯᑕ ᐌᒋ ᓂᐸᐎᒪᑲᐠ ᑎᐯᓂᒥᑎᓱᐎᐣ ᓀᐢᑕ ᑾᔭᐢᑭᑕᑎᓯᐎᐣ ᓀᐢᑕ ᑲᔭᒣᓂᑕᒧᐎᐣ ᐅᑕ ᐊᐢᑭᐠ᙮</para>
    <para>ᐁᑯ ᒪᑲ ᐁᑲ ᐁ ᐱᓯᐢᑫᓂᒋᑲᑌᐠ ᓀᐢᑕ ᐁ ᐱᑯᓂᑲᑌᑭ ᐃᓂᓂᐎ ᒥᓂᑯᐎᓯᐎᓇ ᐁ ᑲᑾᑕᑭᐃᒋᐠ ᐃᓂᓂᐗᐠ ᐁ ᑭᔑᐗᐃᑯᓇᓂᐗᐠ ᓀᐢᑕ ᐁ ᐊᑎ ᓄᑾᐠ ᐊᐢᑭᐠ ᐃᓂᓂᐤ ᐁ ᐸᑭᑎᓇᒪᑯᐎᓯᐟ ᑭᒋ ᒥᓉᓂᑕᐠ ᐗᐃᑗᐟ ᐱᑯ ᑫᑾᓂᐤ ᑭᒋ ᐃᑗᐟ ᓀᐢᑕ ᐅᑕᐺᔦᓂᑕᒧᐎᐣ ᓀᐢᑕ ᐅᑎᐯᓂᒥᑎᓱᐎᐣ ᐁᑲ ᑭᒋ ᓇᓂᒋᐟ ᓀᐢᑕ ᐱᑯ ᑭᒋ ᓄᑌᐸᓂᐟ ᐁ ᑭᒋ ᐃᑡᓂᐗᐠ ᐅᑕ ᐁ ᐅᑯᒪ ᒪᐗᐨ ᑲ ᐃᔑ ᒧᐡᑌᔦᓂᑕᐠ ᐃᓂᓂᐤ᙮</para>
    <para>ᐁ ᑭᐢᑌᓂᑕᑾᐠ ᒪᑲ ᐃᓂᓂᐎ ᒥᓂᑯᐎᓯᐎᐣ ᑭᒋ ᑲᓇᐌᓂᒋᑲᑌᐠ ᐱᒋ ᐅᓇᔓᐌᐎᓂᐠ ᒪᑲ ᑭᔕᐢᐱᐣ ᐃᓂᓂᐤ ᐁᑲ ᑲ ᐸᑭᑎᓂᐟ ᑭᒋ ᐊᔭᐢᐸᐣ ᐱᑐᐡ ᑫᑾᓂᐤ ᑫ ᑭᑐᑕᐠ ᑲᓇᑫ ᒪᒋᐨ ᑫ ᐅᒋ ᒪᔑᑕᐟ ᐅᑭᒪᐎᐎᓂᓂᐤ ᐯᔭᐠ ᑭᒋ ᐅᑭᒪᐤ ᐁ ᑎᐯᐣᒋᑫᐟ ᓀᐢᑕ ᐁ ᐸᑕᑯᓄᐌᐟ᙮</para>
    <para>ᓀᐢᑕ ᐁ ᑭᐢᑌᓂᑕᑾᐠ ᑭᒋ ᔑᑭᑕᓂᐗᐠ ᐅᑐᑌᒥᒥᑐᐎᓂᐠ ᑭᒋ ᐃᔑ ᑲᓇᐗᐸᒥᑐᒋᐠ ᐃᑕᐢᑲᓀᓯᐎᓇ᙮</para>
    <para>ᓀᐢᑕ ᐊᓂᑭ ᐃᓂᓂᐗᐠ ᐱᒋ ᒪᒪᐎ ᐃᑕᐢᑲᓀᓯᐎᓂᐠ ᐱᒋ ᐅᓇᔓᐌᐎᓂᐠ ᐁ ᑕᐱ ᐃᑗᒋᐠ ᐁ ᑕᐺᔦᓂᑕᑭᐠ ᑲ ᐅᒋ ᓂᐸᐎᒪᑲᑭ ᐃᓂᓂᐎ ᒥᓂᑯᐎᓯᐎᓇ ᐅᑭᐢᑌᓂᑕᑯᓯᐎᓂᐠ ᓀᐢᑕ ᐁᔑ ᑕᐺᔦᓂᑕᑯᓯᐟ ᐃᓂᓂᐤ ᓀᐢᑕᐢ ᐯᔭᑾᓄᐠ ᐁᔑ ᒥᓂᑯᐎᓯᒋᐠ ᓇᐯᐤ ᓀᐢᑕ ᐃᐢᑺᐤ ᓀᐢᑕ ᐁ ᐃᑌᓂᑕᑭᐠ ᑭᒋ ᔑᑭᑕᒋᐠ ᑭᒋ ᒥᓄᐸᓂᓂᒋ ᐃᓂᓂᐗ ᐅᐱᒪᑎᓯᐎᓂᓂᐠ ᓀᐢᑕ ᑭᒋ ᒥᓋᔑᓂᓂᐠ ᐅᐱᒪᑎᓯᐎᓂᓂᐤ ᐊᐗᓯᑌ ᑭᒋ ᐅᒋ ᑎᐯᓂᒥᑎᓯᓂᒋ᙮</para>
    <para>ᐁᑯ ᓀᐢᑕ ᐊᓂᑭ ᑲ ᐊᔑᑕᑭᒥᑯᓯᒋᐠ ᐸᐯᐢᑭᒋ ᐊᐢᑭᔭ ᐁᑭ ᐊᔓᑕᒪᑫᒋᐠ ᑭᒋᐎ ᑲᐡᑭᑕᒋᐠ ᐁ ᐗᐎᒋᐊᒋᐠ ᒪᒪᐎ ᐃᑕᐢᑲᓀᓯᐎᓇ ᐁ ᑲᑲᒋᐎᑕᓂᐗᐠ ᒥᓯᐌᐢᑲᒥᐠ ᐊᐢᑭᐠ ᑭᒋ ᑭᐢᑌᓂᒋᑲᑌᐠ ᓀᐢᑕ ᑲᓇᐌᓂᒋᑲᑌᐠ ᐃᓂᓂᐎ ᒥᓂᑯᐎᓯᐎᓇ ᓀᐢᑕ ᑲ ᐅᒋ ᓂᐸᐎᒪᑲᑭ ᑎᐯᓂᒥᑎᓱᐎᓇ᙮</para>
    <para>ᐁᑯ ᓀᐢᑕ ᐯᔭᑾᐣ ᐁ ᓂᓯᑐᒋᑲᑌᑭ ᐊᓂᐃ ᒥᓂᑯᐎᓯᐎᓇ ᓀᐢᑕ ᑎᐯᓂᒥᑎᓯᐎᓇ ᒪᐗᐨ ᐁ ᑭᐢᑌᓂᑕᑾᑭ ᑭᒋ ᐅᒋ ᑕᐺᐗᔦᑫᓂᑕᑾᐠ ᐅᒪ ᑲ ᑭ ᐃᔑ ᐊᔓᑕᒪᑫᒋᐠ᙮ ᐁᑯ ᒪᑲ ᐊᐣᑕ ᑭᒋ ᒪᐗᒋᐃᑐᐎᓂᐠ ᐁ ᑭᒋ ᐃᑗᒋᐠ ᐅᒣᓂᐤ ᐁᐢᐱᑕᐢᑲᒥᑲᐠ ᐊᐢᑭᐠ ᑭᒋ ᐃᑗᐎᓂᓂᐤ ᐃᓂᓂᐎ ᒥᓂᑺᐃᓯᐎᓂ ᐅᒋ ᐯᔭᑾᐣ ᑫ ᐃᔑ ᐅᑎᓴᐸᑕᑭᐠ ᒥᓯᐌ ᐃᓂᓂᐗᐠ ᓀᐢᑕ ᒥᓯᐌ ᐃᑕᐢᑲᓀᓯᐎᓇ ᐱᓂᐡ ᒥᓯᐌ ᑲᑕᔑᐟ ᐃᓂᓂᐤ ᓀᐢᑕ ᒥᓯᐌ ᑲ ᐃᔑᓇᑾᐠ ᐱᒪᑎᓯᐎᐣ ᑕᔑᓀ ᑭᒋ ᒪᒥᑐᓀᓂᒋᑲᑌᐠ ᐅᒪ ᑭᒋ ᐃᑗᐎᐣ ᑭᒋ ᑯᒋᑕᓂᐗᐠ ᑭᒋ ᑭᐢᑭᓄᐊᒪᑲᓂᐗᐠ ᓀᐢᑕ ᑲᑲᒋᐎᑕᓂᐗᐠ ᑭᒋ ᑭᐢᑌᓂᒋᑲᑌᑭ ᐊᓂᐃ ᒥᓂᑯᐎᓯᐎᓇ ᓀᐢᑕ ᑎᐯᓂᒥᑎᓱᐎᓇ ᓀᐢᑕ ᒥᓯᐌ ᐁᔑ ᑲᐡᑭᑕᓂᐗᐠ ᐱᒋ ᐸᐯᐢᑭᒋ ᐊᐢᑭᐠ ᓀᐢᑕ ᐁᐢᐱᑕᐢᑲᒥᑲᐠ ᐊᐢᑭᐠ ᑭᒋ ᐅᑎᓇᒪᓱᒋᐠ ᒥᓯᐌᐢᑲᒥᐠ ᓀᐢᑕ ᑾᔭᐢᐠ ᑭᒋ ᓂᓯᑕᐌᓂᒋᑲᑌᐠ ᓀᐢᑕ ᑲᓇᐌᓂᒋᑲᑌᐠ ᑲᑭᓇᐤ ᐊᓂᑭ ᐃᓂᓂᐗᐠ ᐸᐯᐢᑭᐨ ᐊᐢᑭᔭ ᓀᐢᑕ ᐊᓂᑭ ᐃᓂᓂᐗᐠ ᐸᐯᐢᑭᐨ ᐅᐟ ᐊᐢᑭᐗᐠ ᐱᒋ ᐁᔑ ᑎᐯᐣᑕᑯᓯᒋᐠ᙮</para>
  </preamble>

  <article number="1">
    <title>ᐯᔭᐠ ᐱᐢᑭᑕᓯᓇᐃᑲᐣ</title>
    <para>ᒥᓯᐌ ᐃᓂᓂᐤ ᑎᐯᓂᒥᑎᓱᐎᓂᐠ ᐁᔑ ᓂᑕᐎᑭᐟ ᓀᐢᑕ ᐯᔭᑾᐣ ᑭᒋ ᐃᔑ ᑲᓇᐗᐸᒥᑯᐎᓯᐟ ᑭᐢᑌᓂᒥᑎᓱᐎᓂᐠ ᓀᐢᑕ ᒥᓂᑯᐎᓯᐎᓇ᙮ ᐁ ᐸᑭᑎᓇᒪᒋᐠ ᑲᑫᑕᐌᓂᑕᒧᐎᓂᓂᐤ ᓀᐢᑕ ᒥᑐᓀᓂᒋᑲᓂᓂᐤ ᓀᐢᑕ ᐎᒋᑴᓯᑐᐎᓂᐠ ᑭᒋ ᐃᔑ ᑲᓇᐗᐸᒥᑐᒋᐠ᙮</para>
  </article>

  <article number="2">
    <title>ᓂᔓ ᐱᐢᑭᑕᓯᓇᐃᑲᐣ</title>
    <para>ᒥᓯᐌ ᐊᐌᓇ ᑎᐸᑫᓂᑕᑯᓯᐤ ᒥᓯᐌ ᐊᓂᐃ ᒥᓂᑯᐎᓯᐎᓇ ᓀᐢᑕ ᑎᐯᓂᒥᑎᓱᐎᓇ ᐃᑕ ᑲ ᒪᓯᓇᐃᑲᑌᑭ ᑭᒋ ᐃᑗᐎᓂᐠ ᐁᑲ ᐸᑲᐣ ᑭᒋ ᐃᔑ ᑲᓇᐗᐸᒥᑯᐎᓯᐟ ᑕᐱᐢᑯᐨ ᑲ ᐅᑕᐢᑲᓀᓯᐟ ᐁᑕᔕᑫᐟ ᓀᐢᑕ ᑲ ᐃᐢᑴᐎᐟ ᓀᐢᑕ ᐱᑯ ᑲ ᓇᐯᐎᐟ ᐅᐟ ᐃᔑᑫᔗᐎᐣ ᐅᐟ ᐊᔭᒥᐊᐎᐣ ᐅᑭᒪᐎᐎᓂᐤ ᐁᔑ ᑎᐯᐣᑕᑯᓯᐟ ᓀᐢᑕ ᐱᑯ ᑯᑕᐠ ᑫᑾᓂᐤ ᑲ ᐃᑌᓂᒪᐎᑌ ᓀᐢᑕ ᑲ ᐅᒋᑴ ᐅᑎᐱᓇᐌᐎᓯᐎᓇ ᓀᐢᑕ ᑲ ᑭ ᐃᔑ ᓂᑕᐎᑭᐟ ᓀᐢᑕ ᐱᑯ ᑯᑕᑭᔾ ᑫᑾᐣ᙮ ᒥᓇ ᒪᑲ ᐁᑲ ᐱᑐᐡ ᑭᒋ ᐃᔑ ᑲᓇᐗᐸᒥᐟ ᐅᑭᒪᐎᐎᓂᓂᐤ ᑎᐯᐣᒋᑫᐎᓂᓂᐤ ᓀᐢᑕ ᐱᑯ ᐁᔑᓇᑾᓂᓂᑴ ᐊᐢᑭᓂᐤ ᑲ ᐅᒋ ᑎᐯᐣᑕᑯᓯᐟ ᓀᐢᑕ ᐱᑯ ᐊᐢᑭᓂᐤ ᑲ ᐅᒋᐟ ᑭᔕᐢᐱᐣ ᑎᐯᓂᒥᑎᓯᒪᑲᓂᓂᑴ ᓀᐢᑕ ᐁᑲ ᑲ ᑎᐯᓂᒥᑎᓯᒪᑲᓂᓂᑴ ᓀᐢᑕ ᐱᑯ ᑯᑕᐠ ᑫᑾᐣ ᐁᔑ ᓄᑌᐸᓂᑴ ᐅᑭᒪᐎᐎᓂᐠ᙮</para>
  </article>

  <article number="3">
    <title>ᓂᐢᑐ ᐱᐢᑭᑕᓯᓇᐃᑲᐣ</title>
    <para>ᒥᓯᐌ ᐊᐌᓇ ᐃᔑ ᒥᓂᑯᐎᓯᐤ ᑭᒋ ᐱᒪᑎᓯᐟ ᓀᐢᑕ ᑎᐯᓂᒥᑎᓱᐎᓂᓂᐤ ᓀᐢᑕ ᐁᑲ ᑭᒋ ᐅᒋ ᓇᓂᓴᓂᓯᐟ᙮</para>
  </article>

  <article number="4">
    <title>ᓀᐊ ᐱᐢᑭᑕᓯᓇᐃᑲᐣ</title>
    <para>ᐁᑲ ᐊᐌᓇ ᑭᒋ ᐊᐗᑲᑎᐟ ᓀᐢᑕ ᐱᑯ ᑎᐯᓂᒥᐟ᙮ ᐁᑲ ᑭᒋ ᐃᑕᑾᐠ ᒥᓯᐌ ᑲ ᐃᔑᓇᑾᐠ ᐃᓂᓂᐤ ᑲ ᐊᐗᑲᑎᐟ ᓀᐢᑕ ᒪᑲ ᐁᑲ ᑭᒋ ᐊᑕᐗᑫᐎ ᐊᐗᑭᑎᐟ ᐃᓂᓂᐤ᙮</para>
  </article>

  <article number="5">
    <title>ᓂᔭᓇᐣ ᐱᐢᑭᑕᓯᓇᐃᑯᐣ</title>
    <para>ᐁᑲ ᐊᐎᓇ ᒥᑐᓂ ᑭᒋ ᑲᑾᑕᑭᐃᐟ ᓀᐢᑕ ᐱᑯ ᑭᒋ ᐊᑾᑎᓯᐢᑕᐟ ᓀᐢᑕ ᓄᑕᐤ ᑭᒋ ᑐᑕᐟ ᓀᐢᑕ ᐱᑯ ᑾᐣᑕᐤ ᑭᒋ ᑐᑕᐟ ᓀᐢᑕ ᐱᑯ ᑭᒋ ᓇᓀᑲᒋᐃᐟ᙮</para>
  </article>

  <article number="6">
    <title>ᐢᑯᑡᐢ ᐱᐢᑭᑕᓯᓇᐃᑲᐣ</title>
    <para>ᒥᓯᐌ ᐊᐌᓇ ᐁ ᑎᐸᑫᓂᑕᑯᓯᐟ ᑭᒋ ᓂᓯᑕᐌᓂᒥᐟ ᒥᓯᐌ ᐱᑯ ᑕᐢᑌ ᐁ ᐃᓂᓂᐎᐟ ᐅᑎᐢᑲᐤ ᐅᓇᔓᐌᐎᓂᐠ᙮</para>
  </article>

  <article number="7">
    <title>ᓂᔀᐢ ᐱᐢᑭᑕᓯᓇᐃᑲᐣ</title>
    <para>ᒥᓯᐌ ᐯᔭᑾᐣ ᑭᒋ ᐃᔑ ᑲᓇᐗᐸᒥᐟ ᐅᑎᐡᑲᐤ ᐅᓇᔓᐌᐎᓂᐠ ᓀᐢᑕ ᐁ ᐃᑌᐢᑕᑯᓯᐟ ᐁᑲ ᑭᒋ ᒪᓀᓂᒥᑯᐎᓯᐟ ᐯᔭᑾᐣ ᐃᓂᑯᐠ ᑭᒋ ᐃᔑ ᑲᓇᐌᓂᒥᑯᐎᓯᐟ ᐅᓇᔓᐌᐎᓂᐠ᙮ ᒥᓯᐌ ᐊᐌᓇ ᐯᔭᑾᐣ ᑭᒋ ᐃᔑ ᑲᓇᐌᓂᒥᑯᐎᓯᐟ ᐱᑯ ᑫᑾᐣ ᑲ ᐱᑯᓂᑲᑌᐠ ᐅᒪ ᑭᒋ ᐃᑗᐎᐣ ᓀᐢᑕ ᑭᒋ ᑲᓇᐌᓂᒥᑯᐎᓯᐟ ᐃᐢᐱ ᑲ ᐎ ᐱᑯᓂᑲᑌᐠ ᐅᒪ ᑭᒋ ᐁᑗᐎᐣ᙮</para>
  </article>

  <article number="8">
    <title>ᓂᔭᓇᓀᐤ ᐱᐢᑭᑕᓯᓇᐃᑲᐣ</title>
    <para>ᒥᓯᐌ ᐊᐌᓇ ᐁ ᐃᔑ ᒥᓂᑯᐎᓯᐟ ᑭᒋ ᓇᑕᒪᑯᐟ ᒥᓯᐌᐢᑲᒥᐠ ᐅᑕᐸᐢᑯᓂᑫᐎ ᓇᑕᒪᑫᐗᐠ ᐃᐢᐱ ᑲ ᐱᑯᓂᑲᑌᑭ ᑲ ᐅᒋ ᓂᐸᐎᒪᑲᐠ ᐊᓂᐃ ᐅᒥᓂᑯᐎᓯᐎᓇ ᑲ ᐸᑭᑎᓇᒪᐟ ᑭᒋ ᐅᓇᐢᑯᓂᑫᐎᓂᐠ ᓀᐢᑕ ᐱᑯ ᐅᓇᔓᐌᐎᓂᐠ᙮</para>
  </article>

  <article number="9">
    <title>ᔕᐣᐠ ᐱᐢᑭᑕᓯᓇᐃᑲᐣ</title>
    <para>ᐁᑲ ᐊᐌᓇ ᑾᐣᑕᐤ ᑭᒋ ᒪᑯᓂᑯᐟ ᐅᑭᐸᐅᐌᐎᓯᐗ ᓀᐢᑕ ᑾᐢᑕᐤ ᑭᒋ ᑭᐸᐅᐟ ᓀᐢᑕ ᐱᑯ ᑭᒋ ᐃᑲᑌᒋᔕᐅᐟ ᐅᐟ ᐊᐢᑭᐠ ᐅᒋ᙮</para>
  </article>

  <article number="10">
    <title>ᒥᑕᑕᐟ ᐱᐢᑭᑕᓯᓇᐃᑲᐣ</title>
    <para>ᒥᓯᐌ ᐊᐌᓇ ᐁ ᐃᑌᓂᑕᑯᓯᐟ ᐯᔭᑾᓄᐟ ᑭᒋ ᐁᔑ ᑲᓇᐗᐸᒥᐟ ᐃᐢᐱ ᑲ ᑎᐸᐢᑯᓂᑲᓂᐗᐠ ᑎᐸᐣ ᑲ ᑎᐸᐣᑯᓂᑫᓂᒋ ᐃᐢᐱ ᑲ ᓇᑕᐎ ᑭᐢᑫᓂᒋᑲᑌᓂᐠ ᐅᒥᓂᑯᐎᓯᐎᓇ ᓀᐢᑕ ᐅᐟ ᐃᑌᓂᑕᑯᓯᐎᓇ ᐃᐢᐱ ᑲ ᑎᐯᐢᑯᓂᐟ ᑲ ᐗᓂᔑᒋᑫᑴ᙮</para>
  </article>

  <article number="11">
    <title>ᐯᔭᑯᔕᑊ ᐱᐢᑭᑕᓯᓇᐃᑲᐣ</title>
    <orderedlist>
      <listitem>
        <para>ᒥᓯᐌ ᐊᐌᓇ ᑲ ᐗᓂᔑᒋᑯᐟ ᐢᑕᐌᓂᑕᑯᓯᐤ ᐁᑲ ᐱᑕᒪ ᓂᔡᓇᒋᒥᑯᓯᐎᓂᐠ ᑭᒋ ᐃᔑ ᑲᓇᐗᐸᒥᐟ ᐸᑎᒪ ᑲ ᑭᐢᑫᓂᒪᐎᑌ ᑕᐺ ᐎᓇ ᑲ ᑐᑕᒧᑴ ᐱᒋ ᐅᓇᔓᐌᐎᓂᐠ ᐱᒋ ᑎᐸᐢᑯᓂᑫᐎᑲᒥᑯᐠ ᑭᐢᑎᓇᐨ ᑲ ᑭ ᐃᔑ ᐸᑭᑎᓇᒪᐟ ᑭᒋ ᒪᔑᑕᒪᓱᐟ᙮</para>
      </listitem>
      <listitem>
        <para>ᐁᑲ ᐊᐌᓇ ᑭᒋ ᐊᑕᒣᓂᑕᑯᓯᐟ ᐗᓂᔑᒋᑫᐌᓂᓂᐤ ᐱᑯ ᑫᑾᓂᐤ ᑲ ᑭ ᑐᑕᒧᑴ ᓀᐢᑕ ᐱᑯ ᑲ ᐅᒋ ᑐᑕᒧᑴ ᐁᑲ ᐗᓂᔑᒋᑫᐎᓂᓂᐤ ᐁᔑ ᑲᓇᐗᐸᒋᑲᑌᓂᐠ ᐱᒋ ᑭᒋ ᐅᓇᐢᑯᓂᑫᐎᓂᐠ ᒥᓯᐌᐢᑲᒥᑲᐠ ᑲ ᐱᒧᑌᒪᑲᐠ ᓀᐢᑕ ᐱᑯ ᐁᐢᐱᑕᐢᑲᒥᑲᐠ ᑭᒋ ᐊᓇᔓᐌᐎᐣ ᒬᒋ ᐊᓂᒪ ᐃᐢᐱ ᑲ ᐃᑐᑕᒧᑴ᙮ ᓀᐢᑕ ᐱᑯ ᐊᐗᓯᑌ ᑲ ᒪᐡᑲᐗᓂᐠ ᐃᑕᑭᑕᒪᑫᐎᓂᓂᐤ ᑭᒋ ᐃᔑ ᑎᐸᐢᑯᓂᐟ ᐃᐢᐱᐨ ᐊᓂᒪ ᑫ ᐃᑕᑭᑕᒪᐎᑎᐸᓀ ᐃᐢᐱ ᑲ ᐗᓂᔑᒋᑫᐟ᙮</para>
      </listitem>
    </orderedlist>
  </article>

  <article number="12">
    <title>ᓂᔓᔕᑊ ᐱᐢᑭᑕᓯᓇᐃᑲᐣ</title>
    <para>ᐁᑲ ᐊᐌᓇ ᑾᐣᑕᐤ ᑭᒋ ᒥᑯᐡᑲᒋᐃᐟ ᐎᓇ ᑌᐱᓇᐌ ᓀᐢᑕ ᐱᑯ ᐎᒋᔕᓂᑐᐠ ᐱᒋ ᐎᑭᐠ ᓀᐢᑕ ᐱᑯ ᒪᓯᓇᐊᒪᑐᐎᓂᐠ ᓀᐢᑕ ᐱᑯ ᑭᒋ ᒪᓀᓂᒥᐟ ᐅᑭᐡᑌᓂᑕᑯᓯᐎᓂᐠ ᓀᐢᑕ ᐅᐟ ᐃᑕᑎᓯᐎᓂᐠ᙮ ᒥᓯᐌ ᐊᐌᓇ ᐁ ᐣᑕᐌᓂᑕᑯᓯᐟ ᑭᒋ ᑲᓇᐌᓂᒥᑯᐟ ᐅᓇᔓᐌᐎᓂᓂᐤ ᐁᑲ ᑭᒋ ᒥᑯᐡᑲᒋᐃᐟ ᓀᐢᑕ ᐱᑯ ᐁᑲ ᑭᒋ ᑾᓄᑕᐟ᙮</para>
  </article>

  <article number="13">
    <title>ᓂᐢᑐᔕᑊ ᐱᐢᑭᑕᓯᓇᐃᑲᐣ</title>
    <orderedlist>
      <listitem>
        <para>ᒥᓯᐌ ᐊᐌᓇ ᐁ ᑎᐯᓂᒥᑎᓱᐟ ᐗᐃᑐᑌᐟ ᐱᑯ ᑭᒋ ᐃᑐᑌᐟ ᓀᐢᑕ ᑭᒋ ᑕᔑᑫᐟ ᐱᑯ ᑕᐣᑕ ᐁᔑ ᐊᐢᑭᐗᐠ᙮</para>
      </listitem>
      <listitem>
        <para>ᒥᓯᐌ ᐊᐌᓇ ᐁ ᐸᑭᑎᓂᑯᓯᐟ ᑭᒋ ᓇᑲᑕᐠ ᐱᑯ ᑫᑯ ᐊᐢᑭᓂᐤ ᐊᔑᐨ ᐅᐟ ᐊᐢᑭᔾ ᓀᐢᑕ ᒥᓇ ᑭᒋ ᑭᐌᐟ ᐊᐣᑕ ᐅᐟ ᐊᐢᑭᐠ᙮</para>
      </listitem>
    </orderedlist>
  </article>

  <article number="14">
    <title>ᓀᐅᔕᑊ ᐱᐢᑭᑕᓯᓇᐃᑲᐣ</title>
    <orderedlist>
      <listitem>
        <para>ᒥᓯᐌ ᐊᐌᓇ ᐃᑌᓂᑕᑯᓯᐤ ᐱᑐᐡ ᐊᐢᑭᐠ ᑭᒋ ᐃᑐᑌᐟ ᐁᑲ ᑫ ᐃᔑ ᒥᑯᐡᑲᒋᐃᐟ ᓀᐢᑕ ᑫ ᐃᔑ ᓴᑲᐢᑫᓂᒧᐟ ᐊᐣᑕ ᐊᐢᑭᐠ᙮</para>
      </listitem>
      <listitem>
        <para>ᐅᒪ ᑎᐯᑫᓂᑕᑯᓯᐎᐣ ᐁᑲ ᑭᒋ ᒪᐢᑲᒥᐟ ᐃᐢᐱ ᑲ ᑎᐸᐢᑯᓇᐎᑌ ᐗᓂᔑᒋᑫᐎᓂᐠ ᑲ ᐅᒋ ᐸᓯᑯᒪᑲᐠ ᓀᐢᑕ ᐃᔑᒋᑫᐎᓇ ᓇᐁᐸᐨ ᑲ ᐅᒋᐸᓂᑭ ᐗᑐᑕᒧᒪᑲᐠ ᓀᐢᑕ ᓂᑲᓀᓂᑕᒧᐎᓇ ᒪᒪᐎ ᐃᑕᐢᑲᓀᓯᐎᓇ ᐁᔑ ᓂᐸᐎᒪᑲᑭ᙮</para>
      </listitem>
    </orderedlist>
  </article>

  <article number="15">
    <title>ᓂᔭᓄᔕᑊ ᐱᐢᑭᑕᓯᓇᐃᑲᐣ</title>
    <orderedlist>
      <listitem>
        <para>ᒥᓯᐌ ᐊᐌᓇ ᑎᐯᓇᐌ ᐅᐟ ᐃᑕᐢᑲᓀᓯᐎᐣ ᑭᒋ ᐱᒧᑕᑐᑕᐠ᙮</para>
      </listitem>
      <listitem>
        <para>ᐁᑲ ᐊᐌᓇ ᑭᒋ ᒥᑕᑴᓇᒪᐟ ᐅᐟ ᐃᑕᐢᑲᓀᓯᐎᐣ ᓀᐢᑕ ᐱᑯ ᑭᒋ ᒥᑕᑴᓇᒪᐟ ᑯᑕᑭᔾ ᐃᑕᐢᑲᓀᓀᓯᐎᓂᓂᐤ ᑭᒋ ᐱᒪᑎᓯᑲᑕᐠ᙮</para>
      </listitem>
    </orderedlist>
  </article>

  <article number="16">
    <title>ᐢᑯᑕᓱᔕᑊ ᐱᐢᑭᑕᓯᓇᐃᑲᐣ</title>
    <orderedlist>
      <listitem>
        <para>ᓇᐯᐗᐠ ᓀᐢᑕ ᐃᐢᑴᐗᐠ ᑲ ᑎᐯᑕᑐ ᐱᐳᓀᓯᒋᐠ ᐁᑲ ᑲ ᑭᐸᐊᒪᐟ ᑲ ᐅᑕᐢᑲᓀᓯᐟ ᓀᐢᑕ ᐱᑯ ᐅᐟ ᐊᔭᒥᐊᐎᐣ ᐃᔑ ᒥᓂᑯᐎᓯᐗᐠ ᑭᐃ ᐎᑭᑐᒋᐠ ᓀᐢᑕ ᑭᒋ ᓂᑕᐎᑭᐃᐌᒋᐠ᙮ ᐯᔭᑾᐣ ᑭᒋ ᐃᔑ ᒥᓂᑯᐎᓯᒋᐠ ᐎᑭᑐᐎᓂᐠ ᒣᑾᐨ ᑲ ᐎᑭᑐᒋᐠ ᓀᐢᑕ ᒪᑲ ᐃᐢᐱ ᑲ ᐱᑯᓇᑭᐠ ᐅᐎᑭᑐᐎᓂᐗᐤ᙮</para>
      </listitem>
      <listitem>
        <para>ᑲᑕ ᐎᑭᑐᐗᐠ ᐸᑎᒪ ᑲ ᑎᐯᓂᒥᑎᓱᒋᐠ ᓀᐢᑕ ᑲᑭᓇᐤ ᐁ ᓇᐢᑯᒥᑐᒋᐠ ᑲᑕ ᐎᑭᑐᐗᐠ ᐊᓂᑭ ᑲ ᐎ ᓂᔑᒋᐠ᙮</para>
      </listitem>
      <listitem>
        <para>ᐎᒋᔕᓂᑐᐎᐣ ᐁ ᐅᑾᓂᒪ ᑾᔭᐢᐠ ᓀᐢᑕ ᑲ ᐅᒋ ᓂᐸᐎᒪᑲᐠ ᐅᒪ ᑲ ᐱᒪᑎᓯᓇᓂᐗᐠ ᓀᐢᑕ ᐁ ᐣᑕᐌᓂᑕᑾᐠ ᑭᒋ ᑲᓉᓂᑕᑭᐠ ᐃᓂᓂᐗᐠ ᓀᐢᑕ ᑭᒋ ᐊᐢᑭᐠ᙮</para>
      </listitem>
    </orderedlist>
  </article>

  <article number="17">
    <title>ᓂᔀᓱᔕᑊ ᐱᐢᑭᑕᓯᓇᐃᑲᐣ</title>
    <orderedlist>
      <listitem>
        <para>ᒥᓯᐌ ᐊᐌᓇ ᒥᓂᑯᐎᓯᐤ ᑭᒋ ᑎᐯᓇᐌᐎᓯᐟ ᑫᑾᓂᐤ ᓀᐢᑕ ᐊᔑᐨ ᑯᑕᑭᔭ᙮</para>
      </listitem>
      <listitem>
        <para>ᐁᑲ ᐊᐌᓇ ᑭᒋ ᒥᑕᑴᓇᒪᐟ ᐅᑎᐱᓇᐌᐎᓯᐎᐣ᙮</para>
      </listitem>
    </orderedlist>
  </article>

  <article number="18">
    <title>ᓂᔭᓇᓀᐎᔕᑊ ᑎᐢᑭᑕᓯᓇᐃᑲᐣ</title>
    <para>ᒥᓯᐌ ᐊᐌᓇ ᐁ ᒥᓂᑯᐎᓯᐟ ᑭᒋ ᑎᐁᐢᑕᐠ ᐅᐟ ᐃᑌᓂᑕᒧᐎᐣ ᐅᒪᒥᑐᓀᓂᑕᒧᐎᐣ ᓀᐢᑕ ᐅᐟ ᐊᔭᒥᐃᐎᐣ᙮ ᐅᒪ ᒥᓂᑯᐎᓯᐎᐣ ᐊᔑᐨ ᐅᑎᐯᓂᒥᑎᓱᐎᐣ ᑭᒋ ᐊᐸᒋᑕᐟ ᐃᐢᐱ ᐗ ᐊᒋᑕᐟ ᐅᐟ ᐊᔭᒥᐊᐎᐣ ᓀᐢᑕ ᐅᐟ ᑕᐺᔦᓂᑕᒧᐎᐣ ᐁ ᐯᔭᑯᐟ ᓀᐢᑕ ᐱᑯ ᑯᑕᑭᔭ ᐃᓂᓂᐗ  ᐅᑎᐢᑲᐤ ᐃᓂᓂᐠ ᓀᐢᑕ ᐱᑯ ᐎᓇ ᑎᐯᓇᐌ᙮ ᑭᒋ ᐗᐸᑎᓂᐌᐟ ᐅᐟ ᐊᔭᒥᐊᐎᐣ ᓀᐢᑕ ᐱᑯ ᑭᒋ ᑭᐢᑭᓄᐊᒪᑭᐟ ᐁᔑ ᑕᐺᔦᓂᑕᐠ ᓀᐢᑕ ᑭᒋ ᐱᒧᑕᑐᑕᐠ ᐅᐟ ᑕᐺᔦᓂᑕᒧᐎᐣ ᓀᐢᑕ ᒪᑲ ᐁᔑ ᒪᒥᒋᒥᐌᐟ ᓀᐢᑕ ᓄᓱᓀᐊᐠ ᐅᐟ ᑕᐺᔦᓂᑕᒧᐎᐣ᙮</para>
  </article>

  <article number="19">
    <title>ᔕᐣᑯᔕᑊ ᐱᐢᑭᑕᓯᓇᐃᑲᐣ</title>
    <para>ᒥᓯᐌ ᐊᐌᓇ ᒥᓂᑯᐎᓯᐤ ᑎᐯᓇᐌ ᐅᐟ ᐃᑌᓂᑕᒧᐎᐣ ᑭᒋ ᐊᐸᒋᑕᐟ ᓀᐢᑕ ᑎᐯᓇᐌ ᐅᐟ ᐊᔭᒥᐅᐣ ᑭᒋ ᐊᐸᒋᑕᐟ᙮ ᐁ ᐊᑯᒪ ᒥᓂᑯᐎᓯᐎᐣ ᐁ ᑎᐯᓂᒥᑎᓯᐟ ᐅᐟ ᐃᑌᓂᑕᒧᐎᐣ ᑭᒋ ᐊᐸᒋᑕᐟ ᓀᐢᑕ ᐁᑲ ᑭᒋ ᒥᑯᐡᑲᒋᐃᐟ ᓀᐢᑕ ᑭᒋ ᓇᑕᐌᓂᑕᐠ ᓀᐢᑕ ᐅᑎᑎᑯᐟ ᓀᐢᑕ ᑭᒋ ᐊᐸᒋᑕᐟ ᐊᓂᐃ ᐎᑕᒪᑯᐎᓇ ᓀᐢᑕ ᐃᑌᓂᑕᒧᐎᓇ ᐱᑯ ᑲ ᐅᒋᐸᓂᑭ ᑎᐸᒋᒧᐎᓇ ᓀᐢᑕ ᐯᑕᑯᓯᐎᓇ ᓀᐢᑕ ᐁᑲ ᑭᒋ ᑭᐱᐡᑲᑯᓇᓂᐗᐠ ᐁᔑ ᑭᔑᐸᐠ ᐊᐢᑭᔾ᙮</para>
  </article>

  <article number="20">
    <title>ᓂᔑᑕᓇ ᐱᐢᑭᑕᓯᓇᐃᑲᐣ</title>
    <orderedlist>
      <listitem>
        <para>ᒥᓯᐌ ᐊᐌᓇ ᐁ ᑎᐯᓂᒥᑎᓯᐟ ᑭᒋ ᐃᑕᐟ ᓇᑭᐡᑲᑐᐎᓂᐠ ᑲᔭᒣᓂᑕᒧᐎᐣ ᐁ ᐊᐸᑕᐠ ᓀᐢᑕ ᐱᑯ ᒪᒪᐎ ᐎᒋᐃᑐᐎᓂᐠ᙮</para>
      </listitem>
      <listitem>
        <para>ᐁᑲ ᐊᐎᓇ ᐊᑐᐢᑲᒼ ᑭᒋ ᔑᑭᐃᐟ ᑭᒋ ᑎᐯᐣᑕᑯᓯᐟ ᒪᒪᐎ ᐎᒋᐃᑐᐎᓂᐠ᙮</para>
      </listitem>
    </orderedlist>
  </article>

  <article number="21">
    <title>ᓂᔑᑕᓇ ᐯᔭᐠ ᐱᐢᑭᑕᓯᓇᐃᑲᐣ</title>
    <orderedlist>
      <listitem>
        <para>ᒥᓯᐌ ᐊᐌᓇ ᐁ ᒥᓂᑯᐎᓯᐟ ᑭᒋ ᐊᔑᒋᐟ ᐅᑭᒪᐎᐎᓂᐠ ᐅᐟ ᐊᐢᑭᐠ ᐅᑕᐡᑲᐤ ᓀᐢᑕ ᐱᑯ ᐊᓂᐃ ᑎᐯᓇᐌ ᑲ ᐗᐌᓇᐸᒪᐟ ᑭᒋ ᐊᔭᒥᐡᑕᒪᑯᐟ᙮</para>
      </listitem>
      <listitem>
        <para>ᒥᓯᐌ ᐊᐌᓇ ᐁ ᒥᓂᑯᐃᓯᐟ ᐯᔭᑾᓄᐠ ᑭᒋ ᐃᔑ ᑲᓇᐗᐸᒥᐟ ᐃᐢᐱ ᑲ ᐎ ᐊᐸᒋᑕᑴ ᐃᓂᓂᐎ ᐊᑐᐢᑫᐎᓇ ᐅᑕ ᐊᐢᑭᐠ᙮</para>
      </listitem>
      <listitem>
        <para>ᐅᐟ ᐃᑌᓂᑕᒧᐎᓂᐗᐤ ᐃᓂᓂᐗᐠ ᑲᑕ ᐅᒋ ᓂᐸᐎᒪᑲᐣ ᑲᐡᑭᐅᐎᐣ ᐱᒋ ᐅᑭᒪᐎᐎᓂᐠ ᓀᐢᑕ ᑲᑕ ᓄᑭᑕᓂᐗᐣ ᐊᐢᑭ ᐊᐢᑲᐤ ᑲ ᑕᐺᒪᑲᐠ ᐗᐌᓇᐸᒋᑫᐎᐣ ᒥᓯᐌᐣᑲᒥᐠ ᑲ ᐱᒧᑌᒪᑲᐠ ᐯᔭᑾᓄᐠ ᑲ ᐱᒧᑕᑐᒋᑲᑌᐠ ᐯᒪᐗᓯᓇᐃᑫᐎᐣ ᓀᐢᑕ ᑲᑕᓄᐠ ᑲ ᐱᒋᐌᐱᓂᑲᓂᐗᐠ ᓀᐢᑕ ᐱᑯ ᑲ ᓄᓱᓀᐃᑲᑌᑭ ᐗᐌᓇᐸᒋᑫᐎᓇ᙮</para>
      </listitem>
    </orderedlist>
  </article>

  <article number="22">
    <title>ᓂᔑᑕᓇ ᓂᔓ ᐱᐢᑭᑕᓯᓇᐃᑲᐣ</title>
    <para>ᒥᓯᐌ ᐊᐌᓇ ᑲ ᐊᔑᑕᑭᒥᑯᓯᐟ ᐱᒪᑎᓯᐎᓂᐠ ᐁ ᒥᓂᑯᐎᓯᐠ ᑭᒋ ᑲᓇᐎᓂᒥᑯᐎᓯᐠ ᓀᐢᑕ ᑭᒋ ᐱᓯᐢᑭᓂᑕᑯᓯᐟ ᒥᓯᐌᐢᑲᒥᐠ ᐁᔑ ᑯᒋᑕᓂᐗᐠ ᓀᐢᑕ ᑲᑕᑾᑭ ᐎᒋᐃᐌᐎᓇ ᐯᔭᑾᔦᐠ ᐊᐢᑭᐠ ᑲ ᐅᒋ ᐱᒪᒋᐅᓇᓂᐗᐠ ᐃᓂᓂᐠ ᓀᐢᑕ ᐃᑕᐢᑲᓀᓯᐎ ᒥᓂᑯᐎᓯᓇ ᑲ ᑭᐢᑌᓂᑕᑾᑭ ᐎᓇ ᑎᐱᓇᐌ ᐅᑭᐢᑌᓂᑕᑯᓯᐎᐣ ᐅᒋ ᓀᐢᑕ ᑎᐱᓇᐌ ᑫ ᐅᒋ ᓂᑕᐎᑭᐟ ᐅᐟ ᐃᔑᓇᑯᓯᐎᓂᐠ᙮</para>
  </article>

  <article number="23">
    <title>ᓂᔑᑕᓇ ᓂᐢᑐ ᐱᐢᑭᑕᓯᓇᐃᑲᐣ</title>
    <orderedlist>
      <listitem>
        <para>ᒥᓯᐌ ᐊᐌᓇ ᐁ ᒥᓂᑯᐎᓯᐟ ᑭᒋ ᐊᐸᑎᓯᐟ ᑫᑯ ᐱᑯ ᐊᐸᑎᓯᐎᓂᓂᐤ ᐗᐅᑎᓇᒪᓱᐟ ᑾᔭᐢ ᑭᒋ ᑐᑕᐟ ᐁᔑ ᐊᐸᑎᓯᐟ ᓀᐢᑕ ᑭᒋ ᑲᓇᐌᓂᒥᑯᐎᓯᐟ ᐁᑲ ᐁᑕᑾᓂᓂᐠ ᐊᐸᑎᓯᐎᓂᓂᐤ᙮</para>
      </listitem>
      <listitem>
        <para>ᒥᓯᐌ ᐊᐌᓇ ᐁᑲ ᐱᑐᐡ ᑭᒋ ᐃᔑ ᑲᓇᐗᐸᒥᐟ ᐯᔭᑾᓄᐠ ᑭᒋ ᐃᔑ ᑎᐸᐊᒪᑯᓯᐟ ᓀᐢᑕ ᐯᔭᑾᐣ ᑭᒋ ᐃᔑᓇᑾᓂᓂᐠ ᐅᐟ ᐊᐸᑎᓯᐎᐣ᙮</para>
      </listitem>
      <listitem>
        <para>ᒥᓯᐌ ᐊᐌᓇ ᑲ ᐊᐸᑎᓯᐟ ᑾᔭᐢᐠ ᓀᐢᑕ ᑭᒋ ᒥᓋᔑᓂᓂᐠ ᐅᑐᑎᓯᐎᐣ ᐎᓇ ᐅᒋ ᓀᐢᑕ ᐎᒋᔕᓇ ᑭᒋ ᐅᒋ ᐅᒋ ᒥᓋᐊᔑᓂᓂᐠ ᐅᐱᒪᑎᓯᐎᓂᐗᐤ ᑭᐢᑌᓂᑕᑯᓯᐎᓂᐠ ᓀᐢᑕ ᑭᒋ ᐊᓂᐡᑫ ᐎᒋᐃᑯᓯᐟ ᑭᔕᐢᐱᐣ ᐢᑕᐌᓂᑕᑯᓯᑴ ᑲ ᐅᒋᐸᓂᐠ ᐃᓂᓂᐎ ᓇᑕᒪᑫᐎᐣ᙮</para>
      </listitem>
      <listitem>
        <para>ᒥᓯᐌ ᐊᐌᓇ ᐁ ᒥᓂᑯᐎᓯᐟ ᑭᒋ ᐅᔑᑕᐟ ᓀᐢᑕ ᐱᑯ ᑭᒋ ᐎᒋᑡᐟ ᐊᐸᑎᓯᐎ ᒪᒪᐎ ᓇᑕᒪᑫᐎᓂᐠ ᐊᐸᑎᓯᐎᐣ ᐅᒋ ᑫ ᐅᒋ ᓇᑕᒪᑯᓯᐟ ᒣᑾᐨ ᐁ ᐊᐸᑎᓯᐟ᙮</para>
      </listitem>
    </orderedlist>
  </article>

</udhr>
