<?xml version="1.0" encoding="UTF-8"?>

<!-- © The Office of the High Commissioner for Human Rights -->

<udhr iso639-3='tuk' xml:lang='tk-Cyrl' key='tuk_cyrl' n='Turkmen (Cyrillic)' dir='ltr' iso15924='Cyrl' xmlns="http://www.unicode.org/udhr">

  <title>Адам хукукларының әхлиумумы Декларациясы</title>

  <preamble>
    <title>Гириш</title>
    <para>Баш ассемблея әхлиумумы парахатчылыгың, адалатлылыгың ве азатлыгың эсасы болуп дурян адамзат машгаласының агзаларының хеммесине махсус болан мертебесини, дең дереҗели ве айрылмаян хукукларыны гөз өңүнде тутуп,</para>
    <para>адам хукукларына болан әсгермезлик этмегиң ве йигренҗиң адамзадың выҗданыны гахар‐газаба мүндүрйән вагшычылыклы херекете гетирмеклигини ве адамларың бейик ниетиниң ыглан эдиши ялы адамлар сөз ве пикир азатлыгына эе болуп, горкудан ве мәтәчликден азат болуп яшар ялы дүнйәни гурмаклыгы гөз өңүнде тутуп,</para>
    <para>адам өзүниң иң соңкы серишдеси хөкмүнде залымлыга ве эзъет бермә гаршы сөвеше галмага меҗбур болмазлыгыны үпҗүн  эдер ялы адам хукукларыны кануның гүйҗүниң горамалыдыгыны гөз өңүнде тутуп,</para>
    <para>Бирлешен Миллетлер Гурамасы өз Уставында адамың эсасы хукукларына, адамзат шахсыетиниң гымматына ве мертебесине, ве эркеклер билен аялларың дең хукугына болан ынамыны ыкрар этмегини ве гиңишлейин азатлыкда дурмуш шертлериниң говуланмагына ве социал өсүше ярдам этмек барадакы карарыны гөз өңүнде тутуп,</para>
    <para>Бирлешен Миллетлер Гурамасының агзалары‐дөвлетлериң адам хукукларыны ве эсасы азатлыклары берҗай этмәге ве әхлиумумы хормат этмәге өз үстлерине алан борчларыны гөз өңүнде тутуп,</para>
    <para>шол өзлерине алан борчлары долы ерине етирмекде шу хукукларың ве азатлыкларың хәсиетини әхлиумумы дүшүнмеклигиң улы әхмиетиниң бардыгыны гөз өңүнде тутуп,</para>
    <para>хер бир адам җемгыетиң хер бир гурамасы хемише шу Декларация эсасланып, билим хем‐де ылым үсти билен шу хукуклара ве азатлыклара хормат гоймаклыга ярдам этмәге чалышмаклары үчин, ве милли хем‐де халкара прогрессив чәрелериң үсти билен, ве олары дөвлетлериң – Гураманың агзаларының халкларың арасында‐да, оларың юрисдикциясының астындакы халкларың чәгинде‐де әхлиумумы ве нетиҗели ыкрар этмеклери ве амала ашырмаклары үчин шу Адам хукукларының әхлиумумы Декларациясыны хемме халкларың ве дөвлетлериң ерине етирмәге чалышмалы везипеси хөкмүнде ыглан эдйәр.</para>
  </preamble>

  <article number="1">
    <title>1‐нҗи МАДДА</title>
    <para>Хемме адамлар өз мертебеси ве хукуклары боюнча дең ягдайда дүнйә инйәрлер. Олара аң хем выҗдан берлендир ве олар бир‐бирлери билен доганлык рухундакы гарайышда болмалыдырлар.</para>
  </article>

  <article number="2">
    <title>2‐нҗи МАДДА</title>
    <para>Хер бир адам шу Декларацияның ыглан эдйән хемме хукукларында ве азатлыкларындан җынсына, реңкине, аял‐эркеклигине, дилине, сыясы я‐да башга гарайышларына, милли я‐да социал гелип чыкышына, байлыгына, гатлагына я‐да башга ягдайына серетмезден дең дереҗеде пейдаланмалы.</para>
    <para>Онданам башга адамың дегишли юрдуның я‐да ериниң гарашсыз, гөзегчилик астында, өзүни өзбашдак доландырмаян я‐да өзбашдаклыгың башга бир чәклендирилмек ягдайында болмагына серетмезден сыясы, хукук я‐да халкара статус эсасында тапавут гоюлмалы дәл.</para>
  </article>

  <article number="3">
    <title>3‐нҗи МАДДА</title>
    <para>Хер бир адам яшамага, азатлыга ве шахсы элдегрилмесизлиге хукуклыдыр.</para>
  </article>

  <article number="4">
    <title>4‐нҗи МАДДА</title>
    <para>Хич ким гулчулыкда я‐да табынлыкда сакланмалы дәлдир: гулчулык ве гул сөвдасы әхли гөрнүшинде гадаган эдилйәр.</para>
  </article>

  <article number="5">
    <title>5‐нҗи МАДДА</title>
    <para>Хич ким гыналмага я‐да мертебесини кемсидйән рехимсиз, ынсаныетсиз гатнашыга ве җеза сезевар эдилмели дәлдир.</para>
  </article>

  <article number="6">
    <title>6‐нҗы МАДДА</title>
    <para>Хер бир адам, хайсы ердедигине серетмезден, онуң шахсыетиниң хукугылыгының ыкрар эдилмегине хаклыдыр.</para>
  </article>

  <article number="7">
    <title>7‐нҗи МАДДА</title>
    <para>Хемме адам канун өңүнде деңдир ве хич бир тапавутсыз кануны горага хаклыдыр.</para>
  </article>

  <article number="8">
    <title>8‐нҗи МАДДА</title>
    <para>Хер бир адам Конституция я‐да канун тарапындан оңа берлен эсасы хукукларың бозулан ягдайында долы ыгтыярлы милли судлар тарапындан өз хукукларының дикелдилмегине хаклыдыр.</para>
  </article>

  <article number="9">
    <title>9‐нҗы МАДДА</title>
    <para>Хич ким эсассыз туссаг эдилип, сакланылып я‐да ковулып билинмез.</para>
  </article>

  <article number="10">
    <title>10‐нҗы МАДДА</title>
    <para>Хер бир адам өзүниң хукукларының ве борчларының аныкланылмагы үчин ве оңа гөркезилйән җенаят айыпламаның догрулыгыны аныкламак үчин гарашсыз, битарап суд тарапындан адалатлылыгың  хемме талапларына лайыклыкда долы деңлик эсасында өз ишине серетдирмәге хаклыдыр.</para>
  </article>

  <article number="11">
    <title>11‐нҗи МАДДА</title>
    <orderedlist>
      <listitem>
        <para>Җенаят эденлиги барада айыпланян хер бир адам, тә оңа горанмага әхли мүмкинчиликлериң дөредилен ачык судуң серетмегинде онуң гүнәси канун эсасында аныкланянча, ол гүнәкәр дәл дийлип хасапланылмага хаклыдыр.</para>
      </listitem>
      <listitem>
        <para>Хайсыдыр бир херекет эденлиги я‐да херекетсизлик эденлиги үчин шонуң эдилен дөврүнде милли канунлар боюнча я‐да халкара канунлар боюнча җенаят хасапланылмаян болса, хич ким соңра ол боюнча гүнәкәрчилиге чекилип билинмез. Шейле хем җенаятың эдилен дөврүндәкиден артыкмач җеза чәреси белленилип билинмез.</para>
      </listitem>
    </orderedlist>
  </article>

  <article number="12">
    <title>12‐нҗи МАДДА</title>
    <para>Хич кимиң шахсы ве машгала дурмушына эсассыз аралашылып, онуң яшайыш җайының элдегрилмесизлигине, онуң хабар серишделериниң сырына я‐да онуң намысына ве абрайына эсассыз каст эдилип билинмез. Хер бир адам шейле аралашылмакдан ве каст эдилмекден канун тарапындан горага хаклыдыр.</para>
  </article>

  <article number="13">
    <title>13‐нҗи МАДДА</title>
    <orderedlist>
      <listitem>
        <para>Хер бир адам хер бир дөвлетиң чәгинде бир ерден башга ере әркин эркин гитмәге ве өзүне яшамага ер сайлап тутмага хаклыдыр.</para>
      </listitem>
      <listitem>
        <para>Хер бир адам ислендик юрды, шол санда өз юрдуны хем ташлап гитмәге ве өз юрдуна доланып гелмәге хаклыдыр.</para>
      </listitem>
    </orderedlist>
  </article>

  <article number="14">
    <title>14‐нҗи МАДДА</title>
    <orderedlist>
      <listitem>
        <para>Хер бир адам ызарланылмакдан гачып, башга юртлардан гачыбаталга гөзлемәге ве шол гачыбаталгадан пейдаланмага хаклыдыр.</para>
      </listitem>
      <listitem>
        <para>Сыясы дәл җенаят эдиленлиги үчин, я‐да Бирлешен Миллетлер Гурамасының максатларына ве принциплерине терс гелйән иш эденлиги үчин ызарланылян махалында бейле хак‐хукук уланылып билинмез.</para>
      </listitem>
    </orderedlist>
  </article>

  <article number="15">
    <title>15‐нҗи МАДДА</title>
    <orderedlist>
      <listitem>
        <para>Хер бир адамың гражданлыга хакы бардыр.</para>
      </listitem>
      <listitem>
        <para>Хич бир адам гражданлыкдан я‐да гражданлыгыны үйтгедип билмек хукугындан эсассыз махрум эдилип билинмез.</para>
      </listitem>
    </orderedlist>
  </article>

  <article number="16">
    <title>16‐нҗы МАДДА</title>
    <orderedlist>
      <listitem>
        <para>Хер бир кәмиллик яшына етен эркек ве аял, җынс аламатларына, миллетине ве динине серетмезден хич бир пәсгелчиликсиз ягдайда никалашмага ве машгала гурмага хаклыдыр. Олар никалашян махалында‐да, никада дуран махалында‐да, никаны бозян махалын‐да дең дереҗели хукукдан пейдаланярлар.</para>
      </listitem>
      <listitem>
        <para>Ника диңе никалашян тарапларың эркин ве долы ылалашмаклары эсасында гыйылып билинер.</para>
      </listitem>
      <listitem>
        <para>Машгала җемгыетиң тебигы ве эсасы өйҗүги болуп, ол җемгыет ве дөвлет тарапындан горалмага хаклыдыр.</para>
      </listitem>
    </orderedlist>
  </article>

  <article number="17">
    <title>17‐нҗи МАДДА</title>
    <orderedlist>
      <listitem>
        <para>Хер бир адам эмләге еке өзи‐де, башгалар билен билеликде‐де эечилик эдип билер.</para>
      </listitem>
      <listitem>
        <para>Хич ким эсассыз ягдайда эмләгинден махрум эдилип билинмез.</para>
      </listitem>
    </orderedlist>
  </article>

  <article number="18">
    <title>18‐нҗи МАДДА</title>
    <para>Хич бир адам пикир, выҗдан ве дин азатлыгына хаклыдыр, бу хак өз диниңи я‐да гарайшыңы эркин үйтгедип билмеклиги, эркинликде өз диниңе я‐да гарайышларыңа өзбашдак я‐да көпчүликлейин уюп билмеклиги, көпчүликлейин я‐да еке‐тәк ягдайда өвренмеклиги, худая гуллук этмеклиги хем‐де ритуал дәплери ерине етирмеклиги өз ичине аляр.</para>
  </article>

  <article number="19">
    <title>19‐нҗы МАДДА</title>
    <para>Хер бир адам эркин дүнйәгарайыша ве оны эркин аян этмәге хаклыдыр. Бу хак хич бир пәсгелчиликсиз өз дүнйәгарайшыңың тарапыны тутмак эркинлигини ве информацияны ве идеялары дөвлет арачәклеринден баглы дәл ягдайда дүрли серишделер аркалы гөзлемек, алмак ве яйратмак эркинлигини өз ичине аляр.</para>
  </article>

  <article number="20">
    <title>20‐нҗи МАДДА</title>
    <orderedlist>
      <listitem>
        <para>Хер бир адам парахатчылыклы йыгнанышыклар ве ассоциациялар эркинлигине хаклыдыр.</para>
      </listitem>
      <listitem>
        <para>Хич бир адам хайсыдыр бир ассоциация меҗбуры ягдайда гиризилип билинмез.</para>
      </listitem>
    </orderedlist>
  </article>

  <article number="21">
     <title>21‐нҗи МАДДА</title>
    <orderedlist>
      <listitem>
        <para>Хер бир адам гөс‐гөни я‐да эркин сайланан векиллериң үсти билен өз юрдуны доландырмага гатнашмага хаклыдыр.</para>
      </listitem>
      <listitem>
        <para>Хер бир адам өз юрдунда дөвлет гуллугына дең ыгтыярлы гирмәге хаклыдыр.</para>
      </listitem>
      <listitem>
        <para>Халкың эрк‐ислеги хөкүметиң хөкмүрованлыгының эсасыны дүзмелидир. Бу эрк‐ислег вагтал‐вагтал ве галп дәл ягдайда гечирилйән, сес азатлыгыны үпҗүн эдйән, гизлин ягдайда я‐да оңа дең дереҗедәки башга гөрнүшде гечирилйән, әхлиумумы дең сайламак хукугы боюнча гечирилйән сайлавларда йүзе чыкмалыдыр.</para>
      </listitem>
    </orderedlist>
  </article>

  <article number="22">
    <title>22‐нҗи МАДДА</title>
    <para>Хер бир адам, җемгыетиң агзасы хөкмүнде, социал үпҗүнчилиге, ве хер бир дөвлетиң дүзүмине ве мүмкинчиликлерине лайыклыкда милли тагаллаларың ве халкара хызматдашлыгың үсти билен өз мертебесини ве ыкдысадыетдәки, социал ве медени угурлардакы хукугыны өз шахсыетини эркин өсдүрмәге уланмага хаклыдыр.</para>
  </article>

  <article number="23">
    <title>23‐нҗи МАДДА</title>
    <orderedlist>
      <listitem>
        <para>Хер бир адам зәхмете, иши эркин сайламага, адалатлы ве оңайлы иш шертлерине ве ишсизликден горалмага хаклыдыр.</para>
      </listitem>
      <listitem>
        <para>Хер бир адам, хич хили хукугы кемсидилмезден, дең зәхмете дең хак алмага хаклыдыр.</para>
      </listitem>
      <listitem>
        <para>Хер бир ишлейән адам, өзүни ве машгаласыны яшамага долы үпҗүн эдйән, герек болса башга социал үпҗүнчиликлер билен үсти етирилйән, адалатлы ве канагатланарлы төлеге хаклыдыр.</para>
      </listitem>
      <listitem>
        <para>Хер бир адам өз бәхбидини горамак үчин професионал союзларыдөретмәге ве профессионал союзлара гирмәге хаклыдыр.</para>
      </listitem>
    </orderedlist>
  </article>

  <article number="24">
    <title>24‐нҗи МАДДА</title>
    <para>Хер бир адам етерликли чәклендирилен иш гүнүни ве вагтал‐вагтал берилйән төлегли зәхмет ругсатлары өз ичине алян дынч алыша ве бош вагта хаклыдыр.</para>
  </article>

  <article number="25">
    <title>25‐нҗи МАДДА</title>
    <orderedlist>
      <listitem>
        <para>Хер бир адам, иймити, гейими, яшайыш җайыны, онуң өзүниң ве машгаласының абаданчылыгыны ве саглыгыны сакламак үчин зерур болан социал гуллугы ве герек болан медицина хызматыны шейле хем ишсиз галан ягдайдакы, нәсаг боландакы, инвалид боландакы, дул галандакы, гарран вагтындакы я‐да онуң өзүне баглы дәл ягдайда эмеле гелен яшайыш серишделеринден кесилендәки үпҗүн  эдилмәге болан хукуклары өз ичине алян дурмуш дереҗесине хаклыдыр.</para>
      </listitem>
      <listitem>
        <para>Энелик ве чагалык айратын хоссарлыга ве көмеге хукук берйәр. Хемме чага, никалы я‐да никасыз догланлыгына серетмезден, бирмеңзеш социал горагдан пейдаланмалыдыр.</para>
      </listitem>
    </orderedlist>
  </article>

  <article number="26">
    <title>26‐нҗы МАДДА</title>
    <orderedlist>
      <listitem>
        <para>Хер бир адам билим алмага хаклыдыр. Билим, иң болманда башлангыч веумумы билим, мугт болмалы. Башлангыч билим хөкманы болмалы. Техники ве профессионал билим хеммә элъетерли болмалы ве ёкары билим хеммелер үчин, хер кимиң башарныгына гөрә, дең дереҗеде элъетерли болмалы.</para>
      </listitem>
      <listitem>
        <para>Билим адамзат шахсыетиниң долы өсмегини ве адам хукукларына ве эсасы азатлыклара болан хорматы өсдүрмәге гөнүкдирилен болмалы. Билим әхли халклар арасындакы, җынсы ве дини топарлар арасындакы өзара дүшүнишмеклиге, чыдамлылыга ве достлуга көмек этмели ве Бирлешен Миллетлер Гурамасының парахатчылыгы голдамак боюнча эдйән ишине ярдам этмели.</para>
      </listitem>
      <listitem>
        <para>Ата‐энелериң өз кичи чагалары үчин билимиң гөрнүшлерини сайламакда артыкмач хукуклары бардыр.</para>
      </listitem>
    </orderedlist>
  </article>

  <article number="27">
    <title>27‐нҗи МАДДА</title>
    <orderedlist>
      <listitem>
        <para>Хер бир адам җемгыетиң медени дурмушына эркин гатнашмага, сунгатдан леззет алмага, ылмы прогрессе гатнашмага ве онуң мивелеринден пейдаланмага хаклыдыр.</para>
      </listitem>
      <listitem>
        <para>Хер бир адамың ылмы, эдеби ве чеперчилик зәхмети эсасында дөредилен ахлак ве мадды бәхбитлери горалмалыдыр.</para>
      </listitem>
    </orderedlist>
  </article>

  <article number="28">
    <title>28‐нҗи МАДДА</title>
    <para>Хер бир адам шу Декларацияда беян эдилен хукуклар ве азатлыклар долы амала ашырып билер ялы социал хем‐де халкара тертип‐дүзгүне хаклыдыр.</para>
  </article>

  <article number="29">
    <title>29‐нҗы МАДДА</title>
    <orderedlist>
      <listitem>
        <para>Хер бир адамың шахсыетиниң эркин ве долы өсмеги мүмкин болар ялы җемгыетиң өңүнде борчлары бардыр.</para>
      </listitem>
      <listitem>
        <para>Хер бир адам өз хукукларыны ве азатлыкларыны амала ашырян махалында диңе башгаларың хукукларыны ве азатлыкларыны долы ыкрар этмеклиги, ахлагың адалатлы талапларыны канагатландырмагы, җемгыетчилик тертип дүзгүни ве демократик җемгыетде умумы абаданчылыгы үпҗүн этмек максады билен канун тарапындан кесгитленен чәклендирилмелере сезевар эдилип билинер.</para>
      </listitem>
      <listitem>
        <para>Шу хукуклары ве азатлыклары амала ашырмак Бирлешен Миллетлер Гурамасының максатларына хем‐де принциплерине хич хили ягдайда гапма‐гаршы гелмели дәлдир.</para>
      </listitem>
    </orderedlist>
  </article>

  <article number="30">
    <title>30‐нҗы МАДДА</title>
    <para>Шу Декларациядакы хич бир зат хайсыдыр бир дөвлете, адамларың топарына я‐да айры‐айры шахсыетлере шу Декларациядакы беян эдилен хукуклары ве азатлыклары ёк этмәге гөнүкдирилен хайсыдыр бир иш билен мешгул болмага я‐да херекет этмәге берилен хукук хөкмүнде дүшүнилмели дәлдир.</para>
  </article>

</udhr>
