<?xml version="1.0" encoding="UTF-8"?>

<!--© The Office of the High Commisioner for Human Rights-->

<udhr iso639-3='swh' xml:lang='sw' key='swh' n='Swahili' dir='ltr' iso15924='Latn' xmlns="http://www.unicode.org/udhr">
  <note>
    <para>Katika Disemba 10, 1948, Baraza kuu la Umoja wa Mataifa lilikubali na kutangaza Taarifa ya Ulimwengu juu ya Haki za Binadamu. Maelezo kamili ya Taarifa hiyo yamepigwa chapa katika kurasa zifuatazo. Baada ya kutangaza taarifa hii ya maana Baraza Kuu lilizisihi nchi zote zilizo Wanachama wa Umoja wa Mataifa zitangaze na "zifanye ienezwe ionyeshwe, isomwe na ielezwe mashuleni na katika vyuo vinginevyo bila kujali siasa ya nchi yo yote."</para>
  </note>
  <title>UMOJA WA MATAIFA OFISI YA IDARA YA HABARI TAARIFA YA ULIMWENGU JUU YA HAKI ZA BINADAMU</title>
  <preamble>
    <title>UTANGULIZI</title>
    <para>Kwa kuwa kukiri heshima ya asili na haki sawa kwa binadamu wote ndio msingi wa uhuru, haki na amani duniani,</para>
    <para>Kwa kuwa kutojali na kudharau haki za binadamu kumeletea vitendo vya kishenzi ambavyo vimeharibu dhamiri ya binadamu na kwa sababu taarifa ya ulimwengu ambayo itawafanya binadamu wafurahie uhuru wao wa kusema, kusadiki na wa kutoogopa cho chote imekwisha kutangazwa kwamba ndio hamu kuu ya watu wote,</para>
    <para>Kwa kuwa ni lazima, ili mtu asishurutizwe kuomba msaada kutokana na maasi ya kupinga dhuluma na uonevu, kwamba haki za binadamu ziwe chini ya ulinzi wa sheria,</para>
    <para>Kwa kuwa ni lazima kabisa kuendeleza uhusiano wa kirafiki kati ya mataifa,</para>
    <para>Kwa kuwa watu wa Umoja wa Mataifa wamethibitisha tena katika Mkataba wao imani yao katika haki za asili, heshima na thamani ya binadamu na katika usawa wa haki kwa wanaume na wanawake, na kwa sababu wamekata shauri la kuendeleza mambo ya starehe na hali bora za maisha ya watu kwa kuwa na uhuru zaidi,</para>
    <para>Kwa kuwa Nchi zilizo Wanachama zimeahidi, kwa kushirikiana na Umoja wa Mataifa, kukuza na kuheshimu haki za binadamu na uhuru wake wa asili,</para>
    <para>Kwa kuwa kuzitambua haki hizi na uhuru huu ni jambo la maana sana kua kutimiza ahadi hiyo,</para>
    <para>Kwa hiyo basi,</para>
    <para>BARAZA KUU linatangaza</para>
    <para>TAARIFA HII YA ULIMWENGU JUU YA HAKI ZA BINADAMU kama ndio nguzo ya juhudi kwa watu wa mataifa yote ambayo hatimaye kila mtu na kila jamii ya watu - kwa kushikilia daima Taarifa hiyo - watajitahidi kufundisha jinsi ya kukuza heshima ya haki hizo na uhuru huo. Na mataifa yote yatajitahidi kuzifanya haki hizo zifahamike miongoni mwa Nchi zilizo Wanachama na miongoni mwa watu zinaowatawala.</para>
  </preamble>
  <article number="1">
    <title>Kifungu cha 1.</title>
    <para>Watu wote wamezaliwa huru, hadhi na haki zao ni sawa. Wote wamejaliwa akili na dhamiri, hivyo yapasa watendeane kindugu.</para>
  </article>
  <article number="2">
    <title>Kifungu cha 2.</title>
    <para>Kila mtu anastahili kuwa na haki zote na uhuru wote ambao umeelezwa katika Taarifa hii bila ubaguzi wo wote. Yaani bila kubaguana kwa rangi, taifa, wanaume kwa wanawake, dini, siasa, fikara, asili ya taifa la mtu, mali, kwa kizazi au kwa hali nyingine yo yote.</para>
    <para>Juu ya hayo usifanye ubaguzi kwa kutegemea siasa, utawala au kwa kutegemea uhusiano wa nchi fulani na mataifa mengine au nchi ya asili ya mtu, haidhuru nchi hiyo iwe inayojitawala, ya udhamini, isiyojitawala au inayotawaliwa na nchi nyingine kwa hali ya namna yo yote.</para>
  </article>
  <article number="3">
    <title>Kifungu cha 3.</title>
    <para>Kila mtu ana haki ya kuishi, haki ya uhuru, na haki ya kulindwa nafsi yake.</para>
  </article>
  <article number="4">
    <title>Kifungu cha 4.</title>
    <para>Mtu ye yote asifanywe mtumwa au mtwana; utumwa na biashara yake ni marufuku kwa kila hali.</para>
  </article>
  <article number="5">
    <title>Kifungu cha 5.</title>
    <para>Mtu ye yote asiteswe, asiadhibiwe, asidharauliwe au kutendewa kinyama au kikatili.</para>
  </article>
  <article number="6">
    <title>Kifungu cha 6.</title>
    <para>Mbele ya sheria kila mtu ana haki ya kutambulika kama mtu.</para>
  </article>
  <article number="7">
    <title>Kufungu cha 7.</title>
    <para>Mbele ya sheria watu wote ni sawa na wanastahili haki sawa za kulindwa. Wote wana haki sawa ya kulindwa kutokana na ubaguzi wo wote unaoweza kuvunja Taarifa hii na mambo yo yote yanayoweza kuleta ubaguzi kama huo.</para>
  </article>
  <article number="8">
    <title>Kifungu cha 8.</title>
    <para>Kila mtu ana haki ya kutetewa na baraza la hukumu kwa makosa ya kuvunjiwa haki zake za asili anazostahili kwa mujibu wa kanuni na sheria.</para>
  </article>
  <article number="9">
    <title>Kifungu cha 9.</title>
    <para>Mtu ye yote asikamatwe, asifungiwe au kuhamishwa kutoka nchi yake bila sheria.</para>
  </article>
  <article number="10">
    <title>Kifungu cha 10</title>
    <para>Kila mtu ana haki kamili ya kuhukumiwa vyema hadharani na baraza la hukumu lililo huru na lisilo na upendeleo katika kutoa uamuzi wa haki zake na wajibu wake na wa makosa yo yote yanayomhusu.</para>
  </article>
  <article number="11">
    <title>Kifungu cha 11.</title>
    <orderedlist>
      <listitem>
	<para>Kila mtu anaeshtakiwa kwa kosa la kuvunja sheria ana haki ya kuangaliwa kama si mkosefu mpaka imethibitishwe kwa sheria, kwa kuhukumiwa hadharani, kwamba ana hatia.</para>
      </listitem>
      <listitem>
	<para>Mtu ye yote asitiwe hatiani kwa tendo lo lote au jambo lo lote ambalo halikupinga sheria ya taifa au ya kati ya mataifa wakati alipolitenda. Wala asipewe adhabu kali zaidi kuliko ile iliyokuwamo katika sheria wakati alipofanya kosa.</para>
      </listitem>
    </orderedlist>
  </article>
  <article number="12">
    <title>Kifungu cha 12.</title>
    <para>Kila mtu asiingiliwe bila sheria katika mambo yake ya faragha, ya jamaa yake, ya nyumbani mwake au ya barua zake. Wala asivunjiwe heshima na sifa yake. Kila mmoja ana haki ya kulindwa na sheria kutokana na pingamizi au mambo kama hayo.</para>
  </article>
  <article number="13">
    <title>Kifungu cha 13.</title>
    <orderedlist>
      <listitem>
	<para>Kila mtu ana haki ya kwenda mahali anapotaka na kuishi katika kila nchi.</para>
      </listitem>
      <listitem>
	<para>Kila mmoja ana haki ya kuhama kutoka nchi yo yote, hata nchi yake mwenyewe, na ana haki ya kurejea katika nchi yake.</para>
      </listitem>
    </orderedlist>
  </article>
  <article number="14">
    <title>Kifungu cha 14.</title>
    <orderedlist>
      <listitem>
	<para>Kila mtu ana haki ya kukimbilia na kustarehe katika nchi nyingine kwa ajili ya kuepukana na udhalimu.</para>
      </listitem>
      <listitem>
	<para>Haki hii haiwezi kuombwa kwa udhalimu ambao hautokani na makosa ya mambo ya siasa au na makosa ya maazimio na kanuni za Umoja wa Mataifa.</para>
      </listitem>
    </orderedlist>
  </article>
  <article number="15">
    <title>Kifungu cha 15.</title>
    <orderedlist>
      <listitem>
	<para>Kila mtu ana haki ya utaifa.</para>
      </listitem>
      <listitem>
	<para>Mtu ye yote asinyang'anywe utaifa wake bila sheria wala asinyimwe haki ya kujibadili taifa lake kama akitaka.</para>
      </listitem>
    </orderedlist>
  </article>
  <article number="16">
    <title>Kifungu cha 16.</title>
    <orderedlist>
      <listitem>
	<para>Watu wazima, wanaume kwa wanawake wana haki ya kuoana na kuunda jamaa bila kizuio cho chote kwa sababu ya rangi, taifa au dini. Wana haki sawa za ndoa wakati wa maisha yao ya ndoa na wakati wa kutenguka ndoa.</para>
      </listitem>
      <listitem>
	<para>Ndoa inaweza kufungwa tu kwa hiari na mapatano kamili kati ya hao wanaotaka kuoana.</para>
      </listitem>
      <listitem>
	<para>Jamaa ni kiungo cha asili cha jamii ya watu, na inastahili kulindwa na watu pamoja na Serikali.</para>
      </listitem>
    </orderedlist>
  </article>
  <article number="17">
    <title>Kifungu cha 17.</title>
    <orderedlist>
      <listitem>
	<para>Kila mtu ana haki ya kuwa na mali yake binafsi au kwa kushirikiana na watu wengine.</para>
      </listitem>
      <listitem>
	<para>Mtu asinyang'anywe mali yake bila sheria.</para>
      </listitem>
    </orderedlist>
  </article>
  <article number="18">
    <title>Kifungu cha 18.</title>
    <para>Kila mtu ana haki ya uhuru wa mawazo, dhamira na dini; haki hii inahusu pia uhuru wa kubadili dini yake au imani, na uhuru wa kubainisha hadharani au faraghani-akiwa peke yake au na watu wengine-dini yake kwa kufundisha, kwa vitendo, kuabudu na kwa kuadhimisha.</para>
  </article>
  <article number="19">
    <title>Kifungu cha 19.</title>
    <para>Kila mmoja ana haki ya uhuru wa kutoa na kueleza maoni yake; haki hii inahusu pia uhuru wa kushikilia maoni yake bila kuingiliwa kati, na uhuru wa kutafuta na kutoa habari na maoni kwa njia yo yote bila kujali mipaka.</para>
  </article>
  <article number="20">
    <title>Kifungu cha 20.</title>
    <orderedlist>
      <listitem>
	<para>Kila mtu anayo haki ya kushiriki katika mkutano na chama kwa hali ya amani.</para>
      </listitem>
      <listitem>
	<para>Mtu ye yote asilazimishwe kuwa manachama wa chama fulani.</para>
      </listitem>
    </orderedlist>
  </article>
  <article number="21">
    <title>Kifungu cha 21.</title>
    <orderedlist>
      <listitem>
	<para>Kila mmoja anayo haki ya kushiriki katika Serikali ya nchi yake yeye mwenyewe binafsi au kwa njia ya mjumbe aliemchagua kwa hiari yake.</para>
      </listitem>
      <listitem>
	<para>Kila mmoja anayo haki sawa ya kufanya kazi katika Serikali; matakwa hayo huonyeshwa katika uchaguzi halisi unaofanywa muda baada ya muda ambao kila mtu hupiga kura na ambao hufanywa kwa kura ya siri na kila mtu kwa hiari yake.</para>
      </listitem>
      <listitem>
	<para>Matakwa ya watu ndiyo yatakuwa msingi wa utawala wa serikali; hali hii itajidhihirisha kwenye chaguzi za haki kwa watu wote na ambazo zinafanyika kwa siri au namna nyingine ambayo itahakikisha uchagazi kuwa huru.</para>
      </listitem>
    </orderedlist>
  </article>
  <article number="22">
    <title>Kifungu cha 22</title>
    <para>Kila mtu, kama raia, anayo haki ya kutunzwa na anastahili kupata hali zinazotokana na uchumi, starehe na utamaduni-ambazo ni za lazima kwa hali bora na maendeleo ya nafsi yake- kwa njia ya juhudi ya taifa na ushirikiano kati ya mataifa na kwa mujibu wa utaratibu na utajiri wa kila nchi.</para>
  </article>
  <article number="23">
    <title>Kifungu ch 23.</title>
    <orderedlist>
      <listitem>
	<para>Kila mtu ana haki ya kufanya kazi, ya kuchagua kazi aipendayo, ya kuchagua kazi yenye masharti mazuri na ana haki ya kulindwa asikose kazi.</para>
      </listitem>
      <listitem>
	<para>Kila mtu ana haki ya kupata mshahara sawa na wengine wenye kazi ya namna moja bila ubaguzi.</para>
      </listitem>
      <listitem>
	<para>Kila mfanya kazi anayo haki ya kupata mshahara wa kufaa na unaopendeza utakao mwezesha yeye mwenyewe pamoja na jamaa yake kuishi katika hali bora, na ahifadhiwe-ikiwa lazima- maisha yake kwa njia nyingine.</para>
      </listitem>
      <listitem>
	<para>Kila mtu anayo haki ya kuunda au kujiunga na chama cho chote cha wafanya kazi kwa ajili ya kulinda haki zake za kazi.</para>
      </listitem>
    </orderedlist>
  </article>
  <article number="24">
    <title>Kifungu cha 24</title>
    <para>Kila mtu ana haki ya kupumzika na kufanya kazi kwa kiasi cha saa zinazostahili. Pia ana haki ya kupata likizo, kwa vipindi, na kupokea mshahara kama vile angekuwa kazini.</para>
  </article>
  <article number="25">
    <title>Kifungu cha 25.</title>
    <orderedlist>
      <listitem>
	<para>Kila mtu anayo haki ya kupata hali bora ya maisha yeye mwenyewe pamoja na jamaa yake na kupata chakula, mavazi, nyumba, matibabu na hifadhi za lazima kwa maisha yake. Pia ana haki ya kutunzwa wakati wa kazi, wakati wa ugonjwa, wa kutojiweza, ujane, uzee au anapokosa ridhiki yake kwa kutoweza kujisaidia.</para>
      </listitem>
      <listitem>
	<para>Akina mama na watoto wanastahili kutunzwa na kupewa msaada maalum. Watoto wote- wawe wamezaliwa katika hali ya ndoa ama hapana- lazima watunzwe vyema.</para>
      </listitem>
    </orderedlist>
  </article>
  <article number="26">
    <title>Kifungu cha 26.</title>
    <orderedlist>
      <listitem>
	<para>Kila mtu ana haki ya kuelimishwa. Elimu yapasa itolewe bure hasa ile ya madarasa ya chini. Elimu ya masarasa ya chini ihudhuriwe kwa lazima. Elimu ya ufundi na ustadi iwe wazi kwa wote. Na elimu ya juu iwe wazi kwa wote kwa kutegemea sifa ya mtu.</para>
      </listitem>
      <listitem>
	<para>Elimu itolewe kwa madhumuni ya kuendeleza barabara hali ya binadamu, na kwa shabaha ya kukuza haki za binadamu na uhuru wake wa asili. Elimu ni wajibu ikuze hali ya kueleana, kuvumiliana na ya urafiki kati ya mataifa na kati ya watu wa rangi na dini mbali-mbali. Kadhalika ni wajibu iendeleze shughuli za Umoja wa Mataifa za kudumisha amani.</para>
      </listitem>
      <listitem>
	<para>Ni haki ya wazazi kuchagua aina ya elimu ya kufunzwa watoto wao.</para>
      </listitem>
    </orderedlist>
  </article>
  <article number="27">
    <title>Kifungu cha 27.</title>
    <orderedlist>
      <listitem>
	<para>Kila mtu anayo haki ya kushiriki katika maisha ya utamaduni ya jamii yo yote, na ana haki ya kufurahia ustadi wa kazi na kushiriki katika maendeleo ya mambo ya sayansi na faida zinazotokana nayo.</para>
      </listitem>
      <listitem>
	<para>Kila mtu ana haki ya kulindwa kwa kila hali kutokana na mambo ya sayansi aliyoandika, aliyochora au aliyogundua.</para>
      </listitem>
    </orderedlist>
  </article>
  <article number="28">
    <title>Kifungu cha 28.</title>
    <para>Ni haki kila mtu alindwe na taratibu au kanuni za jamii na zinazohusu mataifa mbalimbali ambazo ndani yake uhuru na haki zilizoelezwa katika Taarifa hii zinaweza kuhifadhiwa barabara.</para>
  </article>
  <article number="29">
    <title>Kifungu cha 29.</title>
    <orderedlist>
      <listitem>
	<para>Kila mtu ana wajibu kwa watu wa jamii yo yote ambao kati yao tu ndio yanaweza kupatikana maendeleo kamili ya hali bora ya maisha yake.</para>
      </listitem>
      <listitem>
	<para>Katika kutumia haki na uhuru wake, kila mtu itambidi kufuata kanuni zile tu zilizowekwa na sheria kwa ajili ya kulinda heshima inayotakiwa juu ya haki na uhuru wa watu wengine, na kwa ajili ya kuhifadhi kanuni za haki, usalama na hali njema ya maisha katika jamii ya kidemokrasi.</para>
      </listitem>
      <listitem>
	<para>Uhuru huu na haki hizi kamwe visitumiwe kinyume cha maazimio na kanuni za Umoja wa Mataifa.</para>
      </listitem>
    </orderedlist>
  </article>
  <article number="30">
    <title>Kifungu cha 30.</title>
    <para>Hakuna maneno yo yote katika Taarifa hii yanayoweza kubashiriwa kwamba yanaruhusu nchi yo yote, kikundi cha watu au mtu fulani kufanya au kushughulika na jambo lo lote ambalo nia yake ni kuharibu uhuru haki zilizoelezwa humu.</para>
  </article>
</udhr>
