<?xml version="1.0" encoding="UTF-8"?>

<!--© The Office of the High Commisioner for Human Rights-->

<udhr iso639-3='njo' xml:lang='njo' key='njo' n='Naga, Ao' dir='ltr' iso15924='Latn' xmlns="http://www.unicode.org/udhr">
   <title>ALIMA NUNG ALIR MEIMCHIR AJAK ATEMA KASA TEMETEN SANGDONG</title>
   <note>
      <para>AJAK ATEMA AKHüMKET ASER OCHI</para>
      <para>(Dignity and Justice for all of us)</para>
      <para>All human beings are born with equal and inalienable rights and fundamental freedoms.</para>
      <para>The United Nations is committed to upholding, promoting and protecting the human rights of every individual. This commitment stems from the United Nations Charter, which reaffirms the faith of the peoples of the world in fundamental human rights and in the dignity and worth of the human person.</para>
      <para>In the Universal Declaration of Human Rights, the United Nations has stated in clear and simple terms the rights which belong equally to every person.</para>
      <para>These rights belong to you.</para>
      <para>They are your rights. Familiarize yourself with them. Help to promote and defend them for yourself as well as for your fellow human beings</para>
      <para>Iba lima nung meimchir ajak kasa temeten aser senso ka nüji jenjang nungi mepilatetba akhümket tashi nung asor.</para>
      <para>United Nations-i itemji senso shia atema wazüka yutsütsü, aser kümzüka ayutsü meranger. Ibai United Nations-i lateta ayuba aser telemtetba koba ajanga iba lima nung meimchir shia temeten aser akhümket jenjang kasa ayutsü nükjidong lir.</para>
      <para>United Nations-i meimchia temeten atema sangdongba nungji ajaki angatettsüsa o kanga tejangja agi itemji zülua lir.</para>
      <para>Item temetenji ne meyong lir.</para>
      <para>Itemji ne temeten lir. Item denji metettebang. Itemji kümzüka ayutsü, na aser ne medemer ajak atema khümdanga yuang.</para>
      <para>1948 December Lokti Inti ajanga lemteter Sangdongba 217 A (III)</para>
   </note>
   <preamble>
      <title>Okila</title>
      <para>Kechiaseralima rangben nung nung nisung ka tim temeten aser kasa alitsüsa metentepa yutsübaji meimchir kibong ochi, nüji aser yimjung tamendakdak kimung lir,</para>
      <para>Kechiaser mezüng meshitepba, aitsütepba, mashimalu mapa inyakba, meimchir tim tejembitsü mejembidaktsüba, aser pei tebilemba rakpoka meshidaktsüba item ya ajanga meimchir nüji tia raksatsür,</para>
      <para>Kechiaserkodang anema apusoba aser oshi mashi rongsen benshirtemi nüburtem temeten aser nüji tia raksatsüdir, meimchir temeten ozüng ajanga itemji kümzüka ayutsüla,</para>
      <para>Kechiaser kintem tsüngda yimjung yangluba ajanga alima terenlok adokdaktsür, ibaji mapang ajak nung nungittsüla,</para>
      <para>Kechiaser United Nations Temzüng nung meimchir temeten aser nüjiba wazüka ayutsüba itemji lemteta alinung, tebur aser tetsür tsüngda tepila kecha malitsüla, saka ibai loktiliba tasen küma yanglushiba ajanga dang nüjibaji tongtettsü.</para>
      <para>Kechiaser United Nations nung adener ajaki ibaji atalokdakja inyaktsü nangzüktepogo, aser meimchir ka temeten aser nüibaji kümzüka ayutsü mulunga renemogo.</para>
      <para>Kechiaser iba tenangzükba takok ngudakja inyaktsübaji teinyaktsü tongtibangtiba ta ajaki anagtetogo,</para>
      <para>Anungji, tang, Lokti Inti Sendeni Alima rangben nung Meimchir Temeten ya takok ngua lokti aser kin ajak nung inyaktsü Sangdonger, iba Sangdong ya maneni temulung nung yur li maser lim atena or, terenlok mapa shisatsü sayuba ajanga angazükdakja, pei litsü atena oa inyaktsü sangdonger.</para>
   </preamble>
   <article number="1">
      <title>Ocet 1</title> 
      <para>Meimchir ajak temeten aser tashi kasa nüji nung asor. Parnok dak bilemtettsü shisatsü aser tangatetba kasa agüja aliba jagi külem adianu rongnung tanela ka nung lungjema alitsüla.</para>
   </article>
   <article number="2">
      <title>Ocet 2</title>
      <para>Iba sangdong nung kechi temeten shilemsa ali, nisung sentsü balala, tetsür tebur, oshi,aser yamala ajak nung telemsa aser tebendang kecha melii nisung shia tim temeten kasa alitsü.</para>
      <para>Talisa, kin tulu tila, limeka, aser arrtsü balala ajaklen nüjiso tsütsü telemsa kecha mali.</para>
  </article>
   <article number="3">
      <title>Ocet 3</title>
      <para>Nisung ajak sakusa alitsü, nüji, aser kümzüka alitsü temeten.</para>
   </article>
   <article number="4">
      <title>Ocet 4</title>
      <para>Nisung shinga alar mekümdaktsütsü mesüra alar tia nung mayutsü, yamala mapa ajak nungi nisung ajak kümzüka alitsü.</para>
   </article>
   <article number="5">
      <title>Ocet 5</title>
      <para>Nisung shinga memerenshidaktsütsü, msüra yamala talenba kübok mayutsü.</para>
   </article>
   <article number="6">
      <title>Ocet 6</title>
      <para>Tesem ajaklen nisung ajak ozüng tsüngdang temeten kar.</para>
   </article>
   <article number="7">
      <title>Ocet 7</title>
      <para>Nisung ajak ozüng tsüngdang kasa temeten akaba dang masü, kasa ozüng jagi ajak sakusa kümzüka lir. Iba Telemtetba ya anema shingaia shinga anema meinyaktsüla, mesüra kati ka mezüngmeshi masütsüla.</para>
   </article>
   <article number="8">
      <title>Ocet 8</title>
      <para>Ozüng ajanga temeten agüja akaba tashi kübok nisung shia ozüng amshir tsüngdang temzüngi melaba ama pei temeten ashitsü akok.</para>
   </article>
   <article number="9">
      <title>Ocet 9</title>
      <para>Tashiyim amshia shingaia shinga aputsü makok, mesüra bendang limai yoktsü makok.</para>
   </article>
   <article number="10">
      <title>Ocet 10</title>
      <para>Tim masüba maparen atema kari nisung ka temeten anema mesüra tejak ajia tim masüba mapa inyakra, ozüng meteter tsüngdang pei temeten rateta ashitsü melaa lir.</para>
   </article>
   <article number="11">
      <title>Ocet 11</title>
      <orderedlist>
         <listitem>
            <para>Ozüng anema aibelenogo ta shia nüburtem matsüngdang sangdongra,ozüng meteter kar teyari agia pei temeten indang rateta mashi tashi nisung shinga merenshitsü makok</para>
         </listitem>
         <listitem>
            <para>Kin ka mesüra alima ajak kasa ozüng nung memeteti aibelenba mesüra meinyakba atema shinga merenshitsü makok. Mesüra yamala atema khen merenshir lira, iba dang temaba temerenshi agütsütsü makok.</para>
         </listitem>
      </orderedlist>
   </article>
   <article number="12">
      <title>Ocet 12</title>
      <para>Kija taküm, kibong mesüra kinunger kisüng atema, mesüra nisung pei kija atema kari tenüng menükdaktsütsü makok.Nisung ajak yamala mapa tamajung anema kümzüktsü iba ozüng dak tashi lir.</para>
   </article>
   <article number="13">
      <title>Ocet 13</title>
      <orderedlist>
         <listitem>
            <para>Nisung shia pei litsü aser artsü meküta senzütsü temeten kar.</para>
         </listitem>
         <listitem>
            <para>Nisung shia pei linük toktsür bendang limai aotsü, aser pei meyong bushia arutsü temeten kar.</para>
         </listitem>
      </orderedlist>
   </article>
   <article number="14">
      <title>Ocet 14</title>
      <orderedlist>
         <listitem>
            <para>Rishikangshi nungi jembutsü atema bendang lima jenoka alitsü nisung ajak temeten kar.</para>
         </listitem>
         <listitem>
            <para>Iba tashiji rishikangshiba mesüra kin ka anema inyakba melira United Nations telemtetba anema amshitsü makok.</para>
         </listitem>
      </orderedlist>
   </article>
   <article number="15">
      <title>Ocet 15</title>
      <orderedlist>
         <listitem>
            <para>Nisung shia kin ka senso asütsü temeten kar.</para>
         </listitem>
         <listitem>
            <para>Nisung ka kin ka sensoji shingaia noktangtsü makok, mesüra senso melentsü atema tenokdangba kecha malitsüla.</para>
         </listitem>
      </orderedlist>
   </article>
   <article number="16">
      <title>Ocet 16</title>
      <orderedlist>
         <listitem>
            <para>Teintet tetsür aser teburtem atema kibong akümtsü tenokdangba kecha makai, tamangba yimsü süaka, sentsü balala süaka tebendang makai kibong küma alitsü. Parnokji temeten kasa kibong akümtsü aser pilatsü akok.</para>
         </listitem>
         <listitem>
            <para>Temulunger tsüngda tenokdangba kecha makai parnok kibong akümtsüla.</para>
         </listitem>
         <listitem>
            <para>Kibongji lokti nung mezüngbuba tentetbaji lir, anungji ibaipei kini kümzüka ayutsüla.</para>
         </listitem>
      </orderedlist>
   </article>
   <article number="17">
      <title>Ocet 17</title>
      <orderedlist>
         <listitem>
            <para>Rongsen madak kija dak tashi alitsü, aser ano lokti dena kasa lemsateptsü temeten alitsü.</para>
         </listitem>
         <listitem>
            <para>Pi rongsen madak shingaia tashiyim agi teka amuoktsü makok.</para>
         </listitem>
      </orderedlist>
   </article>
   <article number="18">
      <title>Ocet 18</title>
      <para>Tamangba yimsü atema nisung shia pei pei amangnüba yimsü dak amangtsü, mesüra melenshia amangtsü akok, ibai lokti nung mesüra kija taküm nung pei jurila temeten kübok amangtsü aser külemtsü akok.</para>
   </article>
   <article number="19">
      <title>Ocet 19</title>
      <para>Nisung shia kechi jembinür tenokdangba kecha makai jembitsü akok. Idaki tebilemba mejangjungtepi lemsateptsü, osangtem agizüktsü aser agütsütsü tashi alitsü.</para>
   </article>
   <article number="20">
      <title>Ocet 20</title>
      <orderedlist>
          <listitem>
            <para>Nisung ajak lokti senden mesüra mungdang nung tenokdangba makai adentsü.</para>
         </listitem>
         <listitem>
            <para>Tashiyim agi shingaia telok ka nung züngsem kümdaktsütsü makok.</para>
         </listitem>
     </orderedlist>
   </article>
   <article number="21">
      <title>Ocet 21</title>
      <orderedlist>
         <listitem>
            <para>Pei lima sorkar mapa nung pei sasa mesüra lokti kar tenüng nung inyaktsü nisung ajak kasa tim shilem kar.</para>
         </listitem>
         <listitem>
            <para>Pei lima public mapa ajak nung inyaktsü nisung ajak temeten kar.</para>
         </listitem>
         <listitem>
            <para>Nüburtemi mulungtetbaji government bangdak asütsü. Ibaji indangindanga shimba mesüra nüburtemi meyongnem ajanga shimtetbaji alitsü.</para>
         </listitem>
      </orderedlist>
   </article>
   <article number="22">
      <title>Ocet 22</title>
      <para>Nisung shia pei state nung rongsenketsüng, loktiliba aser sobaliba kümzüka alitsü atema pei litsü nung aser pei litsü atena or aliba lokti ajak nung kija nüjiso tentet ajak den kasa temeten alitsü.</para>
   </article>
   <article number="23">
      <title>Ocet 23</title>
      <orderedlist>
         <listitem>
            <para>Nisung ajak pei mulungba ama mapa inyaktsü, aser mapa makartem nem tapet mapa agütsütsü atema wazüka ayutsü.</para>
         </listitem>
         <listitem>
            <para>Kasa mapa inyakba atema tah nung kecha telemdang makai kasa agütsütsüla.</para>
         </listitem>
         <listitem>
            <para>Nisung shia pei sasa aahzüka ayuba nungi pei taküm aser kibong atema tim tangutsü aliba ajak angutsüla, nüngdaakra itemji loktiliba temzüng ozüng kübok wazüka ayutsüla.</para>
         </listitem>
         <listitem>
            <para>Pei sasa mulungtetba kümzüka ayutsü atema mapa inyaker lokti tentet nung nisung ajak adentsü akok.</para>
         </listitem>
      </orderedlist>
   </article>
   <article number="24">
      <title>Ocet 24</title>
      <para>Nisung shia pei tenzükba mapa nungi anizüngsük agitsü, mesüra mapa nungi sodi mapang telemtet kaa agitsü akok, saka aahzüka aliba nungi itasen agütsütsüla.</para>
   </article>
   <article number="25">
      <title>Ocet 25</title>
      <orderedlist>
         <listitem>
            <para>Nisung shia pei taküm aser kibong nung alirtem temang atema mozü, aben süoshi, chiyungtsü peria akatsü temeten kar, itemji lokti tentet latet kübok, mapa mangurtem, shirang timtem, matamabensartem, amitsür, aser tain akümer atema wazüka aser peria agütsütsü aser angutsü temeten kar.</para>
         </listitem>
         <listitem>
            <para>Tanur asor tetsü aser tila tanurtem balaka anebalutsü temeten kar. Kibong kümer asoba süaka kita chirtem süaka kasa temeten kar.</para>
         </listitem>
      </orderedlist>
   </article>
   <article number="26">
      <title>Ocet 26</title>
      <orderedlist>
         <listitem>
            <para>Nisung ajak kaketshisatsü angazüktsü temeten kar. Class tila nung azüngtsü atemabo kaketshisatsüji angadi angazükdaktsütsüla. Pei tenüng zülu meteta kümdaktsütsübaji ozüngsa angazükdaktsütsüla. Technical mesüra temeba jenjang nung kaketshisatsü bushitsübaji ajak atema tajungtiba jenjang ajangzüka alirtem nungi tenzüka bushitsü akok.</para>
         </listitem>
         <listitem>
            <para>Kaket shisatsü sayuba nükjidongji nisung ka pei tim tangazüktsü kechi ali, item ajakji peria angazükdaktsütsübaji lir. Ibai ajanga kin kidong, shilu balala, yimsü balala amangertem rongnung teputep aser yimjung adokdaktsütsü United Nations nükjidong lir.</para>
         </listitem>
         <listitem>
            <para>Pei chir nem koba lenmang nung tangazükba agütsütsü aji tsürabur atema tongtibang mapa lir.</para>
         </listitem>
      </orderedlist>
   </article>
   <article number="27">
      <title>Ocet 27</title>
      <orderedlist>
         <listitem>
            <para>Kin ka pei sobaliba dak sendakba maparen nung shilem agitsü, puyin ajanga alima terenlok bener arutsüba nungji nisung ajak temeten lir.</para>
         </listitem>
         <listitem>
            <para>Pei sasa apiteta yangluba, züluba mesüra mejemba, koba nung kija tashi mekazüka kar, item atema tezülur temeten kar.</para>
         </listitem>
      </orderedlist>
   </article>
   <article number="28">
      <title>Ocet 28</title>
      <para>Iba telemtetba Sangdong nung kechi tashi aser temeten melaa ali, iba kübok sadoka alitsü nisung ajak kasa temeten kar.</para>
   </article>
   <article number="29">
      <title>Ocet 29</title>
      <orderedlist>
         <listitem>
            <para>Nisung shia pei aliba lokti terenlok atema teinyaktsü kar, kechiaser iba loktiji ajanga dang pei taküm renloktsü akok.</para>
         </listitem>
         <listitem>
            <para>Pei temeten aser nüji yamaji liaka lokti teimbai mulungba nung nübur yimtenji aor asünung, iba lokti tentet yimsüyimbongi melaba ama item temeten wazüka aser akhümtsübua alitsüla.</para>
         </listitem>
         <listitem>
            <para>Item temeten aser nüji ya United Nations ajanga lateta aliba den mesütepi meinyaktsüla.</para>
         </listitem>
      </orderedlist>
   </article>
   <article number="30">
      <title>Ocet 30</title>
      <para>Iba Sangdong ya State mesüra, lokti, mesüra kija shingaia pei ajung asaa meratettsüla, kechiaser iba Sangdong ya ajak atema kasa temeten aser nüji asoshi nükla tajung yur lateta ayuba lir.</para>
   </article>
</udhr>
