<?xml version="1.0" encoding="UTF-8"?>

<!--© The Office of the High Commisioner for Human Rights-->

<udhr iso639-3='mic' xml:lang='mic' key='mic' n='Micmac' dir='ltr' iso15924='Latn' xmlns="http://www.unicode.org/udhr">
   <title>Mtul’katlku Wjit Koqwajo’taqann Mimajulnu’k Wejkuaqml’tlj</title>
   <preamble>
      <para>Na Ke’sk kejitastkl wkpmlte’taqn lapjiw lame’k eykl aqq nkute’jklaqq mukislkaswl’kasinukl koqwajo’taqann wejku’laqml’tl mimajulnu’k na nekmewe’l elqanetekewe’l wjit alsumsimk, koqwaja’taqan aqq wantaqo’tl wsitqamu’k.</para>
      <para>Na Ke’sk penoqlte’taqan aqq esatite’tmaqan wjit koqwajo’taqann wejku’iaqmi’titl mimajulnu’k wetapeksi’kl elue’wuti’l ta’n msit wen poqwajite’tikl aqq wejkwite’tmk wsitqamu ta’n tett msit wen alsutk ta’n teluej aqq teli-ktlamsltasij aqq alsutk pmawsin keskmna’q we’kwata’sik kisna kewisinuk, na wla kisi tlapukuemk msit mimajulnu’k tliktantunew mawi espe’k.</para>
      <para>Na Ke’sk nuta’q ta’n tijiw ji’nm mu ketu’ kisa’lawt eliapsin mita kespiagewey, matneken, matnmn kestawite’taqan aqq emekwo’tasimk, na koqwajo’taqann wejku’laqmi’tl mimajulnu’k miamuj etli-ankwo’tasikl tplutaqaniktuk,</para>
      <para>Na Ke’sk nuta’q apoqonmatamn ta’n tela’matultljik eleke’wa’ki’l,</para>
      <para>Na Ke’sk msit mimajuinu’k naspultijik Mawalo’mi Eleke’wa’ki’l kisl wi’kml’tij alsutaqn Wi’katikniktukta’n teli-espite’tmi’tij iapjiw wikaqtekl koqwajo’taqann wejku’aqmi’till mimejuinu’k aqq wkpmite’taqan aqq ta’n teli espite’lmij mimajuinu’k aqq nkutey koqwajo’taqan wjit ji’nmukaqq e’pijik aqq kisite’tml’tij ktmoqjnmnew wejiwula’tekemk wjit mawio’mi aqq ajiklu’tn mimajuaqan wjit msit alsusutl,</para>
      <para>Na Ke’sk mstl eleke’wa’kl’lnastekl Mawio’mi kisi lui’tmasultijik toqlukwtnew Mawalo’mi Eleke’wa’ki’l, kisi-mawjukutinew, ktmoqjenmnew msit tami kepmite’tasiktn aqq klo’tasiktn ta’n koqwajo’taqann wejkul’aqmititl mimajulnu’kaqq asusuti ta’n msit wen ala’toq.</para>
      <para>Na Ke’sk aqq keknue’k msit wen nsitmn aqq nenmin wla koqwajo’taqannaqq alsusuti’l kwalaman kisitla’sitew ta’n tel lui’lmasultimkl,</para>
      <para>Na nike’ Mawio’ml Eleke’wa’ki’l telapukua’tijk:</para>
      <para>Wula Wtul’katikn wjit Koqwajo’taquann Mimajulnu’k Wejkuaqml’tij kisi mawi apoqntimu’k wjit msit mimajuinu’k aqq wjit msit elekewa’ki’l, kulaman msit wen aqq msit mawio’mi’l wsitqamu’k, klite’aq ta’n wjit welek, slawpukeltew mita kinamueten aqq sasa’tutisnu kulaman kepmite’tlsnu wula ta’nl wejku’aqmi’kl aqq ta’n telt alsomsuti’k aqq wejinu’kwalsulti’k ketlewa’tunen, wula kmitkinaq aqq se’k wmitkiwal, ketlewa’tunen ta’n telji’k wsitqamu kulaman nenasital aqq ketlamite’tasitql kilk wjit ta’nik nasupultijik wula mawlo’mi aqq ta’n tett te’s eleke’waki’l we’kwiaq aqq ta’n tett we’kwlaswieket.</para>
   </preamble>
   <article number="1">
      <title>Article 1</title>
      <para>Msit mimajulnu’k weskwijinu’ltijik alsumsultijik aqq newte’ tett wkpimte’tmut aqq koqwajo’taqnn wejkul’aqmititl.</para>
   </article>
   <article number="2">
      <title>Article 2</title>
      <para>Msit wen wejku’awamitl msit koqwajo’taqann aqq alsusutl’l ewikasikl wla Wi’kalikniktuk, ta’n pasikwenij, ta’n pasik tlamuksij, ta’n pasik teli’sij, ta’n pasik teli ktlamistasij, ta’n ketu’ tlapukuej, ta’n tett wetapeksij kisna teli alsutekej ta’n ketu’ tli weskwijinuij jisna ta’n ketu’ tle’k.</para>
      <para>Aqq elt, ma’ istutte’lmament wen wjit ta’n telapukuej, kisna wjit ta’n tett etli-ilsumuj, kisna eleke’wa’kik ta’n wejiej tlla’j newtlpukuik, kisna anko’tasik kisna nikana’tasik, kisna etek ta’n pasik koqoey ta’n keltaqanj ta’n teli saqamawutik.</para>
   </article>
   <article number="3">
      <title>Article 3</title>
      <para>Msit wen wejkul’aqmit koqwajo’taqan wjit ta’n tel mimajij, teli-alsumsij aqq tel-sankewe’k wen.</para>
   </article>
   <article number="4">
      <title>Article 4</title>
      <para>Ma’ wen kisi pisu’-lukwa’mit kisna keltaqanuksik; keltaqanuksimkewey aqq pisu’lukalmimkewey lpa ma asite’tasinuk.</para>
   </article>
   <article number="5">
      <title>Article 5</title>
      <para>Ma’ wen kisi wunmajo’tasik kisna amaskwipilnuksik kisna ewlo’tasik kisna penoqo’tasik.</para>
   </article>
   <article number="6">
      <title>Article 6</title>
      <para>Msit wen wejku’aqamit nenulte’tasin ta’n pasik tami wjit ta’n teli skwijinult tplutaqanikiuk.</para>
   </article>
   <article number="7">
      <title>Article 7</title>
      <para>Msit wen newte’telpukult tplutaqaniktuk aqqwejku’awamit, keskma’q piluite’tasin kisna tepkislte’lmuksin, newte’tli-ikaluksin tplutaqaniktuk. Msit wen wejku’aqamit newte’tli-ikaluksin kwlaman ma’ penoqo’tasik aqq ma wen listmuk wla telwikasik kisna assitmuk wenl listmlin aqq penoqite’teikelin.</para>
   </article>
   <article number="8">
      <title>Article 8</title>
      <para>Msit wen wejku’awamit apoqomasutita’n tett etli-ilsutekemk wjit ta’n teli-ewla’luj ta’n tujiw kemutmuj koqwajo’taqann lapjiw wikaqteki, ta’n iknmusn tplutaqaniktuk kisna ewi’kasikl.</para>
   </article>
   <article number="9">
      <title>Article 9</title>
      <para>Ma wen wskimtuk kisi-pija’luksik, kisna naqeyuksik kisna ejikleyuksik.</para>
   </article>
   <article number="10">
      <title>Article 10</title>
      <para>Msit wen wejku’aqamit newte’ tl-nutuksin aqq tlo’tasin ta’n tijiw ilsumji nujl ilsuteklitl ta’n alsumsik aqq welinqanilsutekek, ta’n tujiw ilite’tasikl wkoqwajo’taqanmi aqq natkoqoe’l tepkatik tla’teken wen-aqq ta’n pasik telsmut ta’n teli-o’ pla’tekej.</para>
   </article>
   <article number="11">
      <title>Article 11</title>
      <orderedlist>
         <listitem>
            <para>Ta’n pasik wen elsu’tmut kisi opla’taken weskunk koqwajo’taqan tlite’tasin staqa nike’j mna’q teletekekis mi’soqo kisutasik ketloqo kisi o’plateken aqq etli tlsumut ta’n tett msit wen kejitoq ta’n tela’sik aqq ta’n teli ikalsitew iamuj weskunk.</para>
         </listitem>
         <listitem>
            <para>Ma’ wen kisi ilsumuksik opla’taket wjit koqoey ta’n mu telwikasinuksip opla’tekemk ta’n tijiw tela’tekejek kisna mu tela’tekekek. Aqq ma kisi aji eplewi-apankitmuk ta’n teli-opla’tekej aqq ta’n teli-apankitmumkis ta’n tijiw opla’tekejek.</para>
         </listitem>
      </orderedlist>
   </article>
   <article number="12">
      <title>Article 12</title>
      <para>Aqq ma’ wen kisi tala’tuawt ta’n teli-sankewe’k, kisna wikmaq, kisna wi’kk, kisna wtui-katikinn, kisna kisi matnmuawt ta’n tel-kepmite’lmuj kisna telite’lmuj. Msit wen weskunk koqwajo’taqan ikatluksin tplutaqaniktuk kwalaman mu wen kisi sesepta’sualmini kisna ajina’mint wjit wla koqoe’l.</para>
   </article>
   <article number="13">
      <title>Article 13</title>
      <orderedlist>
         <listitem>
            <para>Msit wen wejkul’aqmit koqwajo’taqan alsumsin ta’n teli-ala’sij aqq ta’n tett etlqatekej wmitkimk.</para>
         </listitem>
         <listitem>
            <para>Msit wen wejkul’aqmit koqwajo’taqan kisi-nqitmn eleke’waki’l, we’kaw wmitkink, aqq kisi apaja’in wmitkimk.</para>
         </listitem>
      </orderedlist>
   </article>
   <article number="14">
      <title>Article 14</title>
      <orderedlist>
         <listitem>
            <para>Msit wen wejkui’aqmit koqwajo’taqann wjit ta’n telilnuij.</para>
         </listitem>
         <listitem>
            <para>Wla koqwajo’taqann ma kisi-likasiwun ta’n tujiw kisi opla’teken kisna tela’teken ta’n mu wije’winuk ta’n telltasult’tij aqq teliktlamsitasulti’tij Mawio’mi Eleke’wa’kik.</para>
         </listitem>
      </orderedlist>
   </article>
   <article number="15">
      <title>Article 15</title>
      <orderedlist>
         <listitem>
            <para>Msit wen wejkul’aqmit koqwajo’taqann wjit ta’n telakutk.</para>
         </listitem>
         <listitem>
            <para>Ma’ wen kisi apija’tuaq ta’n telakutk kisna kisnaqa’lawt ktu’ sa’se’wa’toq ta’n telakutk.</para>
         </listitem>
      </orderedlist>
   </article>
   <article number="16">
      <title>Article 16</title>
      <orderedlist>
         <listitem>
            <para>Ji’nmuk aqq E’pijik ta’n tepipuna’tijik weskunmi’tij koqwajo’taqann malte’wultinew aqq wunijanultinew, ta’n pasik ketu ta’n wenij, kisna telilnuij, kisna teli ktlamsitasij. Wejku’aqamulti’tij newte’ koqwajo’taqan malie’wutiktuk, ke’sk malie’wij kisna puna’tekej.</para>
         </listitem>
         <listitem>
            <para>Kisi-malte’witaq wenik ta’n tijiw kitk tel pewatmi’tij aqq mu wen ki’kaj malte’wa’lamint.</para>
         </listitem>
         <listitem>
            <para>Wen wikmaq na welikoqwajite’tasik aqq mawi-espite’tasik mawlo’mik aqq wejku’aqamit wen wikmaq ikatmuksin mawlo’mik aqq Eleke’wa’kik.</para>
         </listitem>
      </orderedlist>
   </article>
   <article number="17">
      <title>Article 17</title>
      <orderedlist>
         <listitem>
            <para>Msit wen wejkuaqmit koqwajo’taqann kisi alsutmin koqoey newtuka’lukwet kisna mawalalsuteken.</para>
         </listitem>
         <listitem>
            <para>Ma’ wen skimtuk kisi-wusua’tuaj ta’n koqoey alsutk.</para>
         </listitem>
      </orderedlist>
   </article>
   <article number="18">
      <title>Article 18</title>
      <para>Msit wen wejkul’aqmit koqwajo’taqan alsutmin ta’n telita’sij, teltktlamsilasij aqq ta’n teli-alasutmaj; wla koqwajo’taqan wiaqtek wen alsumsit sa’se’wa’tun ta’n teli-alasutmaj kisna telikilamsitasij; aqq elt etek koqwajo’taqan newtuka’lukwet kisna mawukwat sankewimajukatmin kisna mestiaknutmin ta’n teli-alusutmaj kisna teli-ketlamsitasij ta’n tel kina’muet etlintawa’qatoq, teli alasutmaj aqq telimajukatk ta’n teli-alasutmat kisna teli-klamsitasij.</para>
   </article>
   <article number="19">
      <title>Article 19</title>
      <para>Msit wen wejkul’aqmit koqwajo’taqan ta’n telita’sij aqq ta’n teluej; wla koqwajo’taqaniktuk wiaqtek wen ta’n telita’sij kesma’q wen sespeta’sualmint aqq kisi kwilmin, msinmn aqq iknmuetun kinu’tmaqan aqq ankita’suaqan ta’n pasik mataqa’taqan ewe’wk aqq ta’n pasik tett.</para>
   </article>
   <article number="20">
      <title>Article 20</title>
      <orderedlist>
         <listitem>
            <para>Msit wenik wejkul’aqmit koqwajo’taqan alsumsultinew kisi sankewi’mawita’new aqq kisi-mawo’ltinew.</para>
         </listitem>
         <listitem>
            <para>Ma’ wen kisi ki’kaji nasa’luksik Mawio’mi ta’n mu ketu’ naspik.</para>
         </listitem>
      </orderedlist>
   </article>
   <article number="21">
      <title>Article 21</title>
      <orderedlist>
         <listitem>
            <para>Msit wen wejkul’aqmit koqwajo’taqan kisi-ika’lsin ta’n teli-nikana’tumk wmitkin, koqwaju kisna mkunanta’niknikana’tu’tij ta’n tele’k wmitkin.</para>
         </listitem>
         <listitem>
            <para>Msit wen wejkut’aqmit koqwajo’taqan newte’kistllukwen kaplno’l wmitkink.</para>
         </listitem>
         <listitem>
            <para>Ta’n telpewatmi’tij mimajuinu’k na na’te’l wjiatew ta’n tela’taqatijik ta’nik nikana’tu’tij eleke’wa’ki, aqq wla nemitasitew ta’n tijlw menaqaj mekunuj ta’nik nikana’tu’tij eleke’wa’ki, loq kimlapukwemk kisna newte’ teli-assutmuk ta’n teli mkunuj ta’nik nikanpukultijik.</para>
         </listitem>
      </orderedlist>
   </article>
   <article number="22">
      <title>Article 22</title>
      <para>Msit wen, ta’n naspit mawio’mi, wejkul’aqmit koqwajo’taqan wjit otpi’tnewey aqq wejku’aqamit, sapa’siktn te’s eleke’waki atiknen kisna mawuktml’tij eleke’wa’ki’l aqq tlawtitew ta’n telmilesik aqq telpukulk te’s eleke’wa’ki sultewey kisna mawlo’mley kisna lnuey koqwajo’taqann ta’n nuta’tl wjit ta’n telukupmite’lmuj aqq ta’n telikwek ta’n wen telqamisij.</para>
   </article>
   <article number="23">
      <title>Article 23</title>
      <orderedlist>
         <listitem>
            <para>Msit wen wejkul’aqmit koqwajo’taqan kisilukwen, aqq kisimkunmn wktlukwaqan, aqq tetpapo’tasin ta’n tett etl-lukwej aqq iknmuksin apoqonmasuti kwlaman kislukewtew.</para>
         </listitem>
         <listitem>
            <para>Msit wen, mu kisi, pilute’telmamint, wejkui’aqmit koqwajo’taqan newte tliapankiluksin wjit newte ta’n tel lukutl’tijik.</para>
         </listitem>
         <listitem>
            <para>Msit wen ta’n elukwet wejkul’aqmit koqwajo’taqan tetpaqi apankituksin kwlaman pkwatew wjit nekmaqq wjit wikmaq mimajuaqan teplaq wjit ta’n telukupmite’lmuj aqq ankuawtukomuksin aqq apoqnmuksin elam nuta’j.</para>
         </listitem>
         <listitem>
            <para>Msit wen wejkul’aqmit koqwajo’taqan kisitun kisna nasa’sin lukewinu’k mawlo’mlwew ta’n anklo’tmuaten ta’n tele’k.</para>
         </listitem>
      </orderedlist>
   </article>
   <article number="24">
      <title>Article 24</title>
      <para>Msit wen wejkul’aqmit koqwajo’taqan wjit ta’n teli-mila’sit aqq teli atlasmit, wlaqtek tett keknue’k ta’n telipkijlukwet aqq na’kwekl iknumutl apankitasikl atlasmin kisna ala’sin.</para>
   </article>
   <article number="25">
      <title>Article 25</title>
      <orderedlist>
         <listitem>
            <para>Msit wen wejkul’aqmit koqwajo’taqan kisi-pkwatun mimajuaqan teplaq wjit ta’n telwele’k aqq telwelawsit nekm aqq wikmaq, wiaqkitmumk mijipjewey, tapsunn, ta’n wikit aqq ta’n telmaliamut kesnukwaj aqq koqoey piluey apoqonmasuti nuta’j, aqq wejkul’aqmitl koqwajo’taqann apoqonmuksin mu kislukwek, kisna ksnukwaj, kisna ejele’k, kisna siku’skewij, kisna kisikulj kisna mu kisi pkwatuk wmimajuaqanm mita natala’teket.</para>
         </listitem>
         <listitem>
            <para>E’pitwunijanit kisna mijua’ji’j wejku’aqamit maltamuksin kisna apoqonmuksin. Msit mijuajl’jk, weskwijinultijik malie’wimk kisna moqo, newte’ tli-anko’tasullilaq.</para>
         </listitem>
      </orderedlist>
   </article>
   <article number="26">
      <title>Article 26</title>
      <orderedlist>
         <listitem>
            <para>Msit wen wejkut’aqmit koqwajo’taqan wjit ekina’masuti ma awlinuk, amskwesewey aqq ta’n nuta’q. Amskwesewey ekina’masutl msit wen miamuj wessua’toq. Ta’n telitekemk aqq espikina’muti tettew wijit ta’n pasik wen ketu ksua’ten.</para>
         </listitem>
         <listitem>
            <para>Ekina’masuti tettew kwlaman msit wen kisi tle’tew ta’n telmenuekej aqq mikikna’tun ta’n tel kepmite’tmau’klmimajuinu’k koqwajo’taqnamual aqq alsusuti’l tapjiw ki’s etekl. Ekina’masuti ktmoqjentew nsitatultinenu, tqamutatultinu aqq wela’matutlinu msit eleke’wa’ki’l, telakutimkl aqq ta’n teli-alasutmakl, aqqstawa’tew lukwaqan pemlukwatmi’tij Mawio’mi Eleke’wa’ki’l wjit wantaqo’tl stawwije’wmnu.</para>
         </listitem>
         <listitem>
            <para>Knki’kwinaq wejku’aqmitij wesko’tmi’tij nikantek koqwajo’taqan kisimkunmnew ta’n tlkina’muaten wunijanuaq.</para>
         </listitem>
      </orderedlist>
   </article>
   <article number="27">
      <title>Article 27</title>
      <orderedlist>
         <listitem>
            <para>Msit wen wejkui’aqmit koqwajo’taqan kisi-ika’lsin ta’n telo’lti’tij knutanminal, aqq kisi wekasin lukwaqaney nsituo’qon, aqq kisi-wekasin piley koqoey kejitumk aqq wulapesin.</para>
         </listitem>
         <listitem>
            <para>Msit wen wejkui’aqmit koqwajo’taqan maltaptmuksin koqwaje’kaqq ta’n weji kisitasik koqoey wetapeksik kjijitaqaniktuk, wi’katikniktuk kisna kisltasik koqoey ta’n nekm kisa’toq.</para>
         </listitem>
      </orderedlist>
   </article>
   <article number="28">
      <title>Article 28</title>
      <para>Msit wen wejkui’aqmit koqwajo’taqan kwlamantlwl-pmlatew koqoey ta’n nekm wkoqwajo’taqann aqq wtalsusuti’ml ewikasikl wla Wikatikniktuk kisi tla’sitl.</para>
   </article>
   <article number="29">
      <title>Article 29</title>
      <orderedlist>
         <listitem>
            <para>Msit wen wejkui’aqmitlkukwaqann wjit wutanm kwlaman kisi’sitew ta’n telqamiksit.</para>
         </listitem>
         <listitem>
            <para>Ta’n telwekasij wen wkoqwajo’taqann aqq wtalsusulti’ml, msit wen mimamujpa wije’wkl tplutaqann ta’n teli-asite’lj kwaman msit wen nenulte’tmuaten aqq kepmite’tmuaten wkoqwojo’taqann aqq wtalsusutl’ml aqq wijetulltal ta’n tel nuta’q nsituo’qon, wantaqo’ti aqq kelu’lk wjit msit wen wla teli-alsumsultijik mimajuinu’k eleke’wa’kl’l.</para>
         </listitem>
         <listitem>
            <para>Wla koqwajo’taqann aqq alsusuti’lma’ kisi ewe’wasinukl popwajilukwektn aqq ta’n telapukuek aqq telite’tmumkipn Mawio’mi Eleke’wa’ki’l wtui’katiknuaq.</para>
         </listitem>
      </orderedlist>
   </article>
   <article number="30">
      <title>Article 30</title>
      <para>Mu koqoey wla kisi wikasik kisi tlkitmumint tluekin Eleke’wa’ki, mawio’mi kisna mimajuinu wejkui’aqmijl koqwajo’taqan kisi tla’teken kisna kisi tilukwen koqoey ta’n tli-ksika’tutal koqwajo’taqann aqq alsusuti’l ta’n tett kisiwikasikl.</para>
   </article>
</udhr>
