<?xml version="1.0" encoding="UTF-8"?>

<!--© The Office of the High Commisioner for Human Rights-->

<udhr iso639-3="aar" xml:lang="aa" key="aar" n="Afar"  dir='ltr' iso15924='Latn' xmlns="http://www.unicode.org/udhr">
   <title>Seehadayti Garwah Baad Kukta</title>
   <preamble>
      <title>Aakama</title>
      <para>Seehada le karaamat kee garway inki gide takke edde yaaqitoonu duude waana yaaxigeenim baadal curriyataay, qadlii kee wagari rakiiboh tanim kinnim cedak,</para>
      <para>Seehadayti garwah iggimaa kee bura aliinoh abtoy seehadaytiinô kas cerissat sinam bahtem kee seehada yab kee diini curriyat elle leeh, gilic kee assommik elle tesseqqeh xintu dudda baadih geyto seehadaytuk inkih naba fayxi kinnim cedak,</para>
      <para>Seehadayti dulmi kee xukkot koosituh ellecaboh eleytoh qeebi haysite wayuh seehadayti garwa garti xintoh dacayri geytam saqlah tanim cedak,</para>
      <para>Ummattah fanal qalliini dadal ilsiisaanam saqlah tanim kinnim cedak,</para>
      <para>Galli-Maroh ayyuntitte qusba addah kukti addal tan seehadayti rakiiboh garway, seehadayti karaamat kee nihiriiy, labhaa kee sayyô garwah missoowul leh tan ekkel warissiiy, usun ummattâ dadal kee nuway meqe caaloota farakka le curriyatih addat elle daabimta gurra yaysiisoonuh niya maqoonum warseenim cedak,</para>
      <para>Adoytiitih tan doolatwa Galli-Maro lih makayyoh taamitak seehadayti garwa kee rakiibô curriyatitte baadal inkih dudda luk dacrissuh culte xagana cedak, Galli-Marok inkitani Daffeyna,</para>
      <para>Ta seehadayti garwah baad kukti yangalen maqaaney inkih tan ayyuntitte kee agattinaani maaddam faxximta kinnim baxxaqissaah, toh kah kinnim kulli mari, ummatta a kukta kasat leh iyya, barsaa kee baritto ta garwa kee curriyatitteh caddi agat kee baad caddol inkih maaqatta maaqattah dadlisak, tet oggol kee abinat-hayti adoytiitih tan doolatwa isi ayyuntih addaa kee ken xintoh tan rasitteh addal inkih xiikissuh macaltam gida.</para>
   </preamble>
   <article number="1">
      <title>1<sup>hayto</sup> Margaqa</title>
      <para>Karaamat kee garwa wagittaamal seehada inkih gide akkuk, currik taabuke. Usun kas kee cissi loonuuh, keenik mariiy mara lih toobokinni kasat gexsitam faxximta.</para>
   </article>
   <article number="2">
      <title>2<sup>hayto</sup> Margaqa</title>
      <para>Kulli num a kuktih addal tan garwaa kee curriyatitte inkih loowitam duudah hebeltô baxsa maleh, eddeey samada, bisu, nado, afa, diini, siyaasâ tummabulu, hinnay aki akkinnaanih tummabulu, agat otoyno, hinnay ayyuntiinoh otoyno, ubka, hinnay faxe caalatal baxsa maleh.</para>
      <para>Kalah fulah, hebeltô baxsay num siyaasa, madqâ caalatal, hinnay num kak yan baaxo, hinnay kay rasi baad caddol edde yan caalatal soola baxsi yanu ma duuda ; tohuuy kay baaxo, hinnay kay rasi amô-baxxaqqa le way, dacayrî xintoh gubat yani way, addâ-xinto aalle waa way, hinnay xintô milkih dagiinha gubat yani way.</para>
  </article>
   <article number="3">
      <title>3<sup>hayto</sup> Margaqa</title>
      <para>Kulli num manooy, curriyat kee isi nabsih saay geyaamih gar le.</para>
   </article>
   <article number="4">
      <title>4<sup>hayto</sup> Margaqa</title>
      <para>Hebeltô num naqoosannuh, hinnay kaadu, dirkih taamat ma xiina .Naqoosannu kee naqoosa tellemmo inkih waaso le,faxe gurral takkay.</para>
   </article>
   <article number="5">
      <title>5<sup>hayto</sup> Margaqa</title>
      <para>Hebeltô num addaadaruuy, qax-uma digaalaa kee uma-xagoy aliino kinnit xaggiime waama.</para>
   </article>
   <article number="6">
      <title>6<sup>hayto</sup> Margaqa</title>
      <para>Kulli aracal kulli num kay numiino kaah yaaxigeenimih gar le.</para>
   </article>
   <article number="7">
      <title>7<sup>hayto</sup> Margaqa</title>
      <para>Madqâ foocal sinam inkih missowtaah, hebeltô baxsa maleh madqâ gamsih gar le. Sinam inkih faxe welu taalay a kuktat booddaah, baxaa baxsa xaltu duddah taniimik missoowa gamsih gar le.</para>
   </article>
   <article number="8">
      <title>8<sup>hayto</sup> Margaqa</title>
      <para>Doolat-madqa, hinnay madqa kaah ixiggi hayte rakiibô garwat kaak booddu iyyeenik kulli num tohuk agat qadlih caxay duddo let radaamih gar le.</para>
   </article>
   <article number="9">
      <title>9<sup>hayto</sup> Margaqa</title>
      <para>Hebeltô num gita maliinuh yabbixeenim, yaxeenim, hinnay baaxok yayyaaqenim ma duudan.</para>
   </article>
   <article number="10">
      <title>10<sup>hayto</sup> Margaqa</title>
      <para>Kulli num kay wayto meqe’nnal sinam foocal tantabbuh amô-baxxaqqa leeh, malak-misah tan qadli-caxay kay garwaa kee kay farditte, hinnay kaak waanamih diggal maaqatta beytu dudda geyaamih gar le.</para>
   </article>
   <article number="11">
      <title>11<sup>hayto</sup> Margaqa</title>
      <orderedlist>
         <listitem>
            <para>Umaane elle heen num sadar foocal yakke sifah agaaraday faxxiima yabti-koosa elle geyah addal kaal heenim kaa xabba haytam fan umeyna ma deqsita.</para>
         </listitem>
         <listitem>
            <para>Hebeltô num ma diggalsima, abem kee hawweeneemiy toh edde tekke uddurih addat agat galli garwah addal umaaneh abinah tambulleemik suge waytek. Wonnaah kaadu umaaneh abto edde tekke uddurih addat elle diggalsimak sugteemik fayya itta digaala num ma tabbixa.</para>
         </listitem>
      </orderedlist>
   </article>
   <article number="12">
      <title>12<sup>hayto</sup> Margaqa</title>
      <para>Hebeltô num caglita manooy, kay buxah mara, kay dabqa, hinnay kay teeloh addat dulmih culaanam, kay migaq kee aytî-gexxot boodaanamih gadda ma yakka. Kulli num to’nnah taniimik madqâ gamsa geyaamih gar le.</para>
   </article>
   <article number="13">
      <title>13<sup>hayto</sup> Margaqa</title>
      <orderedlist>
         <listitem>
            <para>Kulli num angagoyyî curriyat kee baaxoh addal dabqih elle gaca’kke dooritaamih gar le.</para>
         </listitem>
         <listitem>
            <para>Kulli num isi baaxo edde anuk kulli baaxok yattawaqeeh, hinnay kaadu isi baaxoh wadir gacaamih gar le.</para>
         </listitem>
      </orderedlist>
   </article>
   <article number="14">
      <title>14<sup>hayto</sup> Margaqa</title>
      <orderedlist>
         <listitem>
            <para>Umam edde tekke num,kak,elle korsita gub,aki baaxooxal gorrisitaam, geyaamih gar le.</para>
         </listitem>
         <listitem>
            <para>Qaduk yangalen garih umaaneh katayyu edde aban maraa kee gersi abtootay Galli-Maroh madmoomii kee radmoomi saddat xaggiime ùarih caddol a garwa ma solta.</para>
         </listitem>
      </orderedlist>
   </article>
   <article number="15">
      <title>15<sup>hayto</sup> Margaqa</title>
      <orderedlist>
         <listitem>
            <para>Kulli seehadayti agattiina gar le.</para>
         </listitem>
         <listitem>
            <para>Hebeltô numuk gita maliinuh, kay agattiina Kaa waysiisanam kee hinnay, kaadu baaxoh agattiina korsamaanih gar kaa waysiisonu ma duudan.</para>
         </listitem>
      </orderedlist>
   </article>
   <article number="16">
      <title>16<sup>hayto</sup> Margaqa</title>
      <orderedlist>
         <listitem>
            <para>Labnum kee saynum elle baalukan qumri gufeenik wadir itta rihmisaanaah, xalak qarsa haysitaanamih gar lon faxe diini,hinnay kaadu faxe lago kee agattiina yaalloonu. Qasaalâ caddol gennaaqot anuk takku, hinnay kaadu itta caban waqdi takku inki gar lon.</para>
         </listitem>
         <listitem>
            <para>Digib yakku ma duuda qasalah sitta faxa marih fanat raabit kee oggol aneweek.</para>
         </listitem>
         <listitem>
            <para>Ramad yallih gino kinniih, ayyuntak rakiibo ; doolat kee ayyuntal cakkik le kaa dacarisaanam.</para>
         </listitem>
      </orderedlist>
   </article>
   <article number="17">
      <title>17<sup>hayto</sup> Margaqa</title>
      <orderedlist>
         <listitem>
            <para>Numtin amol takku, hinnay sinamlih takku, kulli num ikoyta yaallemih gar le.</para>
         </listitem>
         <listitem>
            <para>Hebeltô numuk baatilih leh yan ikoyta bukkusoonu ma duudan.</para>
         </listitem>
      </orderedlist>
   </article>
   <article number="18">
      <title>18<sup>hayto</sup> Margaqa</title>
      <para>Kulli num isi diini kee kas ke hinnay issih faxe tummabul haysituh gar le. Woo garat edde tan diinik korsitaamaay,isi diini elle faxe gurral yay beleeleqqeemi, dibuk yanu, sinaama’lluk yanu, sasot abu, yayballu, barittol takku, hinnay kaadu qibaada kee fardi abtol takku.</para>
   </article>
   <article number="19">
      <title>19<sup>hayto</sup> Margaqa</title>
      <para>Kulli num tummabul haysituh,faxe yaabat yaabituh gar le.Isi tummabul yascassem kee oysit abaah,xaagu kee mala ellle duudinnaanih inna,faxe baaxok tabsamih sabbatah bohoy axce waamih gar le.</para>
   </article>
   <article number="20">
      <title>20<sup>hayto</sup> Margaqa</title>
      <orderedlist>
          <listitem>
            <para>Kulli num angaaraw abbaasituh, saayah tan egla xisituh curriyat gar le.</para>
         </listitem>
         <listitem>
            <para>Hebeltô num dirkih eglat culusoonu ma duudan.</para>
         </listitem>
     </orderedlist>
   </article>
   <article number="21">
      <title>21<sup>hayto</sup> Margaqa</title>
      <orderedlist>
         <listitem>
            <para>Kulli num is baaxoh addah caagiidah qaaqat massah, hinnay currik doorite marih gubaak yangaleemih gar le.</para>
         </listitem>
         <listitem>
            <para>Kulli num isih baaxol missow shartil doolat taamoomi geyaamih gar le.</para>
         </listitem>
         <listitem>
            <para>Ayyunti fayxi doolat reedah rakiibo kinni. Ta fayxi saytun waraaki-qidoy waqdiik waqdi takkey, sinam inkih edde tangalel baxxaq’simtaama.</para>
         </listitem>
      </orderedlist>
   </article>
   <article number="22">
      <title>22<sup>hayto</sup> Margaqa</title>
      <para>Kulli num seehadak numuk teynah anuk ayyuntiinô catoh gar le. Usuk madduru, ayyuntiinoo kee sugeet garwah leeday kay karaamat kee kay numiinoh saytun dadalah faxximta, agat macal kee galli ittallukabitih catot geyam faxximta. Tohuuy kulli baaxoh massoynaa kee gaddaliinot axawah anuk takke.</para>
   </article>
   <article number="23">
      <title>23<sup>hayto</sup> Margaqa</title>
      <orderedlist>
         <listitem>
            <para>Kulli num taamitaah, isih faxa taama dooritaamih gar le .Ellle faxximta gurral taamat rufto geyaah, taamâ-sinnak gamsa geyaamih gar le.</para>
         </listitem>
         <listitem>
            <para>Sinam inkih hebeltô baxsa maleh inki gide takke taamah inki gide takke alsiita geytaamih gar le.</para>
         </listitem>
         <listitem>
            <para>Taamita num meqe cawalay rufto leeh, kaa kee kay buxah marah meqe manoh caalatay seehadayti karaamatah faxxiima diggoysaah, kalah kaadu yenek gersi ayyuntiinô gamsi edde ossimah gar le.</para>
         </listitem>
         <listitem>
            <para>Kulli num sinam lih isi maslacatah, taamiteynit-egla xisaamih gar le.</para>
         </listitem>
      </orderedlist>
   </article>
   <article number="24">
      <title>24<sup>hayto</sup> Margaqa</title>
      <para>Kulli num oftoyuuy, gabâ-geytooy, kaadu taamah udduruy ceelay caddo le kee waqdiik waqdi geytima meklima ruksat geyaamih gar le.</para>
   </article>
   <article number="25">
      <title>25<sup>hayto</sup> Margaqa</title>
      <orderedlist>
         <listitem>
            <para>Kulli num qiishat caddoy dudda leeh, kaa kee kay buxah marih qaafiyat kee assamaaqah faxximta, axcih maaqidda, sartana, dabqa, dayla xiqtaah,kaadu faxximtah tan ayyuntiinô ayfaafitte geyaamih gar le. Kalah kaadu kay fayxik akke kal kaa tabbi xeemik, taamâ-sinna, biyaaka, erkella, gubniinu, idoolanni innah taniimik ayyuntiinô gamsa geyaamih gar le.</para>
         </listitem>
         <listitem>
            <para>Xalay-waqdii kee awkiinol sissin catoo kee qiki geytimam faxximta. Urri inkih gennaaqot yaabakay, mayguudih yaabakay, ayyuntiinô gamsih gar le.</para>
         </listitem>
      </orderedlist>
   </article>
   <article number="26">
      <title>26<sup>hayto</sup> Margaqa</title>
      <orderedlist>
         <listitem>
            <para>Kulli num baritto gar le. Dagowwu ittek qemboo kee fanti baritto cindah tanim faxximta. Qembô baritto dirki kinni. Mettee-banni baritto kee gabâ-taamah baritto inkaafak geyan baritto takkem faxximta. Fayyaitta baritto kulli marah inki gide akkuk ken taamaa kee duddol fakkimtam faxximta.</para>
         </listitem>
         <listitem>
            <para>Baritto seehadayti nibda wagittaah, seehadayti garwaa kee rakiibô curriyat gablussam faxximta. Baritto kaadu ittin-geyi, ittin-raabit kee qalliinu taysiisem faxximta.</para>
         </listitem>
         <listitem>
            <para>Xaleyna sinni xayloh faxximta baritto naharsiinol doorittaamih gar le.</para>
         </listitem>
      </orderedlist>
   </article>
   <article number="27">
      <title>27<sup>hayto</sup> Margaqa</title>
      <orderedlist>
         <listitem>
            <para>Kulli num ayyuntak sugeet manot currik gaba yassagalleeh,fannit rufto geyaah, qilmi bisô-maxcokee is xalte maqaanet yangaleemih gar le.</para>
         </listitem>
         <listitem>
            <para>Faxe num isih abeynah kak yan fikrat takku, qilmi takku, kutbe takku ,fanni takku, isih abba heemik yewqemurtih faydah dacayri geyam geyaamih gar le.</para>
         </listitem>
      </orderedlist>
   </article>
   <article number="28">
      <title>28<sup>hayto</sup> Margaqa</title>
      <para>Kulli num ayyunti caddoo kee baad caddola kuktih addal tan garwah addal tanim dudda luk geyaamih gar le.</para>
   </article>
   <article number="29">
      <title>29<sup>hayto</sup> Margaqa</title>
      <orderedlist>
         <listitem>
            <para>Seehadaytul kay numiinoh dadalay currik yaniy dudda le addat kak yakku duuda ummatta farditte tan.</para>
         </listitem>
         <listitem>
            <para>Kulli num Kay garwah leedaa kee curriyatih ruftoh addat garu yaaxaguh, kay garwaa kee curriyatih caddi abuh madqa hayte caddoodat aaqite waamih xintoh gubat yaniih, toh kaadu gexsit maqaaney ayyuntiinô saay kee daga raqa meqennah dimokraasi le ummattah addal yagdubem gida.</para>
         </listitem>
         <listitem>
            <para>Ta garwa kee curriyyatitté, faxe gurral galli-maroh madmoomi kee radmoomal sadu takkem ma xiqta.</para>
         </listitem>
      </orderedlist>
   </article>
   <article number="30">
      <title>30<sup>hayto</sup> Margaqa</title>
      <para>A kuktak hebeltô margaqa faxe doolat, faxe egla, hinnay faxe num isih elle faxa’nnal betta heeh, tet addat tan garwa kee curriyatitteh diglot asaamih curriyat isih taceem celsiisam ma faxximta.</para>
   </article>
</udhr>
