<?xml version="1.0" encoding="UTF-8"?>

<!--© The Office of the High Commisioner for Human Rights-->

<udhr iso639-3='oss' xml:lang='os' key='oss' n='Osetin' dir='ltr' iso15924='Cyrl' xmlns="http://www.unicode.org/udhr">
   <title>Адӕймаджы Барты Ӕхсӕнад: Адӕймаджы Барты Ӕппӕтиумӕйаг Деклараци.</title>
   <note>
      <para>Ист ӕрцыд ИНО‐йы Генералон Ассамблейы 1948 азы 10 декабры.</para>
   </note>
   <preamble>
      <title>РАЗДЗЫРД.</title>
      <para>Нӕй рохуаты уадзӕн ӕппӕт дзыллӕджын бинонты уӕнгтӕн сӕ намысӕн аргъ скӕнын, стӕй се 'мхуызон ӕмӕ ӕнӕхицӕнгӕнгӕ бартӕ, кӕй сты сӕрибардзинад, рӕстдзинад ӕмӕ ӕппӕтиумӕйаг сабырдзинады бындур; ӕмӕ нӕй рохуаты уадзӕн, ӕнӕрвӕссондзинад ӕмӕ ницӕмӕдард кӕй ӕркодтой варварон акттӕм, кӕцытӕ хъыгдарынц адӕймаджы намыс, ӕмӕ ахӕм дунейы арӕзт, кӕцыйы адӕмӕн уыдзӕн дзырды бар ӕмӕ уыдзысты хицӕн тас ӕмӕ мӕгуырдзинадӕй, хъуыстгонд у куыд адӕмы стыр тырнынад; ӕмӕ нӕй рохуаты уадзӕн, ӕнӕмӕнг хъӕуы, цммӕй адӕймаджы бартӕ хъахъӕд цӕуой закъоны тыхӕй, цӕмӕй адӕймаг йӕхӕдӕг ма 'рхауа ахӕм уавӕрмӕ ӕмӕ ма сыста ӕфхӕрды ныхмӕ, ӕмӕ нӕй рохуаты уадзӕн, хъуамӕ ӕххуысгонд цӕуа адӕмты 'хсӕн хӕлардзинад рӕзынӕн; ӕмӕ хъусдардмӕ исгӕйӕ, Иугонд Нациты адӕмтӕ кӕй бафидар кодтой Уставы сӕ уырнынад адӕймаджы бындурон бартӕм, адӕймаджы намысы аргъадмӕ, сылгоймаг ӕмӕ нӕлгоймаджы ӕмбарадмӕ, ӕмӕ бауынаффӕ кодтой социалон прогресс ӕмӕ царды хуыздӕр кӕнынӕн сӕрибар уӕвгӕйӕ ӕххуыс кӕнын; ӕмӕ нӕй рохуаты уадзӕн, паддзахӕдтӕ‐уӕнгтӕ, кӕй бавӕрдтой ныфс ахъаз кӕнын, Иугонд Нациты Организациимӕ кусгӕйӕ, ӕппӕтиумӕйаг аргъгӕнынад ӕмӕ адӕймаджы бындурон бартӕ фидар кӕнынӕн ӕххуыс кӕнын. Нӕй рохуаты уадзӕн, ацы бартӕн кӕй ис стыр нысаниуӕг ацы хӕс сӕххӕст кӕнынӕн. Генералон Асамблей расидтис ацы деклараци куыд хӕслӕвӕрд, кӕцы хъуамӕ ӕххӕст кӕной ӕппӕт адӕмтӕ ӕмӕ паддзахӕдтӕ, цӕмӕй алы адӕймаг ӕмӕ ӕхсӕнады уӕнг дӕр ӕппындзух рухсад ӕмӕ ахуырадмӕ тырнгӕйӕ, ӕххуыс кӕной ацы бартӕ хъахъӕнынӕн, ӕмӕ сӕ парахат кӕной куыд Организацийы паддзӕхӕдты ӕмӕ адӕмты 'хсӕн, афтӕ уыцы териториты адӕмы 'хсӕн, кӕцытӕ сты сӕ юрисдикцийы.</para>
   </preamble>
   <article number="1">
      <title>УАЦ 1.</title>
      <para>Адӕймӕгтӕ се 'ппӕт дӕр райгуырынц сӕрибарӕй ӕмӕ ӕмхуызонӕй сӕ барты. Уыдон ӕххӕст сты зонд ӕмӕ намысӕй, ӕмӕ кӕрӕдзийӕн хъуамӕ уой ӕфсымӕрты хуызӕн.</para>
   </article>
   <article number="2">
      <title>УАЦ 2</title>
      <para>Алы адӕймагӕн дӕр хъуамӕ уой ӕппӕт бартӕ ӕмӕ сӕрибарадтӕ, ацы Декларацимӕ гӕсгӕ, ӕнӕ исты хицӕндзинӕдтӕй, ома, адӕмыхаттмӕ зондахастытӕ, националон кӕнӕ социалон равзӕрд, мулкон мыггагон кӕнӕ ӕндӕр уавӕры.</para>
      <para>Уымӕй уӕлдай, нӕй хицӕн кӕнӕн политикон, барадон кӕнӕ ӕхсӕнадӕмон бындурыл уыцы паддзахад, кӕцымӕ хауы адӕймаг, цавӕрфӕнды паддзахад дӕр уӕд.</para>
   </article>
   <article number="3">
      <title>УАЦ 3</title>
      <para>Алы адӕймагӕн дӕр ис бар цӕрынӕн, сӕрибар ӕмӕ хи ӕдасдзинадӕн.</para>
   </article>
   <article number="4">
      <title>УАЦ 4.</title>
      <para>Хъуамӕ мачи уа цагъар ӕмӕ уацары; цагъар ӕмӕ цагъайрӕгты уӕйгӕнынадӕн бар нӕй сӕ алы хуызты дӕр.</para>
   </article>
   <article number="5">
      <title>УАЦ 5.</title>
      <para>Хъуамӕ тухӕнӕй макӕй марой, макӕй намыс хъуамӕ уа ӕфхӕрд ӕмӕ хъыгдард.</para>
   </article>
   <article number="6">
      <title>УАЦ 6.</title>
      <para>Алы адӕймагӕн дӕр, кӕм фӕнды уӕд, ис барадон хъахъӕнынад.</para>
   </article>
   <article number="7">
      <title>УАЦ 7.</title>
      <para>Адӕм се `ппӕтдӕр закъоны раз сты ӕмхуызон ӕмӕ сын ис бар, цӕмӕй сӕ закъон хъахъӕна ӕмхуызондӕй. Се `ппӕтӕн ис бар, закъонмӕ гӕсгӕ сӕхи дискриминацийӕ бахъахъӕнынӕн, кӕцы халы ацы Декларацийы ӕгъдӕуттӕ.</para>
   </article>
   <article number="8">
      <title>УАЦ 8.</title>
      <para>Алы адӕймагӕн дӕр ис бар ӕнтысджытӕй йӕ бартӕ бахъахъӕнын тӕрхондоны, уыцы бартӕ йын лӕвӕрд сты закъон ӕмӕ конституцийӕ.</para>
   </article>
   <article number="9">
      <title>УАЦ 9.</title>
      <para>Хъуамӕ мачи уа ӕвӕндонӕй ахст кӕнӕ тард.</para>
   </article>
   <article number="10">
      <title>УАЦ 10.</title>
      <para>Алы адӕймагӕн дӕр йӕ бартӕ ӕмӕ йӕ хӕстӕ, стӕй йӕ аххоссаджы растдзинад сбӕрӕг кӕнынӕн ис бартӕ ӕппӕт ӕмхуызонады бындурыл, цӕмӕй йӕ хъуыддагмӕ каст цӕуа хъуыстгондӕй ӕмӕ ӕппӕт рӕстдзинады домӕнтимӕ ӕнӕдӕлбар ӕмӕ рӕстдзӕвин тӕрхондоны.</para>
   </article>
   <article number="11">
      <title>УАЦ 11.</title>
      <orderedlist>
         <listitem>
            <para>Алы адӕймаг дӕр, исты фыдракӕнды аххосджын, йӕ бартӕм гӕсгӕ гӕу аххосджын, цалынмӕ йӕ аххос закъонмӕ гӕсгӕ тӕрхондоны рабӕрӕг уа, уӕдмӕ; уым дӕр ын лӕвӕрд цӕуы хъахъхъӕнынад.</para>
         </listitem>
         <listitem>
            <para>Хъуамӕ макӕмӕн ӕрцӕуа тӕрхонгонд, фыдракӕндыл нымад цы нӕ цӕуы, уыцы фыдракӕнды тыххӕй, националон закъон кӕнӕ ӕхсӕнадӕмон барадмӕ гӕсгӕ. Хъуамӕ ма уа нысангонд ахӕм ӕфхӕрд, кӕцы уыд нысангонд фыдракӕнды рӕстӕг.</para>
         </listitem>
      </orderedlist>
   </article>
   <article number="12">
      <title>УАЦ 12.</title>
      <para>Мачи хъуамӕ уа хъыгдӕрд йӕхи ӕмӕ йӕ бинонты царды, йӕ корреспонденцийы сусӕгдзинӕдты, стӕй йӕ кады.</para>
   </article>
   <article number="13">
      <title>УАЦ 13.</title>
      <orderedlist>
         <listitem>
            <para>Алы адӕймагӕн дӕр ис бар хибарӕй цӕуынӕн ӕмӕ йӕхицӕн цӕрӕнбынат ӕвзарынӕн кӕцыфӕнды паддзахады дӕр.</para>
         </listitem>
         <listitem>
            <para>Алы адӕймагӕн дӕр ис бар кӕцыфӕнды паддзахадӕй ацӕуынӕн, уыимӕ йӕхи паддзахадӕй дӕр, ӕмӕ фӕстӕмӕ йӕхи паддзахадмӕ сыздӕхынӕн.</para>
         </listitem>
      </orderedlist>
   </article>
   <article number="14">
      <title>УАЦ 14.</title>
      <orderedlist>
         <listitem>
            <para>Алы адӕймагӕн дӕр ис бар йӕхицӕн иннӕ паддзахӕдты ӕмбӕхсӕн бынат агурынӕн ӕмӕ уыцы ӕмбӕхсӕн бынатӕй пайда кӕнынӕн.</para>
         </listitem>
         <listitem>
            <para>Ацы барӕй нӕй пайда кӕнӕн, Иугонд Нациты Организацийы нысантимӕ ӕмӕ уагӕвӕрдимӕ баст цы нӕу, ахӕм фыдракӕнд куы скӕна, уӕд.</para>
         </listitem>
      </orderedlist>
   </article>
   <article number="15">
      <title>УАЦ 15.</title>
      <orderedlist>
         <listitem>
            <para>Алы адӕймагӕн дӕр ис гражданиндзинады бар. Хъуамӕ макӕмӕн уа ист йӕ гражданиндзинад кӕнӕ йӕ гражданиндзинад аивыны бар.</para>
         </listitem>
         <listitem>
            <para>[Missing 15.2]</para>
         </listitem>
      </orderedlist>
   </article>
   <article number="16">
      <title>УАЦ 16.</title>
      <orderedlist>
         <listitem>
            <para>Йӕ кары чи бацыд, уыцы сылгоймӕгтӕ ӕмӕ нӕлгоймӕгтӕн ӕнӕ исты къуылымпыйы, нӕдӕр адӕмыхаттмӕ гӕсгӕ, нӕдӕр динмӕ гӕсгӕ, ис моймӕ цӕуыны ӕмӕ бинонты кӕныны бар. Уыдонӕн ис ӕмхуызон бартӕ куыд бинонты царды, афтӕ, куы рахицӕн уой, уӕд.</para>
         </listitem>
         <listitem>
            <para>Бинонтӕ сты ӕхсӕнады бындурон хай, ӕмӕ сын ис ӕхсӕнад ӕмӕ паддзахады `рдыгӕй хъахъхъӕнынад исыны бар.</para>
         </listitem>
         <listitem>
            <para>[Missing 16.3]</para>
         </listitem>
      </orderedlist>
   </article>
   <article number="17">
      <title>УАЦ 17.</title>
      <orderedlist>
         <listitem>
            <para>Алы адӕймагӕн дӕр ис бар, куыд йӕхӕдӕг, афтӕ иннӕтимӕ дӕр, мулкӕй пайда кӕнынӕн.</para>
         </listitem>
         <listitem>
            <para>Хъуамӕ мачи уа ӕнӕбары йӕ мулкӕй хицӕнгонд.</para>
         </listitem>
      </orderedlist>
   </article>
   <article number="18">
      <title>УАЦ 18.</title>
      <para>Алы адӕймагӕн дӕр ис бар йӕхи хъуыды, намыс ӕмӕ динӕн; ардӕм хауы дин ӕмӕ фӕндтӕ ивыны бар, куыд иунӕгӕй, афтӕ иннӕтимӕ бастӕй динон ӕмӕ ритуалон ӕгъдӕуттӕ ӕххӕстгӕнгӕйӕ.</para>
   </article>
   <article number="19">
      <title>УАЦ 19.</title>
      <para>Алы адӕймагӕн дӕр ис йӕхи разӕнгарддзинады бар ӕмӕ сӕ сӕрибарӕй равдисын дӕр; ацы бармӕ хауы хи разӕнгарддзинадыл хӕцын ӕмӕ хибарӕй агурын, исын ӕмӕ парахат кӕнын информаци ӕмӕ фӕндтӕ цыфӕнды мадзӕлттӕй паддзахадон арӕнтӕй хицӕнӕй.</para>
   </article>
   <article number="20">
      <title>УАЦ 20.</title>
      <orderedlist>
         <listitem>
            <para>Алы адӕймагӕн дӕр ис бар ӕмбырдтӕ ӕмӕ ассоциацитӕ аразынӕн. Хъуамӕ мачи уа тыхӕй исты ассоциацимӕ конд.</para>
         </listitem>
         <listitem>
            <para>[Missing 20.2]</para>
         </listitem>
      </orderedlist>
   </article>
   <article number="21">
      <title>УАЦ 21.</title>
      <orderedlist>
         <listitem>
            <para>Алы адӕймагӕн дӕр ис бар йӕ паддзахады разамынды архайын, хибарӕй кӕнӕ та ӕвзӕрст адӕмы ӕххуысӕй.</para>
         </listitem>
         <listitem>
            <para>Алы адӕймагӕн дӕр ӕмхуызонӕй ис бар паддзахадон куыстмӕ бацӕуын йӕхи паддзахады.</para>
         </listitem>
         <listitem>
            <para>Адӕмы фӕндон хъуамӕ уа хицаудзинады бындур, ацы фӕндон хъуамӕ ӕвдыст цӕуа ӕвзӕрстыты, кӕцытӕ хъуамӕ арӕзт цӕуой ӕмхуызон ӕвзӕрстадон барты бындурыл, сусӕг хъӕлӕс дӕттынӕй кӕнӕ ӕндӕр ӕмнысанон мадзӕлтты ӕххуысӕй, кӕцытӕ дӕттынц сӕрибарӕй хъӕлӕс кӕныны бар.</para>
         </listitem>
      </orderedlist>
   </article>
   <article number="22">
      <title>УАЦ 22.</title>
      <para>Алы адӕймагӕн дӕр, куыд ӕхсӕнады уӕнгӕн, ис бар социалон ӕххуысӕн, стӕй йӕ намысы, хибарӕй рӕзты экономикон ӕмӕ культурон уавӕрты национ, ӕхсӕнадӕмон ӕмӕ алы паддзахады мадзӕлтты ӕххуысы бар.</para>
   </article>
   <article number="23">
      <title>УАЦ 23.</title>
      <orderedlist>
         <listitem>
            <para>Алы адӕймагӕн дӕр ис фӕллой кӕныны бар, хибарӕй куыст равзарынӕн, рӕстдзӕвин ӕмӕ зӕрдӕмӕдзӕугӕ куыстадон уавӕртӕн, стӕй хи ӕгуыстӕй бахъхъӕнынӕн.</para>
         </listitem>
         <listitem>
            <para>Алы адӕймагӕн дӕр ис бар йӕ куыстӕн ӕмбӕлгӕ мызд райсынӕн.</para>
         </listitem>
         <listitem>
            <para>Алы кусӕгӕн дӕр ис бар ӕмбӕлгӕ хӕрзиуӕг райсынӕн, кӕцы фаг кӕна йӕхицӕн дӕр ӕмӕ йӕ бинонтӕн дӕр, ӕмӕ кӕцы ӕххӕстгонд цӕуа хъӕугӕ заманы ӕндӕр социалон мадзӕлттӕй.</para>
         </listitem>
         <listitem>
            <para>[Missing 23.4]</para>
         </listitem>
      </orderedlist>
   </article>
   <article number="24">
      <title>УАЦ 24.</title>
      <para>Алы адӕймагӕн дӕр ис бар улӕфынӕн ӕмӕ йӕ рӕстӕг ӕрвитынӕн, уимӕ кусӕн бон ӕмбӕлгӕ къаддӕр кӕнынӕн ӕмӕ фидгӕ ӕрвылазон улӕфӕн рӕстӕгӕн.</para>
   </article>
   <article number="25">
      <title>УАЦ 25.</title>
      <orderedlist>
         <listitem>
            <para>Алы адӕймагӕн дӕр хъуамӕ уа ахӕм царды уӕлвӕз, уырдӕм хауынц хӕрд, дзаума, цӕрӕнбынат, медицинон ӕххуыс, ӕмбӕлгӕ социалон ӕххуыс, кӕцытӕ хъӕуынц ӕнӕниздзинад хъахъхъӕнынӕн йӕхицӕн ӕмӕ йӕ бинонтӕн, ӕгуысты рӕстӕджы ӕххуысы бар, рынчынӕй, сахъатӕй, идӕдзӕй, зӕрондӕй кӕнӕ ӕндӕр исты хабары, йӕхицӕй ӕнаразгӕ фадӕтты.</para>
         </listitem>
         <listitem>
            <para>[Missing 25.2]</para>
         </listitem>
      </orderedlist>
   </article>
   <article number="26">
      <title>УАЦ 26.</title>
      <orderedlist>
         <listitem>
            <para>Алы адӕймагӕн дӕр ис ахуырады бар. Ахуырад хъуамӕ уа лӕвар, ӕппынкъаддӕр райдайӕн ӕмӕ астӕуыккаг ахуыргӕнӕндӕтты. Ӕнӕмӕнг хъуамӕ уа райдайӕн ахуырад. Техникон ӕмӕ профессионалон ахуырадмӕ хъуамӕ уа иумӕйагӕй ӕнцон бацӕуӕн, уӕллаг ахуырад дӕр хъуамӕ уа ахӕм, ӕцӕг алкӕй зонындзинӕдты бындурыл.</para>
         </listitem>
         <listitem>
            <para>[Missing 26.2]</para>
         </listitem>
         <listitem>
            <para>[Missing 26.3]</para>
         </listitem>
      </orderedlist>
   </article>
   <article number="27">
      <title>УАЦ 27.</title>
      <orderedlist>
         <listitem>
            <para>Алы адӕймагӕн дӕр ис бар ӕхсӕнады культурон царды архайын, аивадӕй зӕрдӕрухс уын, зонадон прогреммы архайын ӕмӕ йӕ фӕстиуджытӕй пайда кӕнын.</para>
         </listitem>
         <listitem>
            <para>Алы адӕймагӕн дӕр йӕ бон у моралон ӕмӕ материалон бартӕ, кӕцытӕ сты йӕ зонадон, литературон кӕнӕ аивадон куысты фӕстиуджытӕ бахъахъӕнын.</para>
         </listitem>
      </orderedlist>
   </article>
   <article number="28">
      <title>УАЦ 28.</title>
      <para>Алы адӕймагӕн дӕр ис бар социалон ӕмӕ ӕхсӕнадӕмон фӕткӕн, кӕцыйы ацы Декларацийы ӕвдыст бартӕ уыдзысты ӕнӕхъӕнӕй ӕххӕстгонд.</para>
   </article>
   <article number="29">
      <title>УАЦ 29.</title>
      <orderedlist>
         <listitem>
            <para>Алы адӕймагӕн дӕр ис хӕстӕ ӕхсӕнады раз, ӕрмӕст кӕцыйы ис йӕ сӕрибар ӕмӕ ӕххӕст царды мадзӕлттӕ.</para>
         </listitem>
         <listitem>
            <para>Йӕ бартӕ ӕххӕстгӕнгӕйӕ алы адӕймаг дӕр хъуамӕ уа йӕ бартӕй хицӕн ӕрмӕст закъонмӕ гӕсгӕ, иннӕ адӕмы бартӕ ӕмӕ домӕнтӕ, ӕхсӕнадон фӕтк ӕмӕ амонд бахъахъхъӕныны тыххӕй демократон ӕхсӕнады.</para>
         </listitem>
         <listitem>
            <para>[Missing 29.3]</para>
         </listitem>
      </orderedlist>
   </article>
   <article number="30">
      <title>УАЦ 30.</title>
      <para>Ацы Декларацийы фыст уацтӕ хъуамӕ ма уой ӕмбӕрст куыд лӕвӕрд бартӕ цавӕрдӕр паддзахадӕн, адӕмы къордӕн кӕнӕ хицӕн адӕймӕгтӕн исты архайд аразын, кӕцы цӕуа ацы Декларацийы ӕвдыст барты ныхмӕ.</para>
   </article>
   <note>
      <para>Ирон текст ныффыста Бутаты Хъазыбег Таймуразы фырт.</para>
   </note>
</udhr>
