<?xml version="1.0" encoding="UTF-8"?>

<!--© The Office of the High Commisioner for Human Rights-->

<udhr iso639-3='fur' xml:lang='fur' key='fur' n='Friulian' dir='ltr' iso15924='Latn' xmlns="http://www.unicode.org/udhr">
   <title>DECLARAZION UNIVERSÂL DAI DERITS DAL OM</title>
   <note>
      <para>Fate buine e proclamade de Samblee gjenerâl des Nazion Unidis ai 10 di Decembar dal 1948. Risoluzion 217 A (III)</para>
   </note>
   <preamble>
      <title>Preambul</title>
      <para>Tignût cont che il ricognossi la dignitât di ducj i membris de gjernazie umane, i lôr derits, compagns e inalienabii, e je la fonde de libertât, de justizie e de pâs tal mont;</para>
      <para>Tignût cont che il dineâ e il spreseâ i derits dal om a an puartât a barbaretâts ch’a ufindin la cussience de umanitât e che al è stât proclamât che il divignì di un mont dulà che i oms a gjoldin la libertât di peraule e di fede e la liberazion de pôre e de miserie e je la plui grande braure dal om;</para>
      <para>Tignût cont che i derits dal om bisugne ch’a sein garantîts des leçs, se si intint di fâ in mût che l’om, come ultin ricors, nol scugni voltâsi cu la fuarce cuintri la tiranìe e la sclavitût;</para>
      <para>Tignût cont che bisugne promovi il svilup di bogns rapuarts tra lis Nazions;</para>
      <para>Tignût cont che tal Statût i popui des Nazions Unidis a an tornât a declarâ la lôr fede tai derits fondamentâi dal om, te dignitât e tal valôr de persone umane, te paritât dai derits dal om e de femine, e ch’a an decidût di promovi il progres sociâl e un miôr sistem di vite tune plui grande libertât;</para>
      <para>Tignût cont che i Stâts membris a an cjapât l’impegn di otignî, in cooperazion cu lis Nazions Unidis, il rispiet e l’osservance universâl dai derits dal om e des libertâts fondamentâls;</para>
      <para>Tignût cont che une convinzion gjenerâl sun chescj derits e sun cheste libertât e je de massime impuartance par une complete realizazion di chescj impegns;</para>
      <para>la Samblee Gjenerâl des Nazions Unidis</para>
      <para>e proclame cheste Declarazion Universâl dai Derits dal Om come ideâl comugnâl ch’a an di rivâ a vêlu ducj i popui e dutis lis Nazions par che ogni individui e ogni strument de societât, tignint cont simpri di cheste Declarazion, a cirin di promovi, cu la instruzion e la educazion, il rispiet di chescj derits e di chestis libertâts e di garantîur, midiant proviodiments progressîfs di stamp nazionâl e internazionâl, il ricognossiment universâl e efetîf e il rispiet tant de bande dai popui dai Stâts membris, che de bande dai popui dai teritoris ch’a son sot de lôr jurisdizion.</para>
   </preamble>
   <article number="1">
      <title>Articul 1</title>
      <para>Ducj i oms a nassin libars e compagns come dignitât e derits. A an sintiment e cussience e bisugne che si tratin un culaltri come fradis.</para>
   </article>
   <article number="2">
      <title>Articul 2</title>
      <para>A ogni individui i spietin ducj i derits e dutis lis libertâts proclamâts in cheste Declarazion, cence nissune distinzion par vie di gjernazie, colôr, mascjo o femine, lenghe, religjon, di impinion politiche o alcaltri, di zoc nazionâl o sociâl, di ricjece, di nassite o altre condizion.</para>
      <para>E no sarà fate nissune distinzion nancje par vie dal Statût politic, juridic o internazionâl dal paîs o de tiare che une persone i parten, tant se chê tiare e je indipendent che s’e je sot ministrazion fiduciarie o no autonime o sot cualchi altri limit di sovranitât.</para>
   </article>
   <article number="3">
      <title>Articul 3</title>
      <para>Ogni individui al à derit a la vite, a la libertât e a la sigurece de sô persone.</para>
   </article>
   <article number="4">
      <title>Articul 4</title>
      <para>Nissune persone e pò jessi tignude in sclavitût o servitût; la sclavitût e il trafic dai sclâfs di cualsisei gjenar a son improibîts.</para>
   </article>
   <article number="5">
      <title>Articul 5</title>
      <para>No si pò torturâ nissun, ni doprâ par nissune persone trataments o punizions barbars, disumans o vergognôs.</para>
   </article>
   <article number="6">
      <title>Articul 6</title>
      <para>Ogni individui al à derit, pardut là che si cjate a sei, che i vegni ricognussude la sô personalitât juridiche.</para>
   </article>
   <article number="7">
      <title>Articul 7</title>
      <para>Denant de leç a son ducj compagns e ducj a an derit, cence nissune parzialitât, a la stesse protezion de leç. A an ducj derit di jessi vuardâts di ogni discriminazion contrarie a cheste Declarazion ch’e je stade fate cuintri cualsisei instigazion a discriminazions di chê sorte.</para>
   </article>
   <article number="8">
      <title>Articul 8</title>
      <para>Ogni individui al à derit a une reâl possibilitât di ricori a tribunâi competents nazionâi cuintri di fats ch’a van cuintri dai derits fondamentâi che la constituzion o la leç i ricognossin.</para>
   </article>
   <article number="9">
      <title>Articul 9</title>
      <para>Nissune persone no pò jessi arestade, tignude in preson o mandade in esili cence juste reson.</para>
   </article>
   <article number="10">
      <title>Articul 10</title>
      <para>Ogni individui al à derit in plene paritât, a une juste e publiche udience denant di un tribunâl indipendent e imparziâl, par decidi dai siei derits e dovês, e ancje par provâ la positivitât di cualsisei acuse penâl che i vegni fate.</para>
   </article>
   <article number="11">
      <title>Articul 11</title>
      <orderedlist>
         <listitem>
            <para>Ogni individui acusât di une malefate al è presumût nocent fintant che la sô colpe no sei stade dimostrade par vie legâl tun public proces dulà che i vein dât ogni garanzie par difindisi.</para>
         </listitem>
         <listitem>
            <para>Nissun individui nol pò vignî condanât par une robe fate o no fate, se, in chel tâl moment, chê robe no jere considerade une malefate secont il derit locâl o internazionâl. Come che no si podarà mai dâ un cjastic plui grant di chel stabilît tal moment de malefate.</para>
         </listitem>
      </orderedlist>
   </article>
   <article number="12">
      <title>Articul 12</title>
      <para>Nissun individui nol pò jessi sogjet a interferencis arbitrariis te sô vite privade, te sô famee, te sô cjase, te sô corispuindince, e nancje jessi ufindût tal so onôr e te sô stime. Ogni individui al à derit di jessi vuardât de leç cuintri interferencis o ufesis di cheste fate.</para>
   </article>
   <article number="13">
      <title>Articul 13</title>
      <orderedlist>
         <listitem>
            <para>Ogni individui al à derit di stâ e di movisi dentri i confins di ogni Stât.</para>
         </listitem>
         <listitem>
            <para>Ogni individui al à derit di lâ vie di cualsisei paîs, ancje dal so, e di tornâ.</para>
         </listitem>
      </orderedlist>
   </article>
   <article number="14">
      <title>Articul 14</title>
      <orderedlist>
         <listitem>
            <para>Ogni individui al à derit, cuintri lis persecuzions, di cirî e cjatâ ricet in altris paîs.</para>
         </listitem>
         <listitem>
            <para>Nol podarà ricori a chest derit un individui s’al è cirût par malefatis no politichis o par fats contraris ai fins e ai principis des Nazions Unidis.</para>
         </listitem>
      </orderedlist>
   </article>
   <article number="15">
      <title>Articul 15</title>
      <orderedlist>
         <listitem>
            <para>Ogni individui al à derit di vê une citadinance.</para>
         </listitem>
         <listitem>
            <para>A nissun individui no si pò cjoli cence une reson la sô citadinance e nancje il derit di cambiâle.</para>
         </listitem>
      </orderedlist>
   </article>
   <article number="16">
      <title>Articul 16</title>
      <orderedlist>
         <listitem>
            <para>Oms e feminis in etât adate a an il derit di sposâsi e di meti sù famee, cence nissune limitazion di gjernazie, citadinance o religjon. A an ducj i stes derits a rivuart dal matrimoni, par tant ch’al dure e cuantche si disfe.</para>
         </listitem>
         <listitem>
            <para>Il matrimoni si pò fâlu dome cul libar e plen consens dai nuviçs deventants.</para>
         </listitem>
         <listitem>
            <para>La famee e je la fonde naturâl e fondamentâl de societât e e à il derit che la difindin la societât e il Stât.</para>
         </listitem>
      </orderedlist>
   </article>
   <article number="17">
      <title>Articul 17</title>
      <orderedlist>
         <listitem>
            <para>Ogni individui al à derit di vê une propietât sô personâl o comugnâl cun altris.</para>
         </listitem>
         <listitem>
            <para>A nissun individui no si pò cjoli la sô propietât cence une reson.</para>
         </listitem>
      </orderedlist>
   </article>
   <article number="18">
      <title>Articul 18</title>
      <para>Ogni individui al à derit a la libertât di pinsîr, cussience e religjon; chest derit al vûl dî ancje libertât di gambiâ religjon o fede, e libertât di pandi dibessôl o cun altris, tant in public che in privât, la sô religjon o la sô fede tal insegnâ, tes pratichis, tal cult e te osservance des ceremoniis.</para>
   </article>
   <article number="19">
      <title>Articul 19</title>
      <para>Ogni individui al à derit a la libertât di impinion e di espression, dutun cul derit di no jessi lambicât par vie de sô idee e il derit di cirî, di vê e di propagandâ informazions e ideis cun ogni mieç e cence limitazions.</para>
   </article>
   <article number="20">
      <title>Articul 20</title>
      <orderedlist>
         <listitem>
            <para>Ogni individui al à derit a la libertât di riunion e di associazion pacjifiche.</para>
         </listitem>
         <listitem>
            <para>No si pò obleâ nissun a fâ part di une associazion.</para>
         </listitem>
      </orderedlist>
   </article>
   <article number="21">
      <title>Articul 21</title>
      <orderedlist>
         <listitem>
            <para>Ogni individui al à derit di partecipâ al guviêr dal so paîs tant di persone che par mieç di rapresentants sielzûts liberementri.</para>
         </listitem>
         <listitem>
            <para>Ogni individui al à derit di pode rivâ, in condizions di paritât, ai puescj di vôre publics dal so paîs.</para>
         </listitem>
         <listitem>
            <para>La volontât popolâr e je la fonde de autoritât dai guviêrs; cheste volontât si à di pandile traviers elezions periodichis e onestis, a sufragjo universâl e compagn, cun vôt segret o tun altri mût ch’al garantissi la libertât di esprimisi.</para>
         </listitem>
      </orderedlist>
   </article>
   <article number="22">
      <title>Articul 22</title>
      <para>Ogni individui, come part de societât, al à derit a la sigurece sociâl, e ancje di realizâ, cul impegn nazionâl e la colaborazion internazionâl e tignint cont de organizazion e des possibilitâts di ogni Stât, i derits economics, sociâi e culturâi indispensabii a la sô dignitât e a la libare cressite de sô personalitât.</para>
   </article>
   <article number="23">
      <title>Articul 23</title>
      <orderedlist>
         <listitem>
            <para>Ogni individui al à derit al lavôr, a la libare sielte dal puest di vôre, a condizions justis e buinis di lavôr e a jessi vuardât cuintri la disocupazion.</para>
         </listitem>
         <listitem>
            <para>Ogni individui, cence parzialitât, al à derit di vê la stesse pae par un lavôr compagn.</para>
         </listitem>
         <listitem>
            <para>Ogni individui ch’al lavore al à derit a une pae juste e buine che i garantissi a lui e a la sô famee une vite secont la dignitât umane e staronzade, s’al covente, cun altris mieçs di protezion sociâl.</para>
         </listitem>
         <listitem>
            <para>Ogni individui al à derit di meti sù sindacâts e di fâur part par difindi i siei interes.</para>
         </listitem>
      </orderedlist>
   </article>
   <article number="24">
      <title>Articul 24</title>
      <para>Ogni individui al à derit di polsâ e di distraisi, intindint cun chest un just limit des oris di lavôr e di feriis periodichis paiadis.</para>
   </article>
   <article number="25">
      <title>Articul 25</title>
      <orderedlist>
         <listitem>
            <para>Ogni individui al à derit a un sistem di vite bon di garantî la salût e il bonstâ so e de sô famee, massime pal nudriment, il vestiari, une cjase, la assistence mediche, e ai servizis sociâi necessaris; al à derit a la sigurece in câs di disocupazion, malatie, invaliditât, veduance, vecjae o in ogni altri câs di piardite dai mieçs di sussistence par robis che no dipendin dal so volê.</para>
         </listitem>
         <listitem>
            <para>La maternitât e la infanzie e an derit a curis speciâls e assistence. Ducj i fruts nassûts tal matrimoni o fûr, a an di gjoldi de stesse protezion sociâl.</para>
         </listitem>
      </orderedlist>
   </article>
   <article number="26">
      <title>Articul 26</title>
      <orderedlist>
         <listitem>
            <para>Ogni individui al à derit a la instruzion. La instruzion e à di jessi a gratis almancul pes classis elementârs e fondamentâls. La instruzion elementâr e à di jessi obligatorie. La instruzion tecniche e professionâl e à di jessi possibil a ducj e cussì la instruzion superiôr e à di jessi possibil a ducj daûr dal merit.</para>
         </listitem>
         <listitem>
            <para>La instruzion e à di jessi indreçade a une plene incressite de personalitât umane e a un simpri plui grant rispiet dai derits dal om e des libertâts fondamentâls. La instruzion e à di fâ cressi la comprension, il bon cûr, la amicizie fra dutis lis Nazions, lis comunitâts etnichis e religjosis, e dâ une man a la vôre des Nazions Unidis par mantignî la pâs.</para>
         </listitem>
         <listitem>
            <para>I gjenitôrs a an prin di ducj derit di sielzi il gjenar de instruzion pai lôr fîs.</para>
         </listitem>
      </orderedlist>
   </article>
   <article number="27">
      <title>Articul 27</title>
      <orderedlist>
         <listitem>
            <para>Ogni individui al à derit di jessi a part de vite culturâl de comunitât, di gjoldi des arts e di dâ di vôre al progres de sience e usufruî dai siei beneficis.</para>
         </listitem>
         <listitem>
            <para>Ogni individui al à derit a la difese dal interes morâl e matereâl ch’a divegnin di une produzion sientifiche, leterarie e artistiche che lui al vedi fate.</para>
         </listitem>
      </orderedlist>
   </article>
   <article number="28">
      <title>Articul 28</title>
      <para>Ogni individui al à derit di cjatâsi a vivi tun sistem sociâl e internazionâl dulà che i derits e lis libertâts proclamadis in cheste Declarazion a sein metûts in pratiche dal dut.</para>
   </article>
   <article number="29">
      <title>Articul 29</title>
      <orderedlist>
         <listitem>
            <para>Ogni individui al à dovês viers la comunitât, là che lui al pò madressi adimplen e cun libertât.</para>
         </listitem>
         <listitem>
            <para>Tal doprâ i siei derits e lis sôs libertâts, ognun al à di tignî cont dome dai limits prescrits de leç par che si ricognossin e che si rispietin pardabon i derits e lis libertâts di chei altris e par contentâ lis esigjencis justis de morâl, dal ordin public e dal benjessi gjenerâl di une societât democratiche.</para>
         </listitem>
         <listitem>
            <para>No si pò doprâ mâl chescj derits e chestis libertâts cuintri i fins e i principis des Nazions Unidis.</para>
         </listitem>
      </orderedlist>
   </article>
   <article number="30">
      <title>Articul 30</title>
      <para>Nissun Stât, grop o persone a puedin cjapâ alc di cheste Declarazion par campâ derits di meti sù trafics o combinâ vôris ch’a cirin di dineâ cualchi derit o libertât ch’e je stade metude in clâr culì.</para>
   </article>
</udhr>
