<?xml version="1.0" encoding="UTF-8"?>

<!--© The Office of the High Commisioner for Human Rights-->

<udhr iso639-3="oaa" xml:lang="oaa" key="oaa" n="Orok" dir='ltr' iso15924="Cyrl" xmlns="http://www.unicode.org/udhr">
  <title>Чипа̄линне̄сал деклара̄сиjачи нари доролбони</title>
  <note>
    <para>Дапарра̄ долдаппула ресолjусиjаӡи 217 А (III) Гениралинэиӈи Ассаммбилеjаӈи Сагӡи бе̄ 10 (ӡон) инэӈидуни 1948 (ге̄да миӈга хуjу таӈгу ӡūндо̄ ӡапку) ананиду</para>
  </note>
  <preamble>
    <para>Мөрөнӡи боддоумари нари нарре̄ эсини болӡитта̄ чипа̄линне̄салду нари нумидуни омоттоммо̄ эввури танандда̄ дорочи тари бūни гэву тэккэ̄ни, тэдэ тэккэ̄ни, эми ва̄лле̄ биввури тэккэ̄ни;</para>
    <para>мөрөнӡи боддоумари тари нари дорро̄ни болӡиттаури балӡӯрини ва̄лихха̄ тари госсӯллини нари ирка̄ни, андупури тамаче̄ биввурре̄, хамаче̄ду гурусэл кэсэлу оличи, биличи эмэри ӈэ̄ллэ̄, эмэри сūнэӡӡе̄ чава долдаппула нари гугдама мөрөниӈэчи;</para>
    <para>мөрөнӡи боддоумари нари дорро̄ни эттэуми товвури ге̄ кусуӡини каирамбуӡӡи, нари ӡобоми па̄улими эбуддо̄ни ва̄лимачче̄ болӡиӡе̄салтаи;</para>
    <para>мөрөнӡи боддоумари тари бэлэчими оввури гурусал андаилӈачи бибуддо̄чи;</para>
    <para>мөрөнӡи боддоумари тари Обедиԩо̄ннэjа На̄сиjа гурулни нурихачи Уста̄виду мэ̄нэ акта̄ривари нари да̄jи доромбони, нари маӈга̄ни са̄мари чоми тоичи бэлэчибуддо̄ри сосиа̄линэи прогре̄сситэи бикко̄чи улиӈгаулиӈга опо̄ми да̄jи гэвуӡи бимэри;</para>
    <para>мөрөнӡи боддоумари тари гои бо̄сал чле̄нучи токтоумачихачи бэлэчибуддо̄ри Органиса̄сиjандо̄ Обедиԩо̄ннэи На̄сиjандо гэсэ уилэмэри нари дорро̄ни гэбубуддо̄ри, нари дорро̄ннū, нари да̄jима гэвво̄ннū итэчимэри орро̄;</para>
    <para>мөрөнӡи боддоумари тари чипа̄линне̄сал са̄ривачи доро мөрөмбөннū, гэву мөрөмбөннū тари акта̄ввурре̄ ӡиӈ улиӈга хоӡидала̄ андуми.</para>
    <para>Генера̄лина Ассамбле̄jа</para>
    <para>долданӡини эсипчи Чипалинне̄сал Деклара̄сиjачи нари доролбони сада̄чаӈуӡӡи дапагаччи чава андуми муттэитэми чипалинне̄ гурусэл, бо̄сол чоми ге̄дадда̄ нари, ге̄дадда̄ хӯпа о̄ргануни гэгдэкэ актамари эсипчи Декларассиjjа̄, каксило̄л аллаупури да̄руни, таттуччури да̄руни тари доролб , тари гэвулбэ гэбубуддо̄чи бэлэччилол. Чопе̄ насионалинэjjū местународнэjjū прогрессивнэjjū мероприjатиjэл да̄ручи андуитами пэрге̄лол чипа̄линне̄па улиӈгаӡи са̄вво̄мбо̄нда, хоӡидала̄ андупо̄нда ча сада̄чалба бо̄ гуруни до̄дуннū, хӯпа членуни до̄дуннū, на̄ гуруни до̄дуннū хамаче̄ jурисдūксиjэду но̄ни бūни.</para>
  </preamble>
  <article number="1">
    <title>Статиjа 1</title>
    <para>Чипа̄ли гурунне̄ балӡичи гэвумэ, омотто мэ̄нэ мөрөнӡи, мэ̄нэ доронӡи. Но̄чи идэлу, иркалу, мэ̄нэ мэ̄нӡи на̄дактаӈачи бūчи.</para>
  </article>
  <article number="2">
    <title>Статиjа 2</title>
    <para>Хамаче̄дда̄ чипа̄ли нари на̄дассичи чипа̄ли доролбо, чипа̄ли гэвулбэ эсипчи деклара̄сиjаду долдаппулалба хаивадда̄ хо̄нидда̄ эпулэ кадачче̄: гои халадда̄ биӡини, хэрэктэни силланидда гои биӡини, хусэнне̄ддэ̄-эктэнне̄ддобиӡини, кэсэниддэ̄ гои биӡини, религиjанидда̄ гои биӡини, политическиддэ̄ гоиддэ тэдэни, гурумадда̄ сосиалинэиддэ̄ тэккэни биӡини, абдулусалдда̄, баjанӡисалдда̄ сūнэӡӡисэлддэ биӡини.</para>
    <para>Тамаччу эввури то̄ хамаче̄дда̄ чипали кадакко̄ политическэиддэ̄ доромо̄моддо̄ гуру-гурумама тэккэлло̄ бо̄ статуссе̄ни, на̄ статуссе̄ни, хамаче̄ду нари бūни, биӡини тари на̄ сиса̄ бū, ӈуидэ̄ киханӡи бū, мэ̄нэ эси ӡаӈге̄рра̄ бū камаличипула суверинитетулуддэ бū.</para>
  </article>
  <article number="3">
    <title>Статиjа 3</title>
    <para>Хамаче̄дда̄ чипа̄ли нари на̄дассичи чипа̄ли дорони бūни бивввуритэи, гэвутэи, мэнэ-мэнӡи сиса̄ биввуритэи.</para>
  </article>
  <article number="4">
    <title>Статиjа 4</title>
    <para>Ӈуиддэ̄ элини бе̄ болӡитаду, болӡиттаури доронду; болӡитадда̄, болумба худасурре̄дда̄ хэрэссури хамаче̄дда̄ хо̄нидда биӡини.</para>
  </article>
  <article number="5">
    <title>Статиjа 5</title>
    <para>Ӈуиддэ̄ ӈуивэддэ эӡили па̄чче̄, ӡиӈ катуӡи, нариӡи хаӈасаи эӡили булмэчче̄ но̄ни мөрөмбөни сэӈгэрэммū кэсулэммū.</para>
  </article>
  <article number="6">
    <title>Статиjа 6</title>
    <para>Хамаче̄дда̄ чипа̄ли нари, хаидудда̄ бими дорони бūни но̄ни правосубекносе̄ни са̄буддо̄чи.</para>
  </article>
  <article number="7">
    <title>Статиjа 7</title>
    <para>Чипа̄ли гурусал ге̄ду омотто доролчи бини ӈуиддэ̄ биӡини омотто ге̄ аксаччуритаини. Чипа̄ли гурусал дорочи бūни омотто аксаччуритаи хамаче̄дда чипа̄ли болӡитаду, болӡитта̄ имо̄ччуриду эсипчи деклара̄сиjjа̄ камаличчитаи.</para>
  </article>
  <article number="8">
    <title>Статиjа 8</title>
    <para>Хамаче̄дда̄ чипа̄ли нари дорони бūни но̄ни да̄jи доролбони конститусиjjа̄. Ге̄ккэ бухэмбэни камаличихандучи компете̄нтнэи гурума судусэлбэ улиӈгамаӈуӡи андутто̄мбуми.</para>
  </article>
  <article number="9">
    <title>Статиjа 9</title>
    <para>Ӈуивэддэ эӡилил баи аристоваира, эӡилил даппа̄, эӡилил хасаси.</para>
  </article>
  <article number="10">
    <title>Статиjа 10</title>
    <para>Хамаче̄дда̄ чипа̄ли нари но̄ни дорро̄нни но̄ни уилэкко̄нни са̄буддо̄чи, но̄ни уголовнэи баитани тэддэ̄ни но̄ттоини уччимбэчи са̄буддо̄чи, дорони бūни омотто биввури тэккэндуни но̄ни баитта̄ни кэсэӡи е̄робуддо̄чи мэ̄нэ сиса̄ бū беспристраснэи сӯдуду нэ̄ ӡе̄рударра̄ тэддэ̄ гэлэми.</para>
  </article>
  <article number="11">
    <title>Статиjа 11</title>
    <orderedlist>
      <listitem>
        <para>Хамаче̄дда̄ чипа̄ли нари, ӈуивэ баиталле̄чи, дорони бūни мэ̄пи баитала ана̄ опо̄ми суду баитта̄ни ба̄вво̄талла̄ни ге̄мӡӡи кэсэӡӡū баиттани е̄роми, тэ̄лиддэ но̄тоини буми хаивадда̄ чипали аксаччуриду.</para>
      </listitem>
      <listitem>
        <para>Ӈуивэддэ эӡилил сӯӡūрэ тари баитта̄ ба̄рини эрунду тари баита гурума ге̄ддӯ гуру-гурума дороддӯ баиталлаури эччини бе̄. Худэулиӡи эввури кэсуллэ ча баита̄, хамаче̄мба бӯрилэхэчи ча эрунду, ха̄ли баита ба̄пула биччи.</para>
      </listitem>
    </orderedlist>
  </article>
  <article number="12">
    <title>Статиjа 12</title>
    <para>Ӈуиддэ̄ эллини мэттэкки баи ūвво̄нда мэниӈӈū нумиббū бūккутэини, баи сулӯдами ūпэчими но̄ни дукутаиннū, кореспонуденсиjэни сипкутаинни, иркатаиннū, репутасиjатаинни. Ӈуиддэ̄ чипали дорони бūни ге̄ аксачиккутаини мэ̄ттэкки сулӯдамари ипэчче̄гичи.</para>
  </article>
  <article number="13">
    <title>Статиjа 13</title>
    <orderedlist>
      <listitem>
        <para>Хамаче̄дда̄ чипа̄ли нари дорони бūни бо̄ва боки гипали пулими биккуӡӡи силмами.</para>
      </listitem>
      <listitem>
        <para>Хамаче̄дда̄ чипа̄ли нари дорони бūни хамаче̄мбадда̄ мэ̄ниӈӈиддэ̄ бо̄во вэдэми ӈэнуми чо̄ччи гочи исумидда мэ̄нэ бо̄такки.</para>
      </listitem>
    </orderedlist>
  </article>
  <article number="14">
    <title>Статиjа 14</title>
    <orderedlist>
      <listitem>
        <para>Хамаче̄дда̄ чипа̄ли нари дорони бūни но̄мбони хасасидучибūкко̄ гэлэбуӡӡи гои бо̄ду, чаду сиригаччи бими.</para>
      </listitem>
      <listitem>
        <para>Тари доро хэчче̄ни политикама баитолло̄ хасасидучи, гои баитаду се̄лилддӯ принсипилду Организа̄сиjаӈи Обидиɲоннэи Насjаӈи мэккуссидуни эсини хэттэ̄.</para>
      </listitem>
    </orderedlist>
  </article>
  <article number="15">
    <title>Статиjа 15</title>
    <orderedlist>
      <listitem>
        <para>Хамаче̄дда̄ чипа̄ли нари доро̄ни бūни грасидануства̄ дапами.</para>
      </listitem>
      <listitem>
        <para>Ӈуивэддэ̄ баи эввури атто̄ грасидануство̄ни, ӈуиддэ̄ мэ̄нэддэ̄ эсини калла̄ грасиданустваби.</para>
      </listitem>
    </orderedlist>
  </article>
  <article number="16">
    <title>Статиjа 16</title>
    <orderedlist>
      <listitem>
        <para>Хусэнне̄ эктэнне̄, хуруми хоӡихасал, дорочи бūни ра̄ссачи да̄ррунни, насионалинусичи да̄рунни, релūгиjачи дарунни эввуми кадачче̄ мūрэнӡидучи, нумиӡӡи андусидучи. Но̄чи омоттомо дорочи бūни мūрэнӡидучи, мūрэм бūдучи, мūрэнду пуjjедучи.</para>
      </listitem>
      <listitem>
        <para>Дӯтӈосо гэсэ гэвумӡи токтоумачими хоӡӯтачче̄ мūронӡивэчи саклjучаиричи.</para>
      </listitem>
      <listitem>
        <para>Нуми тари хупа да̄jини хупа чоми дорони бūни чоми хупаддӯ государствуддӯ аксачикк актами.</para>
      </listitem>
    </orderedlist>
  </article>
  <article number="17">
    <title>Статиjа 17</title>
    <orderedlist>
      <listitem>
        <para>Хамаче̄дда̄ чипа̄ли нари дорони бūни умукэддэ̄ гоине̄салду гэсэддэ̄ абдуӡи таккурами.</para>
      </listitem>
      <listitem>
        <para>Ӈуидуддэ абдумбани баи нуиддэ̄ эллини тананда.</para>
      </listitem>
    </orderedlist>
  </article>
  <article number="18">
    <title>Статиjа 18</title>
    <para>Хамаче̄дда̄ чипа̄ли нари дорони бūни мөррө̄, ирккэ̄, религиjjэ̄ гэвво̄ни; тари доро дапучче̄ни релūгиjаббū долдаккуббū каллаурре̄, мэ̄нэ релūгиjабби, долдаккуббū умӯкэддэ̄ по̄нне̄салдуддэ̄ гэсэ долдамбуӡӡи нари до̄дуннū умӯкэддо тачими, эндурре̄ддэ̄ долӡими религиосинэjjū ритуалинэjjū обрjа̄ддо̄ни андуми.</para>
  </article>
  <article number="19">
    <title>Статиjа 19</title>
    <para>Хамаче̄дда̄ чипа̄ли нари дорони бūни долдакку гэвво̄ни гэвумӡи чава долдамбуӡӡи; мэ̄нэ долдаккуби гэввоннū эми камаличче̄ дапутабуӡӡи, гэвво̄ гэлэктэмми, алдо̄ идеjjа̄ хо̄нидда томи государуственнаи гранисса эми киханда гаммū бӯчиммū – тари доро даппучче̄ни.</para>
  </article>
  <article number="20">
    <title>Статиjа 20</title>
    <orderedlist>
      <listitem>
        <para>Хамаче̄дда̄ чипа̄ли нари дорони бūни бэрэми чауха гэвво̄ннū хӯпа гэвво̄ннū.</para>
      </listitem>
      <listitem>
        <para>Ӈуивэддэ̄ нэ̄ эввури ūвво̄ндэ хамаче̄таидда хӯпатаи.</para>
      </listitem>
    </orderedlist>
  </article>
  <article number="21">
    <title>Статиjа 21</title>
    <orderedlist>
      <listitem>
        <para>Хамаче̄дда̄ чипа̄ли нари дорони бūни мэ̄нэ бо̄ӈуӡӡи мэ̄нэддэ силмапула нарисалӡидда ӡаӈге̄рами.</para>
      </listitem>
      <listitem>
        <para>Хамаче̄дда̄ чипа̄ли нари дорони бūни мэ̄нэ бо̄ӡӡи омотто ūввури дорони бо̄би уилэккутэини.</para>
      </listitem>
      <listitem>
        <para>Гуру во̄лjани правителиство кусуни бūллини; тари во̄лjа мэ̄пи са̄вво̄ллини ӡиллэлул ана̄ силмал-силмалду, хамачесалба андуличи гэрэммэ̄ омоттоммо̄ силмаури дороду сипкучими силмамми гоилӡи омоттомол пормалӡи бэлэчимми силма гэвво̄ни андуми.</para>
      </listitem>
    </orderedlist>
  </article>
  <article number="22">
    <title>Статиjа 22</title>
    <para>Хамаче̄дда̄ чипа̄ли нари, хупанне̄, дорони бūни гэлэми сосиалинэи бэлэччурре̄ддэ̄, андупурре̄ддэ̄ на̄дамба мэ̄нэ дороббū дапутабуӡӡи, мэ̄нэ маӈгабби гэвумэ балӡибуддо̄ни экономическиду, сосиалинэиду кулитурнэиду областиду гурума кусуӡӡи гуру-гурума гэсэ уилэӡӡи бэлэчимэри бо̄-бо̄ структурэ̄ннū, ресурсэ̄нни хэттэ̄ини.</para>
  </article>
  <article number="23">
    <title>Статиjа 23</title>
    <orderedlist>
      <listitem>
        <para>Хамаче̄дда̄ чипа̄ли нари дорони бūни уилэккуду, гэвумэ уилэкко̄ силмабуӡӡū, эмэри камаличче̄ улиӈгаӡи уилэури уилэккуду уилэбуӡӡū, уилэкку ана̄дуни аксачибуддо̄чи.</para>
      </listitem>
      <listitem>
        <para>Хамаче̄дда̄ чипа̄ли нари, мэ̄пи эми сэӈгэррэундэ, дорони бūни омоттомо уилэпулэ уилэду омоттомо тамма̄ тамабуддо̄чи.</para>
      </listitem>
      <listitem>
        <para>Хамаче̄дда̄ чипа̄ли уилле̄ нари дорони бūни эввуми камаличче̄ улиӈгамако̄ тамма̄ тамабуддо̄чи, ои бигини хамаче̄дда̄ гои сосиалинэи бэлэччурре̄ бубуддо̄чи мэ̄ппū мэ̄нэ нумиббū улиӈгаӡи кихамбуддо̄ни.</para>
      </listitem>
      <listitem>
        <para>Хамаче̄дда̄ чипа̄ли нари дорони бūни пропе̄си хӯпамбани андуми, пропеси хӯпатаини ūррэ̄ мэ̄нэ дороби аксачибуӡӡи.</para>
      </listitem>
    </orderedlist>
  </article>
  <article number="24">
    <title>Статиjа 24</title>
    <para>Хамаче̄дда̄ чипа̄ли нари дорони бūни дэрукпуритэjjū, хуппуритэjjū, уидо̄киӡи дуралипула уилэури инэӈитэjjū, анани-анани таммаури отпускатаjjū.</para>
  </article>
  <article number="25">
    <title>Статиjа 25</title>
    <orderedlist>
      <listitem>
        <para>Хамаче̄дда̄ чипа̄ли нари дорони бūни эргими биввурре̄; тари дэппи, багдухи, дуку, окчичими е̄ропури, на̄дассури сосиалинэи бэлэччури-тари чипа̄ли на̄да мэ̄нэ эргэббū, мэ̄нэ нумиби эргэмбэннū окчичибуӡӡи, эргими бибуӡӡи, мэ̄ппū, мэ̄нэ нумиббū бэлэчибуӡӡи уилэлу ана̄ опе̄, сагдаппе̄, хаимидда̄ эргимбэ вэ̄дэпе̄ мэ̄нэ баитала ана̄ӡи.</para>
      </listitem>
      <listitem>
        <para>Эни оччисал jатауна бūсэл дорочи бūни даjиӡи кихами бэлэчибуддо̄чи. Чипа̄л пурил мūрэм балӡихалдда̄, мūрэм эччил балӡе̄дда̄ чипа̄линне̄таи омоттомо сосиалинэи бэлэччурре̄ тамме̄чи.</para>
      </listitem>
    </orderedlist>
  </article>
  <article number="26">
    <title>Статиjа 26</title>
    <orderedlist>
      <listitem>
        <para>Хамаче̄дда̄ чипа̄ли нари таччӯриду дорони бūни. Тэнэ̄ тачикку тамала ана̄, нэ̄ тачими хоӡӡӯттаури. Чипа̄л тачикку тамала ана, нэ тачими хоӡӡӯттаури. Техническаjjū, пропессионалинэjjū, гугдамаjjū таччури чипа̄линне̄па ūввонӡини, ӈуи уидо̄ки бūни.</para>
      </listitem>
      <listitem>
        <para>Таччури нари мөррө̄ннө, нари дөррө̄ннū, нари иддэ̄ннū маӈга опо̄нӡини, гэббо̄ннū нари доротоини, нари даjи гэвутэини даjи опонӡини. Таччури мэ̄нэ мэ̄пэри са̄маччурре̄, маӈиттаурре̄ бэлэччини, ӡе̄лачимари биввурре̄ гуру-гуру таундуни, ра̄самма̄ религио̄синамма̄ хӯпа-хӯпа таундуни бэлэччини Органисасиjа Обедиԩонэи На̄сиjа уилэкко̄ни эмэри валле̄ биввурре̄ дапучче̄вани бэлэччини.</para>
      </listitem>
      <listitem>
        <para>Амиjjа̄ – эниjjэ̄ дорочи бūни дуллӯӡи силмами тачикко̄, хоттои пурилбэри ūвуличи тачибуддо̄чи.</para>
      </listitem>
    </orderedlist>
  </article>
  <article number="27">
    <title>Статиjа 27</title>
    <orderedlist>
      <listitem>
        <para>Хамаче̄дда̄ чипа̄ли нари дорони бūни гэвум каксибуӡӡи кулитурнэитэи хӯпа биввуритэини, сэбдэними пакчиӡи андупулаӡи, каксими наука прогресситэини, улиӈгамаӡини таккурами.</para>
      </listitem>
      <listitem>
        <para>Хамаче̄дда̄ чипа̄ли нари дорони бūни но̄ни мөрөммө абдумма̄ интере̄ссе̄ни аксачибуддо̄чи, тари андупула (топула) бūгини но̄ни научинэи литературинэи худосественнэи уилэни тари авторини но̄ни бигини.</para>
      </listitem>
    </orderedlist>
  </article>
  <article number="28">
    <title>Статиjа 28</title>
    <para>Хамаче̄дда̄ чипа̄ли нари дорони бūни сосиа̄линэиддӯ, гуру-гуру тауни эпсиӡидду, jэ Декларасиjаду нурипула доролбо гэвулбэ чипа̄ли андусилил.</para>
  </article>
  <article number="29">
    <title>Статиjа 29</title>
    <orderedlist>
      <listitem>
        <para>Хамаче̄дда̄ чипа̄ли нари дорони бūни хӯпаду, хамаче̄ду чадӯмали гэвумӡӡū даjиӡӡū но̄ни маӈгани балӡини.</para>
      </listitem>
      <listitem>
        <para>Таккураини мэ̄нэ доролӡӡū, мэ̄нэ гэвулӡи хамаче̄мбадда̄ чипа̄ли нарре̄ камаличчичи сако̄ну кусудуни ӡэӈкūр са̄буддо̄ннū гэбубуддо̄нни гоинне̄ доролбоччū гэбулбэччū, тэдэмэ мөррө̄, хупама эбсиӡӡū, чипа̄линне̄сал эргикко̄ччи гэллэ̄лбэни каксими тобуддо̄ни.</para>
      </listitem>
      <listitem>
        <para>Эрил доролӡӡū гэвулӡӡū таккурами хо̄нидда эввури камаличче̄ се̄лилбэ принсипилбэ Органисасиjани Обедиԩо̄нэхи Насиjаӈи.</para>
      </listitem>
    </orderedlist>
  </article>
  <article number="30">
    <title>Статиjа 30</title>
    <para>Хаидда̄ эсипчи Декларасиjаду хаӈасаилакка эсини мөрөчө̄ндэ тамачикка хаива буввуре̄ государствутаи, нари хӯпатаини, ге̄да-ге̄да наритаи дорро̄ хамаче̄дда̄ уилэкко̄ товвурре̄, андуми товвурре̄ хамаче̄ атуччини доролбо, гавулбэ, декларасиjаду нурипулалба.</para>
  </article>
</udhr>
