<?xml version="1.0" encoding="UTF-8"?>

<!--© The Office of the High Commisioner for Human Rights-->

<udhr iso639-3='uig' xml:lang='ug-Arab' key='uig_arab' n='Uyghur (Arabic)' dir='rtl' iso15924='Arab' xmlns="http://www.unicode.org/udhr">
   <title>دۇنيا كىشىلىك ھوقۇقى خىتابنامىسى</title>
   <preamble>
      <title>سۆز بېشى</title>
      <para>ئىنسانلار ئائىلىسىنىڭ بارلىق ئەزالىرنىڭ ئۆزىگە خاس ئىززەت-ھۆرمىتىنى شۇنىڭدەك ئۇلارنىڭ باراۋەر ۋە تەۋرەنمەس ھوقۇقىنى ئەتراپ قىلىشنىڭ دۇنياۋى ئەركىنلىك، ھەققانىيەت ۋە تىنچلىقنىڭ ئاساسى ئىكەنلىكى،</para>
      <para>كىشىلىك ھوقۇقىغا ئېتىبارسىز قاراش ۋە ھاقارەت كەلتۈرۈش ئەۋج ئېلىپ كىشىلەرنىڭ ۋىجدانىنى بولغايدىغان ياۋۇز زوراۋانلىققا ئايلانغانلىقى، ھەممە ئادەم سۆز ئەركىنلىكى ۋە ئېتىقاد ئەركىنلىكىدىن بەھرىمەن بولىدىغان ھەمدە ۋەھىمە ۋە نامراتلىقتىن خالىي بولىدىغان دۇنيانىڭ يېتىپ كېلىشى ئاددىي خەلقنىڭ ئالىي ئارزۇسى دەپ ئېلان قىلىنغانلىقى،</para>
      <para>ئىنسانلانىڭ ئىلاجىسىزلىقتىن زوراۋانلىق ۋە زۇلۇم ئۈستىدە ئىسيان كۆتۈرىمىز دەپ تەۋەككۇلىگە ھەرىكەت قىلىپ يۇرمەسلىكى ئۈچۈن، كىشىلىك ھوقۇقىنى قانۇن ئارقىلىق ئىدارە قىلىش يولى بىلەن قوغداش زۆرۈر بولغانلىقى،</para>
      <para>دۆلەتلەر ئارا دوستلۇق مۈناسىۋىتىنىڭ تەرەققىياتىنى ئالغا سۈرۇش زۆرۈرلۇكى،</para>
      <para>بىرلەشكەن دۆلەتلەر تەشكىلارتىغا ئەزا دۆلەتلەر خەلقىنىڭ بىرلەشكەن دۆلەتلەر خارتىيىسىدە ئۆزلىنىڭ ئاساسي كىشىلىك ھوقۇقى، ئىسانىي ئىززەت-ھۆرمىتى ۋە قەدىر-قىممىتى شۇنىڭدەك ئەر-ئاياللارنىڭ باراۋەرلىك ھوقۇقى توغرىسىدىكى ئەرقىدىسىنى قايتا تەكىلتىگەنلىكى ھەمدە بىر قەدەر چوڭ ئەركىنلىك ئاساسىدا جەمئىيەتنىڭ يۇكسىلىشى ۋە تۇرمۇش دەرىجىسىنىڭ ياخسىلىنىشىنى ئالغا سۈرۈشكە بەل باغلىغانلىقى.</para>
      <para>ئەزا دۆلەتلەرنىڭ بىرلەشكەن دۆلەتلەر تەشكىلاتى بىلەن ھەمكارلىشىپ، كىشىلىك ھوقۇقى ۋە ئاساسىي ئەركىنلىكنىڭ ئومۇميۇزلۇك ھۆرمەتلىنىشى ۋە ئەمەلگە قويۇلۇشىنى ئالغا سۈرۈش يولىدا قەتئىي ئىرادىگە كەلگەنلىكى،</para>
      <para>ئاشۇ ھوقۇق ۋە ئەركىنلىكنى ئومۇميۇزلۇك چۇشىنىشنىڭ شۇ قەتئىي ئىرادىنىڭ تولۇق ئەمەلگە ئاشۇرۇلۇشىغا مۇھىم تەسىر كۆرسىتىدىغانلىقى،</para>
      <para>كۆزدە تۇتۇلغاچقا، ھازىر</para>
      <para>يىغىن،</para>
      <para>بارلىق خەلق ۋە بارلىق دۆلەت تىرىشىپ ئەمەلگە ئاشۇرىدىغان ئورتاق ئۆلچەم سۈپىتىدە مۇشۇ دۇنيا كىشىلىك ھوقۇقى خىتابنامىسىنى ئېلان قىلىدۇ. ھەر بىر ئادەم ۋە ئىجتىمائىي ئاپپاراتنىڭ مۇشۇ خىتابنامىنى ھەر دائىم ئەستە چىڭ ساقلاپ، تەلىم ۋە تەربىيە ئارقىلىق ھوقۇق ۋە ئەركىنلىكنىڭ ھۆرمەتلىنىشنى تىرىشىپ الغا سۈرۈشى ھەمدە دۆلەتلەرنىڭ ۋە خەلقئارانىڭ تەدرىجىي ئىلگىرىلەش تەدبىرلىرى ئارقىلىق ئاشۇ ھوقۇق ۋە ئەركىنلىكنىڭ ئەزا دۆلەتلەرنىڭ ئۆزىدىكى خەلق ئارىسىدا شۇنىڭدەك شۇ دۆلەتلەرنىڭ باشقۇرۇش تەۋەلىكىدىكى زېمىنىدا ياشايدىغان خەلق ئارىسىدا ئومۇميۈزلۈك ۋە ئۇنۇملۇك ئەتىراپ قىلىنىشى ۋە ئەمەلگە قويۇلۇشىنى ئۇمىد قىلىدۇ:</para>
    </preamble>
   <article number="1">
      <title>1 ماددا </title>
      <para>ھەممە ئادەم زانىدىنلا ئەركىن، ئىززەت-ھۆرمەت ۋە ھوقۇقتا باپباراۋەر بولۇپ تۇغۇلغان. ئۇلار ئەقىلغە ۋە ۋىجدانغا ئىگە ھەمدە بىر-بىرىگە قېرىنداشلىق مۇناسىۋىتىگە خاس روھ بىلەن موئامىلە قىلىشى كېرەك.</para>
   </article>
   <article number="2">
      <title>2 ماددا</title>
      <para>ھەممە ئادەم  مۇشۇ خىتابنامىدە قەيت قىلىنغان بارلىق ھوقۇق ۋە ئەركىنلىكتىن بەھرىمەن بولۇش سالاھىيىتىگە ئىگە. ئۇلار ئىرقى، رەڭگى، جىنسى، تىلى، دىنى، سىياسىي قارىشى ياكى باشقا قارىشى، دۆلەت تەۋەلىكى ياكى ئىجتىمائىي كېلىپ چىقىشى، مۈلكى، تۇغۇلۇشى ياكى باشقا سالاھىيىتى جەھەتتىن قىلچە پەرقلەنمەيدۇ.</para>
   <para>ئۇنىڭ ئۇستىگە ھەممە ئادەم ئوزى تەۋە دۆلەت ياكى زېمىننىڭ سياسىي، مەمۇرىي لاكى خەلقئارا ئورنىنىڭ ئوخشاش بولماسلىقى بىلەن پەرقلەنمەيدۇ. بۇ زېمىننىڭ مۇستەقىل زېمىن، ۋاكالىتەن باشقۇرۇلۇۋاتقان زېمىن، ئاپتونومىيىسىز زېمىن ياكى باشقا ھەرقانداق ىگىلىك ھوقۇقىغا چەك قويۇلغان ھالەتتىكى زېمىن بولۇشىدىن قەتئىينەزەر.</para>
   </article>
   <article number="3">
      <title>3 ماددا </title>
      <para>ھەممە ئادەم ھاياتلىقتىن، ئەركىنلىكتىن ۋە جىسمانىي بىخەتەرلىكتىن بەھرىمەن بولۇشقا ھوقۇقلۇق.</para>
   </article>
   <article number="4">
      <title>4 ماددا</title>
      <para>ھەرقانداق ئادەمنى قۇل قىلىشقا ياكى قۇل قاتارىدا ئىشلىتىشكە بولمايدۇ. ھەرقاندقاق شەكىلدىكى قۇللۇق توزۇمنىمۇ، قۇللارنى ئېلىپ-سېتىشنىمۇ مەنئى قىلىش كېرەك. </para>
   </article>
   <article number="5">
      <title>5 ماددا</title>
      <para>ھەرقانداق ئادامنى رەھىمسىزلىك بىلەن قىيناشقا ياكى ۋەھشىي، ئىنسانىيەتسىز ياكى جاقارەت خاراكتېرلىك مۇئامىلىگە ياكى جازاغا دۇچار قىلىشقا بولمايدۇ.</para>
   </article>
   <article number="6">
      <title>6 ماددا</title>
      <para>ھەممە ئادەم ھەرقانداق جايدا قانۇن ئالدىدىكى كىشىلىك ئىززىتىنى ئېتىراپ قىلدۇرۇشقا ھوقۇقلۇق.</para>
   </article>
   <article number="7">
      <title>7 ماددا</title>
      <para>ھەممە ئادەم قانۇن ئالدىدا بابباراۋەر ھەمدە قىلچە كەمسىتىلمەي، قانۇننىڭ باراۋەر قوغدىشىدىن بەھرىمەن بولۇشقا ھوقۇقلۇق. ھەممە ئادەم مۇشۇ خىتابنامىگە خىلاپ ھەرقانداق كەمسىتىشتىن ۋە مۇشۇنداق كەمسىتىشكە تۇرتكە بولىدىغان قىلمىشنىڭ زىيانكەشلىكدىن ساقلىنىش ۈچۈن، باراۋەر قوغداشتىن بەھرىمەن بولۇشقا ھوقۇقلۇق.</para>
   </article>
   <article number="8">
      <title>8 ماددا</title>
      <para>ھەرقانداق ئادەم ئوزىنىڭ ئاساسىي قانۇن ياكى قانۇنلار بەخش ئەتكەن اساسىي ھوقۇقى زىيانكەشلىككە ئۇچرىغاندا، لاياقەتلىك دۆلەت سوتى ئارقىلىق بۇنداق زىيانكەشلىك ھەرىكىتىدىن ئۇنۇملۇك قۇتۇلۇپ قېلىشقا ھوقۇقلۇق.</para>
   </article>
   <article number="9">
      <title>9 ماددا</title>
      <para>ھەرقانداق ئادەمنى ھەرقانداق شەكىلدە قولغا ئېلىشقا، نەزەر بەنت قىلىشقا ياكى سۈرگۈن قىلىشقا بولمايدۇ.</para>
   </article>
   <article number="10">
      <title>10 ماددا</title>
      <para>ھەممە ئادەم مۇستەقىل ھەم خالىس سوتنىڭ ئادىل ۋە ئوچۇق سوراق قىلىشى بىلەن ئۆزىنىڭ ھوقۇقى ۋە مەجبۇرىيىتىنى مۇئەييەنلەشتۇرۇشكە ھەمدە ئۆزىگە قويۇلغان ھەرقانداق جىنايى ئەيىبنى ئېنىقلىۋېلىشقا پۈتۈنلەي ھوقۇقلۇق.</para>
   </article>
   <article number="11">
      <title>11 ماددا</title>
      <orderedlist>
         <listitem>
            <para>جىنايى ئىشلار بىلەن ئرز قىلىنغانلىكى ادەم ئقلاش جەھەتتە لازىملىق بارلىق كاپالەتكە ئېرىشكەن ئاشكارا سوتتا جىنايىتى بارلىى قانۇن بويىچە دەلىللەنگىچە گۇناھسىز دەپ قارىلىشقا ھوقۇقلۇق.</para>
         </listitem>
         <listitem>
            <para>ھەرقانداق ئادەمنىڭ ھەرقانداق قىلمىشى ياكى قىلمىشسىزلىقى سادىر بولغان ۋاقتىدا دۆلەت قانۇنى ياكى خەلقئارا قانۇن بويىچە جىنايى ئىشلار جىنايىتىنى شەكىللەندۇرمىكەن بولسا، جىنايى ئىشلار جىنايىتىنى ئۆتكۈزگەن دەپ ھۆكۈم چىقىرىشقا بولمايدۇ. جىنايى جازا جىنايەت ئۆتكۈزگەندە تەتبىق قىلىندىغان قانۇندىكى بەلگىلىمىلەردىكىدىن ئېغىرلىتىۋېتىلسە بولمايدۇ.</para>
         </listitem>
      </orderedlist>
   </article>
   <article number="12">
      <title>12 ماددا</title>
      <para>ھەرقانداق ئادەمنىڭ خۇسۇسىي تۇرمۇشىغا، ئاىلىسىگە، تۇرالغۇ جايىغۇ ۋە خەت-ئالاقىسىگە خالىغانچە ئارىلىشىۋېلىشقا بولمايدۇ. ئۇنىڭ شەنى ۋە شۆھرىتىگە ھۇجۇم قىلىشقا بولمايدۇ. بۇنداق ئارىلىشىشتىن ياكى ھۇجۇمدىن ساقلىنىش ئۈچۈن، ھەممە ئادەم قانۇننىڭ قوغدىشىدىن بەھرىمەن بولۇشقا ھوقۇقلۇق.</para>
   </article>
   <article number="13">
      <title>13 ماددا</title>
      <orderedlist>
         <listitem>
            <para>ھەممە ئادەم ھەرقايسى دۆلەتلەرنىڭ زېمىنىدا ئەركىن كوچۇشكە ۋە ئولتۇراقلىشىشقا ھوقۇقلۇق.</para>
         </listitem>
         <listitem>
            <para>ھەممە ئادەم ھەرقانداق دۆلەتتىن كېتىشكە، جوملىدىن ئۆز دۆلىتىدىن كېتىشكە ھوقۇقلۇق ھەمدە ئۆزىنىڭ دۆلىتىگە قايتىپ كېلىشكە ھوقۇقلۇق.</para>
         </listitem>
      </orderedlist>
   </article>
   <article number="14">
      <title>14 ماددا</title>
      <orderedlist>
         <listitem>
            <para>ھەممە ئادەم زىيانكەشلىكتىن ساقلىنىش ئۈچۈن، باشقا دۆلەتلەردە پاناھ تىلەشكە ۋە پاناھلىنىشقا ھوقۇقلۇق.</para>
         </listitem>
         <listitem>
            <para>ھەقىقەتەن غەيرىي سىياسىي جىنايەت ياكى بىرلەشكەن دۆلەتلەر تەشكىلاتىنىڭ اساسىي مەقسىتى ۋە پرىنسىپىغا خىلاپ قىلىش بىلەن ئەيىبلەنگەن ئەھۋال استىدا، بۇنداق ھوقۇقتىن پايدىلىنىشقا بولمايدۇ.</para>
         </listitem>
      </orderedlist>
   </article>
   <article number="15">
      <title>15 ماددا</title>
      <orderedlist>
         <listitem>
            <para>ھەممە  ئادەم دۆلەت تەۋەلىكىدىن بەھرىمەن بولۇشقا ھوقۇقلۇق.</para>
         </listitem>
         <listitem>
            <para>ھەرقانداق ئادەمنى دۆلەت تەۋەلىكىدىن خالىغانچە مەھرۇم قىلىشقا بولمايدۇ. ۇنىڭ دۆلەت تەۋەلىكىنى ئۆزگەرتىش ھوقۇقىنى ئىنكار قىلىشقىمۇ بولمايدۇ.</para>
         </listitem>
      </orderedlist>
   </article>
   <article number="16">
      <title>16 ماددا</title>
      <orderedlist>
         <listitem>
            <para>ياش قورامىغا يەتكەن ئەر-ئاياللار ئىرق. دۆلەت تەۋەلىكى ۋە دىن جەھەتتىن ھەرقاندقا چەكلىمىگە ئۇچرىماي، تويلىشىشقا ۋە ئۆي تۇتۇشقا ھوقۇقلۇق. ئۇلار نىكاھ جەھەتتە، توي قىلغان مەزگىلدە ۋە نىكاھ توختىمى بىكار قىلىنغاندا، باراۋەر ھوقۇققا ئىگە بولۇشى كېرەك.</para>
         </listitem>
         <listitem>
            <para>ئەر تەرەپ بىلەن ئايال تەرەپنىڭ ئىختىيار قىلىشى ۋە تامامەن ماقۇل بولۇشى ئارقىسىدىلا توي قىلىشقا بولىدۇ.</para>
         </listitem>
         <listitem>
            <para>ئائىلە تەبىئىي ۋە ئاساسىي ئىجتىمائىي بىرلىك، ئو جەمئىيەت ۋە دۆلەت تەرپىدىن قوغدىلىشقا تېگىشلىڭ.</para>
         </listitem>
      </orderedlist>
   </article>
   <article number="17">
      <title>17 ماددا</title>
      <orderedlist>
         <listitem>
            <para>ھەممە ئادەمنىڭ مۈلۈككە ئوڭچە ئىگىدارلىق قىلىش ھوقۇقى شۇنىڭدەك باشقىلار بىلەن شېرىكلىشىپ ئىگىدارلىق قىلىش ھوقۇقى بولۇشى كېرەك.</para>
         </listitem>
         <listitem>
            <para>ھەرقانداق ئادەمنى مال-مۈلكىدىن خالىغانچە مەھرۇم قىلىشقا بولمادۇ.</para>
         </listitem>
      </orderedlist>
   </article>
   <article number="18">
      <title>18 ماددا</title>
      <para>ھەممە ئادەم ئىدىيىۋى، ۋىجدانىي ۋە دىنىي ئەركىنلىك ھوقۇقىغق ئىگە: بۇ ھوقۇق شۇ ئادەمنىڭ ئۆزىنىڭ دىنىنى ياكى ئېتىقادىنى ئۆزگەرتىش ئەركىنلىكىنى شۇنىڭدەك ئۆزىنىڭ دىنى ياكى ئېتىقادىنى دىنىي ئېقىدە، ئەمەلىيەت، ناماز-ئىبادەت ۋە ئەمرىمەرۇپ ئارقىلىق يالغۇز ياكى ئۆم، ئاشكارا ياكى مەخپىي ئىپادىلەش ئەركىنلىكىنى ئۆز ئىچىگە ئالىدۇ.</para>
   </article>
   <article number="19">
      <title>19 ماددا</title>
      <para>ھەممە ئادەم ئۆز تەشەببۇسىنى بىلدۈرۈش ۋە پىكىر بايان قىلىش ئەركىنلىكىدىن بەھرىمەن بولۇشقا ھوقۇقلۇق؛ بۇ ھوقۇق مۇداخىلىگە ئۇچرىماي ئۆز تەشەببۇسىنى ساقلاپ قېلىش ئەركىنلىكىنى ۋە ئۇچۇر ھەم پىكىرلەرنى ھەرقانداق ۋاسىتە ئارقىلىق ۋە دۆلەت ئايرىمىسىغا قارىماي ئىزدەش، قوبۇل قىلىش ۋە تارقىتىش ئەركىنلىكىنى ئۆز ئىچىگە ئالىدۇ.</para>
   </article>
   <article number="20">
      <title>20 ماددا</title>
      <orderedlist>
         <listitem>
            <para>ھەممە ئادەم تىنچ يول بىلەن يىغىن ئۆتكۈزۈش ۋە تەشكىلانلار ئۇيۇشۇش ئەركىنلىكىدىن بەھرىمەن بولۇشقا ھوقۇقلۇق.</para>
         </listitem>
         <listitem>
            <para>ھەرقانداق ئادەمنى مەلۇم بىر تەشكىلاتنىڭ تەۋەلىكىگە ئۆتۈشكە زورلاشقا بولمايدۇ.</para>
         </listitem>
      </orderedlist>
   </article>
   <article number="21">
      <title>21 ماددا</title>
      <orderedlist>
         <listitem>
            <para>ھەممە ئادەم دۆلەتنى ئىدارە قىلىشقا ئۆزى بىۋاستە قاتنىشىش ياكى ئۆزى ئەركىن تاللىغان ۋەكىلى ئارقىلىق قاتنىشىش ھوقۇقىغا ئىگە.</para>
         </listitem>
         <listitem>
            <para>ھەممە ئادەم ئۆز دۆلىتىنىڭ ھۆكۈمەت ئىشلىرىغا باراۋەر پۇرسەت بىلەن  قاتنىشىش ھوقۇقىغا ئىگە.</para>
         </listitem>
         <listitem>
            <para>خەلقنىڭ ئىرادىسى ھۆكۈمەت ھوقۇقىنىڭ ئاساسى: بو ئىرادە قەرەللىك ۋە ھەقىقىي سايلام بىلەن ئىپادىلىنىشى كېرەك. سايلام ئومۇميۈلۈك ۋە باراۋەر ئاۋاز بېرىش ھوقۇقىغا ئاساسلىنىشى ھەمدە يوشۇرۇن ئاۋاز بېرىش ياكى ئوبدانلا ئەركىن ئاۋاز بېرىش بويىچە ئەلىپ بېرىلىشى كېرەك.</para>
         </listitem>
      </orderedlist>
   </article>
   <article number="22">
      <title>22 ماددا</title>
      <para>ھەر بىر ئادەم جەمئىيەتنىڭ بىر ئازاسى بولۇش سۈپىتى بىلەن، ئىجتىمائىي كاپالەتتىن بەھرىمەن بولۇشقا ھوقۇقلۇق ھەمدە ئۆزىنىڭ شەخسىي ئىززەت-ھۆرمىتى ۋە كىشىلىك غۇرۇرىنىڭ ئەركىن راۋاجلىنىشى ئۈچۈن زۆرۈر بولغان ئىقتىسادىي، ىجتىمائىي جەھەتتىكى ۋە مەدەنىيەت جەھەتتىكى ھەر خىل ھوقۇقلاردىن بەھرىمەن بولۇشنى ئەمەلگە ئاشۇرۇشقا ھوقۇقلۇق. بۇ ئەمەلگە ئاشۇرۇش دۆلەتنىڭ تىرىشچانلىقى ۋە خەلقئىارا ھەمكارلىق ئارقىلىق ھەمدە ھەرقايىسى دۆلەتلەرنىڭ تەشكىلاتى ۋە بايلىق ئەھۋالى بويىچە بولىدۇ.</para>
   </article>
   <article number="23">
      <title>23 ماددا</title>
      <orderedlist>
         <listitem>
            <para>ھەممە ئادەم ئىشلەشكە، ئەركىن كەسىپ تاللاشقا، ئادىل ۋە مۇۋابىق خىزمەت شارائىتىدىن بەھرىمەن بولۇشقا ھەمدە ئىشسىز قېلىشتىن ساقلىنىش كاپالىتىدىن بەھرىمەن بولۇشقا ھوقۇقلۇق.</para>
         </listitem>
         <listitem>
            <para>ھەممە ئادەم ھەرقانداق شەكىلدە كەمسىتىلمەي، ئوخشاش ئىش ئۈچۈن ئوخشاش ھەق ئېلىش ھوقۇقىغا ئىگە.</para>
         </listitem>
         <listitem>
            <para>ئىشلىگەن ئادەمنىڭ ھەر بىرى ئادىل ۋە مۇۋاپىق ھەقتىن بەھرىمەن بولۇشقا، ئۆزىنىڭ ۋە ئائىلە تاۋابىئاتىنىڭ ئىنسانىي ىززەت-ھۆرمەتكە لايىق تۇرمۇش شارائىتىغا ئىگە بولۇشىنى كاپالەتكە ئىگە قىلىشقا، زۆرۈر تېپىلغاندا. ئۇنىڭغا باشقا ئىجتىمائىيى كاپالەتنى قوشۇمچە قىلىشقا ھوقۇقلۇق.</para>
         </listitem>
         <listitem>
            <para>ھەممە ئادەم ئۆزىنىڭ مەنپەئىتىنى قوغداش ئۈچۈن، ئىشچىلار ئۇيۇشمۇسىنى تەشكىللەش ۋە ئۇنىڭغا قاتنىشىش ھوقۇقىغا ئىگە.</para>
         </listitem>
      </orderedlist>
   </article>
   <article number="24">
      <title>24 ماددا</title>
      <para>ھەممە ئادەم دەم ئېلىش ۋە بىكار يۈرۈش ھوقۇقىدىن، جۇملىدىن ئىش ۋاقتىنىڭ چېكىنى ئەقىلگە مۇۋاپىقلاشتۇرۇش ھەمدە قەرەللىك، مائاشلىق دەم ئېلىش ھوقۇقىدىن بەھرىمەن بولىدۇ.</para>
   </article>
   <article number="25">
      <title>25 ماددا</title>
      <orderedlist>
         <listitem>
            <para>ھەممە ئادەم ئۆزىنىڭ ۋە ئائىلە تاۋابىئاتىنىڭ سالامەتلىكى ۋە پاراۋانلىقىنى كاپالەتكە ئىگە قىلىش ئۈچۈن زۆرۈر بولغان تۇرمۇش سەۋىيىسىدىن، جۇملىدىن يېمەكلىك، كىيىم-بېچەك، تۇراغۇ ئۆي، داۋالىنىشتىن ۋە زۆرۈر ئىجتىمائىي مۇلازىمەتچىلىكتىن بەھرىمەن بولۇش ھوقۇقىغا ئىگە: ىشسىز قالغاندا، كېسەل بولۇپ قالغاندا، مەجرۇھ بولۇپ قالغاندا، تۇل قالغاندا، قېرىغاندا ياكى تىزگىنلىگىلى بولمادىغان باشقا ئەھۋال بىلەن تىرىكچىلىك ئىقتىدارىنى يوقاتقاندا، كاپالەتتىن بەھرىمەن بولۇشقا ھوقۇقلۇق.</para>
         </listitem>
         <listitem>
            <para>ئانىلار ۋە بالىلار ئالاھىدە ئېتىباردىن ۋە ياردەمدىن بەھرىمەن بولۇشقا ھوقۇقلۇق. بارلىق بالىلار نىكاھلىق ياكى نىكاھسىز تۇغۇلغانلىقىغا قارىماي، ئوخشاش ئىجتىمائىي مۇھاپىزەتتىن بەھرىمەن بولۇشقا تېگىشلىك.</para>
         </listitem>
      </orderedlist>
   </article>
   <article number="26">
      <title>26 ماددا</title>
      <orderedlist>
         <listitem>
            <para>ھەمە ئادەم بىلىم ئېلىش ھوقۇقىغا ئىگە. بىلىم ئېلىش ھەقسىز بولۇشى كېرەك. ھېچ بولمىغاندا، باشلانغۇچ ۋە ئاساسىي باسقۇچتا شۇنداق بولۇشى كېرەك. باشلانغۇچ مائارىپ مەجبۇرىيەت خاراكتېرىدا بولۇشى كېرەك. تېخنىكا مائارىپى ۋە كەسپىي مائارىپى ئومۇميۈزلۈك تەسىس قىلىش كېرەك. ئالىي مائارىپنىڭ ئىشىكىنى نەتىجىگە قاراپ بارلىق كىشىلەرگە تەڭ ئېچىۋېتىش كېرەك.</para>
         </listitem>
         <listitem>
            <para>مائارىپنىڭ مەقسىتى ئادمنىڭ خاسلىقىنى بولۇق يېتىلدۈرۈش ھەمدە كىشىلىك ھوقۇقى ۋە ئاساسىي ئەركىنلىككە بولغان ھۆرمەتنى كۈچەيتىش. مائارىپ ھەرقايسى دۆلەتلەر، ئىرقلار، ياكى ھەرقايسى دىنىي گۇرۇھلار ئارا چۇشىنىشنى، يول قويۇشنى ۋە دوستلۇقنى ئىلگىرى سۈرۈشى ھەمدە بىرلەشكەن دۆلەتلەر تەشكىلاتىنىڭ تىنچلىقنى قوغداش يولىدىكى تۇرلۇك پائالىيەتلىرنى ئالغا سۈرۈشى كېرەك.</para>
         </listitem>
         <listitem>
            <para>ئاتا-ئانىلار پەرزەنتلىرىنىڭ ئېلىشقا تېگىشلىك بىلىم تۇرلىرىنى ئاۋۋال تاللاش ھوقۇقىغا ىگە.</para>
         </listitem>
      </orderedlist>
   </article>
   <article number="27">
      <title>27 ماددا</title>
      <orderedlist>
         <listitem>
            <para>ھەممە ئادەم جەمئىيەتنىڭ مەدەنىي تورمۇشىغا ئەركىن قاتنىشىپ، سەنئەتتىن بەھرىمەن بولۇشقا ھەمدە ئىلىم-پەن تەرەققىياتىدىن ۋە ئۇنىڭدىن ھاسىل بولغان پاراۋانلىقتىن تەڭ بەھرىمەن بولۇشقا ھوقۇقلەق.</para>
         </listitem>
         <listitem>
            <para>ھەممە ئادەم ئۆزى ئىجاد قىلغان ئىلمىي، بەدىئىي ئەسەرلەردىن ۋە گۇزەل سەنئەت ئەسەرلىرىدىن ھاسىل بولغان مەنىۋى ۋە ماددىي مەنپەت مۇناسىۋىتى بىلەن، قوغىلىش ھوقۇقىغا ئىگە.</para>
         </listitem>
      </orderedlist>
   </article>
   <article number="28">
      <title>28 ماددا</title>
      <para>ھەممە ئادەم مۇشۇ خىتابنامىدە قەيت قىلىنغان ھوقۇق ۋە ئەركىنلىكنىڭ تولۇق رېئاللىشىشىغا ئىمكان بېرىدىغان بىر خىل ئىجتىمائىي ۋە خەلقئارا تەرتىپنى تەلەپ قىلىشقا ھوقۇقلۇق.</para>
   </article>
   <article number="29">
      <title>29 ماددا</title>
      <orderedlist>
         <listitem>
            <para>ھەممە ئادەم جەمئىيەت ئالدىدا مەجبۇرىيەتنى ئۈستىگە ئالغان بولىدۇ. چۇنكى، ئۇلارنىڭ خاسلىقى خەمئىيەت ئىچىدىلا ئەركىن ۋە تولۇق راۋاج تاپلايدۇ.</para>
         </listitem>
         <listitem>
            <para>ھەممە ئادەم ئۆزىنىڭ ھوقۇقى ۋە ئەركىنلىكىنى يۈرگۈزگەندە، قانۇندا بەلگىلەنگەن چەكلىمىگىلا ئۇچرايدۇ. بۇنداق چەكلىمىنى بەلگىلەشتىكى بىردىنبىر مەقسەت باشقىلارنىڭ ھوقۇقى ۋە ئەركىنلىكىنىڭ تېگىشلىك دەرىجىدە ئېتىراپ قىلىنىشى ۋە ھۆرمەت قىلىنىشىغا كاپالەتلىك قىلىش ھەمدە دېموكراتىك جەمئىيەتتە ئەخلاق. جامائەت تەرتىپى ۋە ئومۇمىي پاراۋانلىقنىڭ ئورۇنلۇق ئېھتىياجىغا لايقلىشىش.</para>
         </listitem>
         <listitem>
            <para>ئاشۇ ھوقۇق ۋە ئەركىنلىكلەرنى يۈرگۈزگەندە، ھەرقانداق ئەھۋالدا بىرلەشكەن دۆلەتلەر تەشكىلاتنىڭ ئاساسىي مەقسىتى ۋە پرىنسىپىغا خىلاپلىق قىلىشقا بولمايدۇ.</para>
         </listitem>
      </orderedlist>
   </article>
   <article number="30">
      <title>30 ماددا</title>
      <para>بۇ خىتابنامىنىڭ ھەرقانداق بىر ماددىسىنى ھەرقانداق دۆلەت، گۇرۇھ ياكى شەخس مۇشۇ خىتابنامىدە قەيت قىلىنغان ھەرقانداق ھوقۇق ۋە ئەركىنلىكنى بۇزۇش مەقسىتىدىكى پائالىيەت ياكى ھەرىكەتلەرنى ئېلىپ بېرىشقا ھوقۇقلۇق دەپ سۇكۇت قىلىدىغان مەنىدە چۇشەندۇرۇشكە بولمايدۇ.</para>
  </article>
</udhr>

