<?xml version="1.0" encoding="UTF-8"?>

<!--© The Office of the High Commisioner for Human Rights-->

<udhr iso639-3='rmn' xml:lang='rmn' key='rmn_1' n='Romani, Balkan (1)' dir='ltr' iso15924='Latn' xmlns="http://www.unicode.org/udhr">
   <title>UNIVERZALNO DEKLARACIJA BAŠO ČAČIPA E MANUŠESKERE</title>
   <note>
      <para>Adoptirimi thaj proklamirini kotar o Generalno parlamenti e Unijakere nacije e rezolucijaja 217 A(III), ko 10 decemvri 1948 berš, ano Generalno parlamenti.</para>
   </note>
   <preamble>
      <title>PREAMBULA</title>
      <para>Soske o mothovipe e bijande dignitetesko thaj jekhipasko si bithemale čačipa e sa dženengere ke manušengiri familija si fundamenti e tromalipasko, čačipaskoro thaj e sansareskoro ko sumnal.</para>
      <para>Soske o bipaćape thaj o bidikhipe e čačipaskoro e manušesko legari sine ko varvarsko džaiba so ladžarela sine i gnd e manušipeskoro, thaj sose o kheripe e sumnalesko kaj so e manušeskiri struktura ka dživdini tromalipe ko vakeribe thaj religija thaj ka oven tromane kotar o daripa thaj o čororipa si proklamirimo sar emučo ideali sakone manušeske.</para>
      <para>Soske si barikano o čačipe e manušesko te oven preventirime kotar o čačipnalo sistemi te na bi ovela o manuš phaldino t ebuninipe kontra i tiranija thaj i exploatacija.</para>
      <para>Soske si trubutno te inicirinipe o progresi e dostengoro relacijengoro maškaro nacije.</para>
      <para>Soske o nacije e Unijakere nacijengoro ko Dokumenti palem zorjakeri plo učipe ko fundamentalno čačipe e manušesko, ko digniteti thaj molipe e manušeskere personakoro thaj jekhipe maškaro rom thaj romni thaj soske dingje lafi te inicirin o amalikano progresi thaj te šušjakeren o šartija bašo dživdipa ko pobaro tromalipe.</para>
      <para>Soske e raštrakere džene dena lafi kaj ka kheren kolaboracija e Unijakere nacijencar te bi rezervirinen o fundamentalno mothovipe thaj praktika e manušikane čačipaske thaj fundamentalno tromalipe.</para>
      <para>Soske o fundamentalno aljovipe akale čačipaskoro thaj tromalipasko si embaro barikanipe bašo pherdo realiziripe akale obligacijakoro.</para>
      <para>Akana, odoleske,</para>
      <para>O Generalno parlamenti,</para>
      <para>Proklamirini akaja Univerzalno Deklaracija bašo čačipa e manušeskoro sar jekhanutno amalikano standardi so valjani te resaren sa o manuša thaj sa o nacije koleja so sakona korkorutno thaj sakova orgni e amalipaskoro dikhindoj akaja Deklaracija, ka mangel sikljoibaja thaj edukacijaja te anel bašo mothoviba akale čačipaskoro thaj tromalipe thaj kerindoj e nacionalno thaj maškarenacionalnengo mere te ovel sigurno lengoro fundamentalno thaj paćavutno mothovipe thaj šunipe sar maškaro nacije ko korkorune raštrake džene, adžaar thaj maškaro nacije ko okola teritorije so si teli lengiri direkcija.</para>
   </preamble>
   <article number="1">
      <title>Dženo 1</title>
      <para>Sa e manušikane strukture bijandžona tromane thaj jekhutne ko digniteti thaj čapipa. Von si baxtarde em barvale gndaja thaj godžaja thaj trubun jekh avereja te kherjakeren ko vodži pralipaja.</para>
   </article>
   <article number="2">
      <title>Dženo 2</title>
      <para>O sa čačipa thaj tromalipa programirime ko akava Dokumenti preperena sakone dženeske bizo razlika ko dhikhiba ki rasa, farba e mortikako, o pol i čhib, i religija, thaj o politikano ja aver gndalipe, o nacionalno ja amalikano iklipe, i situacija e barvalipaski, o bijandipe ja bilo savo šarti.</para>
      <para>Poodori, nane te kherelpe nisavi razlika ki baza e politikakiri, e čačipaskiri ja o maškarenacioalno satatusi e phuvjako ja e teritorijako kote so pherela nesavo manuš, bilo te ovel biatxinalo, telo phuriba, e biavtonomijako ja palem te arakipe ko bilo savo graničipe ko suvereniteti.</para>
   </article>
   <article number="3">
      <title>Dženo 3</title>
      <para>Sakone isile čačipa ko dživdipe thaj arakibasko ple personakoro.</para>
   </article>
   <article number="4">
      <title>Dženo 4</title>
      <para>Khonik na smiini te ovol ikerdo ko phanlipe ja teli exploatacija, phanlipe ja ko kinipe-bikinipe e phanlimacar ko sa o forme si phanle.</para>
   </article>
   <article number="5">
      <title>Dženo 5</title>
      <para>Khonik ni smiil te ovel teljardo ko pharipe ja ko dilini, thaj bimanušikano ja džungalo keripe ja penali.</para>
   </article>
   <article number="6">
      <title>Dženo 6</title>
      <para>Sakone isi čačipe kaj mangela te avel prindžardo sar čačikano subjekti.</para>
   </article>
   <article number="7">
      <title>Dženo 7</title>
      <para>Sarine si jekhutne anglal o krisi thaj isiolen čačipe, bizo savi bilo diskriminacija, jekhutne preventive ko krisi.</para>
   </article>
   <article number="8">
      <title>Dženo 8</title>
      <para>Sarinen isi čačipe ko nacionalno krisija efikasno te preventinen o phagiba o fundame čačipa so si mothode e statueja ja e kriseja.</para>
   </article>
   <article number="9">
      <title>Dženo 9</title>
      <para>Khonik ni smiil te ovel proizvolno astardo, phanlo, pa ni phaldimo.</para>
   </article>
   <article number="10">
      <title>Dženo 10</title>
      <para>Sakone isi pherdo jekhutno čačipe ko čačikano thaj pravdo krisalipe angle biatxinale thaj bišukar krisi so ka definirini bašo leskere čačipa thaj obligacije thaj bašo fundalipa ko sakova bango vakeribe kontra leste.</para>
   </article>
   <article number="11">
      <title>Dženo 11</title>
      <orderedlist>
         <listitem>
            <para>Sakova iftirimo bašo bango vakeripe isiole čačipe te gndini kaj nane odova čače sa džikote upri baza e kriseki, o bangovakeripe na dokažini ko čačikano rodipa kase so denape leske sa o garancije trubutne baši leskoro arakipe.</para>
         </listitem>
         <listitem>
            <para>Khonik na smiini te ovel krisimo bašo buća ja mekhipa so nane bange buća palo nacionalno ja maškarenacikengoro čačipa ko vakti kana si kerde. Isto adžaar na smiini te vakeripe poparo penalipe kotar okoja so šaj te kerelpe ko vakti kana si realizirimi i bangi buti.</para>
         </listitem>
      </orderedlist>
   </article>
   <article number="12">
      <title>Dženo 12</title>
      <para>Khonik na smiini te ovel ikaldo ko proizvolno emipe ko privatno živdipe, familija, ko ćer ja akti, ni te kerel atako upralo o šukaripa thaj baripa. Sakone isiole čačipa bašo arakiba kotar o krisi prekal asavko emipe thaj atako.</para>
   </article>
   <article number="13">
      <title>Dženo 13</title>
      <orderedlist>
         <listitem>
            <para>Sakone isiole čačipa ko tromalipa phiribasko thaj alosariba ko arakiba ko granice ki nesavi raštra.</para>
         </listitem>
         <listitem>
            <para>Sakone isiole čačipa te mekel savi bilo phuv, čhivindoj em pli da, thaj palem te irinipe ki pi phuv.</para>
         </listitem>
      </orderedlist>
   </article>
   <article number="14">
      <title>Dženo 14</title>
      <orderedlist>
         <listitem>
            <para>Sako phaldimo manuš isiole čačipa te rodol thaj te dživdini azili ko avera phuvka.</para>
         </listitem>
         <listitem>
            <para>Ko akava čačipa khonik našti te vikini ki situacija o paldipa te ovol fundamo upri bangi buti kotar i bipolitikano karakteri ja keriba kontra e funde thaj e čikata e Unijakere nacije.</para>
         </listitem>
      </orderedlist>
   </article>
   <article number="15">
      <title>Dženo 15</title>
      <orderedlist>
         <listitem>
            <para>Sakone isiole čačipa ko jekh raštralipe.</para>
         </listitem>
         <listitem>
            <para>Khonik ni smiil korkoruno te ovel xasardo kotar plo raštralipe ni kotar čačipe te lol aver raštralipe.</para>
         </listitem>
      </orderedlist>
   </article>
   <article number="16">
      <title>Dženo 16</title>
      <orderedlist>
         <listitem>
            <para>E pherdeberšengere murša thaj džuvlja bizo save graničiba ko dikhibe e rasakoro, raštralipha ja i religija, isiolen čačipa te kheren ničaji thaj teovelolen familija. Von si jekhautne ko phandiba ničaji, ko vakti ko leskoro traiba taj ko leskoro mukhiba.</para>
         </listitem>
         <listitem>
            <para>O ničaji šaj te klidirinipe ki tromanikani thaj sasto kaulibe e personengoro so khuvena ko ničaji.</para>
         </listitem>
         <listitem>
            <para>I familija thaj o devlikanliphe si fundamentalno kletka e amalikanipasko thaj isiolen čačipe baši preventiva kotar o amalipe thaj i raštra.</para>
         </listitem>
      </orderedlist>
   </article>
   <article number="17">
      <title>Dženo 17</title>
      <orderedlist>
         <listitem>
            <para>Sakone isi čačipe te ovele barvaliphe, korkoro, a em ko amalipe averencar.</para>
         </listitem>
         <listitem>
            <para>Khonik ni smiil te ovel korkoruno našavdo kotar plo barvalipe.</para>
         </listitem>
      </orderedlist>
   </article>
   <article number="18">
      <title>Dženo 18</title>
      <para>Sakone isiole čačipe ko tromanipe e gndako, godžako thaj e religijako; akava čačipe phandena o emibiba e religijakoro ja e gnadlibaskoro thaj e manušeskoro tromaniasko korkore ja ko amalipe averencar, javno ja privatno te manifestirin pli religija ja gndalipeko drumo e ikloibaja, religijakere keribaja thaj kheribe e ritualengoro.</para>
   </article>
   <article number="19">
      <title>Dženo 19</title>
      <para>Sakone isi čačipe ko tromanipe e gndakoro thaj vakeribaskoro, so asterela thaj o čačipe te na ovel bisansarimo ki oli religija, sar thaj kako čačipe te rodol, te lel thaj te buvljakeri o informacije thaj o ideja bilo save bućencar thaj bizo dikhipe e granicengoro.</para>
   </article>
   <article number="20">
      <title>Dženo 20</title>
      <orderedlist>
         <listitem>
            <para>Sakone isi čačipe ko tromanipe bašo sansarimo khedipe thaj amalipe.</para>
         </listitem>
         <listitem>
            <para>Khonik našti te ovel phaldimo te pherel ko disavo khedinipe.</para>
         </listitem>
      </orderedlist>
   </article>
   <article number="21">
      <title>Dženo 21</title>
      <orderedlist>
         <listitem>
            <para>Sakone isi čačipe te participirini ko direktoribe e javno bućencar ki pi phuv, butpaše ja prekal tromane alosarime delegatija.</para>
         </listitem>
         <listitem>
            <para>Sakone isi čačipe ki jekhutni baza te khuvel ki javno funkcija ki pli phuv.</para>
         </listitem>
         <listitem>
            <para>I volja e nacijakiri si baza e raštrakere tagaripaske: akaja volja trubul te mujarelpe ko palovakteske ja tromane alosariba so ka ćerenpe e fundamentalno thaj jekhutne čačipaja e xangoso e, garavdune xangibaja ja e jekhutne keribaja koja so garantirini tromanipe e xangibasko.</para>
         </listitem>
      </orderedlist>
   </article>
   <article number="22">
      <title>Dženo 22</title>
      <para>Sako, sar dženo e amalikanipasko, isile čačipe ko sosijalno siguripe thaj čačipe te realizirinen ekonomikane, amalikane thaj kulturakere čačipa trubutne bašo plo digniteti thaj bašo tromanutno progresi ple personakoro, pomožindoj e raštraja thaj i maškarenacionalna kolaboracija, a ko kauli e organizacija thaj e buća e sakona raštrakere.</para>
   </article>
   <article number="23">
      <title>Dženo 23</title>
      <orderedlist>
         <listitem>
            <para>Sakone isi čačipe baši buti, bašo tromano alosaribe ko rodipa buti ko čačikane thaj šukar šartija baši buti thaj baši preventiva kotar bizobučaripe.</para>
         </listitem>
         <listitem>
            <para>Sakova, bizo razlika, isiole čačipe baši jekhutno počinipe baši jekhutni buti.</para>
         </listitem>
         <listitem>
            <para>Sako ko kerola buti isiole čačipa baši čačikanutno thaj šukarutno počinipa koja so leske thaj leskere familijake sigurini egzistencija koja so i šukar e manušikane dingitetske so, džikote valjane, ka ovel dopherdi avere bućencar kotar i socijalno preventiva.</para>
         </listitem>
         <listitem>
            <para>Sako isile čačipa te formirani thaj the khuvel ko sindikati bašo arakhiba ple interesija.</para>
         </listitem>
      </orderedlist>
   </article>
   <article number="24">
      <title>Dženo 24</title>
      <para>Sakone isi čačipa ki ferije thaj rekreacija, čhivindoj odote e gndakoro graničipe bašo bučakoro vakti thaj palovakteskere počime ferije.</para>
   </article>
   <article number="25">
      <title>Dženo 25</title>
      <orderedlist>
         <listitem>
            <para>Sakone isi čačipe bašo dživdipasko standardi so sigurinela sastipa thaj šukaripa, lekse thaj leskere familijake, čhivindoj ote o xabe, o urjavipe, o ćer, doktoreskoro arakibe taj o trubupe kotar o socijalno funkcionerja sar em o čačipe e siguripako ki situacija ko bizobuti, nasvalipa, bizoralipe, phivlipa, phuripa ja avera situacije ko našaviba e bućengoro bašo ikeripe e trujalipaskoro biatxinalipe kotar leskiri volja.</para>
         </listitem>
         <listitem>
            <para>O daja thaj o čave isiolen čačipa baši ulavno arakibe thaj pomoštaripe. Sa o čhave, bijande ko ničai ja avri olestar, dživdinena jekhutno socijalno arakiba.</para>
         </listitem>
      </orderedlist>
   </article>
   <article number="26">
      <title>Dženo 26</title>
      <orderedlist>
         <listitem>
            <para>Sako isiole čačipa ko sikljobe. O sikljoibe trubul te ovel bipočimo barem ko fundamentalno thaj xarne škole. I fundamni škola si moralno. I texničko thaj i profesionalno škola trubul te ovel asavki te avel sarinenge jekutni upri baza ko lengoro takati.</para>
         </listitem>
         <listitem>
            <para>O sikljoibe valjani te avol ki linija ko baro progeresi e manušikane personakoro thaj zoralipa e kandibasko e manušikane čačipasko thaj e fundamentalno tromanipa. Odova valjani te pomožini o xačariba, sabrluko thaj o dostluko maškaro sa o nacije, rasno thaj religiozno grupacija, sar em i buti e Unijakere nacijengoro bašo ikeripe o sansari.</para>
         </listitem>
         <listitem>
            <para>O dat thaj i daj isiolen avgo čačipa te alosaren ki savi sikljovni ka džan olengere čhave.</para>
         </listitem>
      </orderedlist>
   </article>
   <article number="27">
      <title>Dženo 27</title>
      <orderedlist>
         <listitem>
            <para>Sakone isi čačipe tromano te participirini ko kulturakoro dživdipe ko amalipe, te dživdini ko arti thaj te participirini ko sikljovno progresi tgaj ko lačipe so odotar ikljola.</para>
         </listitem>
         <listitem>
            <para>Sakone isiole čačipa baši preventiva e moralne thaj e materijalne interesija so ikljovena kotar sakona sikljovno, lilarno thaj artikani aktivnost kasko kerdo si vov.</para>
         </listitem>
      </orderedlist>
   </article>
   <article number="28">
      <title>Dženo 28</title>
      <para>Sakone isi čačipe ko amalikano thaj maškarenacionalno sistemi kaj so o čačipe thaj o tromalipe sikavde ki akaja deklaracija šaj te oven realizirme za sar si.</para>
   </article>
   <article number="29">
      <title>Dženo 29</title>
      <orderedlist>
         <listitem>
            <para>Sakone isi obligacije prekal o amalikanipe kova so dela šanse tromane thaj sa te bajrakeri pli persona.</para>
         </listitem>
         <listitem>
            <para>Ko kheribe ple čačipa thaj tromanipe sakova manuš šaj te ovel teljardo numa ko okola graničipa so si gndinde e kriseja nameraja te kerelpe phindžardipša thaj šunipa e čačipaskoro thaj e tromanipasko e averengo em nameraja te kerel po ćefi, o čačikane rodipaja e moralesko, e javno sistemsko thaj i fundamentalno gudlošukariba ko demokratikano amalipe.</para>
         </listitem>
         <listitem>
            <para>Akala čačipa thaj tromanipa ki nasavi situacija našti the kherempe kontra o fundija thaj o čikata e Unijakere nacijenge.</para>
         </listitem>
      </orderedlist>
   </article>
   <article number="30">
      <title>Dženo 30</title>
      <para>Ni jekh rezolucija kotar akaja Deklaracija našti te interpretirinenpe sar čačipe bilo save raštrake, grupake ja dženeske so kerola bilo savi buti ja te kerel bilo savi buti ki linija po pheravipe e čačipasko thaj e tromanipasko so ikerdžona ki akaja Deklaracija.</para>
   </article>
</udhr>
