<?xml version="1.0" encoding="UTF-8"?>

<!--© The Office of the High Commissioner for Human Rights-->

<udhr iso639-3='kan' xml:lang='kn' key='kan' n='Kannada' dir='ltr' iso15924='Knda' xmlns="http://www.unicode.org/udhr">
  <title>ಮಾನವ ಬಾಧ್ಯತೆಗಳ ಸಾರ್ವತ್ರಿಕ ಪ್ರಕಟನೆ ಪ್ರಸ್ತಾವನೆ</title>

  <preamble>
    <para>ಮಾನವ ಕುಟುಂಬದ ಸಮಸ್ತ ಸದಸ್ಯರ ಸಹಜ ಗೌರವವನ್ನೂ ಸಮಾನವೂ ಅನನ್ಯಹಾರ್ಯವೂ ಆದ ಹಕ್ಕುಗಳನ್ನು ಅಂಗೀಕರಿಸುವುದು ಪ್ರಪಂಚದಲ್ಲಿ ಸ್ವಾತಂತ್ರ್ಯದ ಧರ್ಮಶಾಂತತೆಗಳ ತಳಹದಿಯಾಗಿರುವುದರಿಂದಲೂ.</para>
    <para>ಮಾನವ ಹಕ್ಕುಗಳಗೆ ತೋರಿಸಲ್ಪಟ್ವ ಉಪೇಕ್ಷೆ ತಿರಸ್ಕಾರಗಳು, ಮಾನವನ ಅಂತಃಕರಣವನ್ನು ದಾರುಣಗೊಳಿಸಿದಂತಹ ಕ್ರೂರಕೃತ್ಯಗಳಾಗಿ ಪರಿಣಮಿಸಿರುವುದರಿಂದಲೂ, ಮತ್ತು ಯಾವ ಪ್ರಪಂಚದಲ್ಲಿ ಮನುಷ್ಯ ಜೀವಿಗಳು ವಾಕ್‌ಸ್ವಾತಂತ್ರ್ಯ ವಿಶ್ವಾಸ ಸ್ವಾತಂತ್ರ್ಯಗಳನ್ನು ಅನುಭವಿಸುವವೋ ಯಾವ ಪ್ರಪಂಚದಲ್ಲಿ ಅಂಜಿಕೆ ಮತ್ತು ಅಭಾವಗಳಿಂದ ಮುಕ್ತವಾಗಿರುವುದು ಸಾಮಾನ್ಯ ಜನತೆಯ ಮಹದಾಶಯವೆಂಬುದಾಗಿ ಸಾರಲ್ಪಟ್ಟಿರುವುದೋ ಅಂಥಾ ಪ್ರಪಂಚದಾಗಮನವಾಗಿರುವುದರಿಂದಲೂ.</para>
    <para>ಮಾನವ ಹಕ್ಕುಗಳು ಕಾನೂನಿನ ಕಟ್ಟಳೆಯಿಂದ ಸಂರಕ್ಷಿಸಲ್ಪಡಬೇಕಾದರೆ ಮನುಷ್ಯನು ಅವಲಂಬನೆ ಹೊಂದಲು ಒತ್ತಾಯಪಡಿಸಲ್ಪಡದಿದ್ದರೆ, ಕೊನೆಯ ಉಪಾಯವಾಗಿ, ದುಷ್ಪ್ರಭುತ್ವ ಮತ್ತು ಕ್ರೂರತನಗಳನ್ನು ವಿರೋಧಿಸಿ ದಂಗೆಮಾಡುವುದು ಅತ್ಯಗತ್ಯವಾಗಿರುವುದರಿಂದಲೂ.</para>
    <para>ಜನಾಂಗಗಳಲ್ಲಿ ಸ್ನೇಹಸಂಬಂಧಗಳ ಬೆಳವಣಿಗೆಯನ್ನು ಅಭಿವೃದ್ಧಿಗೊಳಿಸುವುದು ಅಗತ್ಯವಾಗಿರುವುದರಿಂದಲೂ.</para>
    <para>ಯುಕ್ತ ರಾಷ್ಟ್ರಗಳ ಪ್ರಜೆಗಳು ಶಾಸನದಲ್ಲಿ ಮಾನವರ ಮೂಲಾಧಿಕಾರಗಳಲ್ಲಿರುವ ತಮ್ಮ ವಿಶ್ವಾಸವನ್ನೂ ಮನುಷ್ಯ ಜೀವಿಯ ಯೋಗ್ಯತೆ ಮತ್ತು ಗಾಂಭೀರ್ಯಗಳಲ್ಲಿರುವ ತಮ್ಮ ವಿಶ್ವಾಸವನ್ನೂ ಮತ್ತು ಸ್ತ್ರೀಪುರುಷರ ಸಮಾನ ಹಕ್ಕುಗಳಲ್ಲಿರುವ ತಮ್ಮ ವಿಶ್ವಾಸವನ್ನೂ ಪುನಃ ದೃಢೀಕರಿಸುವುದರಿಂದಲೂ, ಸಾಮಾಜಿಕ ಬೆಳವಣಿಗೆಯನ್ನು ಅಭಿವೃದ್ಧಿಗೊಳಸಲೂ, ಗುರುತರ ಸ್ವಾತಂತ್ರ್ಯ ಸಮೇತ ಜೀವನಮಟ್ಟವನ್ನು ಉತ್ತಮಗೊಳಿಸಲು ನಿರ್ಧಸಿರುವುದರಿಂದಲೂ.</para>
    <para>ಸದಸ್ಯರಾಷ್ಟ್ರಗಳು ಯುಕ್ತರಾಷ್ಟ್ರಗಳ ಸಹಕಾರದೊಡನೆ, ಮಾನವ ಹಕ್ಕುಗಳಿಗೂ, ಮೂಲ ಸ್ವಾತಂತ್ರ್ಯಗಳಿಗೂ ಸಾರ್ವತ್ರಿಕ ಮನ್ನಣೆಯನ್ನು ಅಭಿವೃದ್ಧಿಗೊಳಿಸುವುದನ್ನು ಸಾಧಿಸಲೂ, ಅವುಗಳನ್ನು ಅನುಷ್ಠಾನದಲ್ಲಿ ತರಲು ತಾವಾಗಿಯೇ ಪ್ರತಿಜ್ಞೆ ಮಾಡಿರುವುದರಿಂದಲೂ.</para>
    <para>ಈ ಹಕ್ಕು ಸ್ವಾತಂತ್ರ್ಯಗಳ ಸಾಧಾರಣ ತಿಳುವಳಿಕೆಯ ಈ ಪ್ರತಿಜ್ಞೆಯ ಸಂಪೂರ್ಣಾನುಭವಕ್ಕೆ ಅತಿಮುಖ್ಯವಾಗಿರುವುದರಿಂದಲೂ.</para>
    <para>“ಈ ನೂತನ ಬಾಧ್ಯತೆಗಳ ಸಾರ್ವತ್ರಿಕ ಪ್ರಕಟನೆ”ಯನ್ನು ಎಲ್ಲಾ ಜನಗಳಿಗೂ ಎಲ್ಲಾ ಜನಾಂಗಗಳಿಗೂ ಕಾರ್ಯಸಿದ್ಧಿಯ ಸಾಮಾನ್ಯ ಪ್ರಮಾಣವೆಂದೂ, ಕೊನೆಯವರೆಗೂ ಪ್ರತಿ ವ್ಯಕ್ತಿಯೂ ಸಮಾಜದ ಪ್ರತಿ ಅಂಗವೂ ಈ ಪ್ರಕಟನೆಯನ್ನು ಸದಾ ಮನಸ್ಸಿನಲ್ಲಿಟ್ಟುಕೊಂಡು ಬೋಧನೆಯಿಂದಲೂ ಶಿಕ್ಷಣದಿಂದಲೂ ಈ ಹಕ್ಕುಗಳನ್ನೂ ಸ್ವಾತಂತ್ರ್ಯಗಳನ್ನೂ ಗೌರವಿಸುವುದನ್ನೂ ಅಭಿವೃದ್ಧಿಗೊಳಿಸಲೂ ಪ್ರಯತ್ನಿಸಬೇಕೆಂದೂ ಸದಸ್ಯ ರಾಷ್ಟ್ರಗಳ ಪ್ರಜೆಗಳಲ್ಲಿಯೂ ಅವುಗಳ ಆಧಿಪತ್ಯಕ್ಕೆ ಒಳಪಟ್ಟ ರಾಷ್ಟ್ರಗಳ ಪ್ರಜೆಗಳಲ್ಲಿಯೂ ರಾಷ್ಟ್ರದ ಮತ್ತು ಅಂತರರಾಷ್ಟ್ರದ ಪ್ರಗತಿಶೀಲವಾದ ಸಾಧನಗಳಿಂದ ಈ ಹಕ್ಕು ಸ್ವಾತಂತ್ರ್ಯಗಳ ಸಾರ್ವತ್ರಿಕವೂ ಸಂದಾಯಕವೂ ಆದ ಅಂಗೀಕಾರವನ್ನೂ ಅನುಷ್ಠಾನವನ್ನೂ ಪಡೆಯಬೇಕೆಂದು ಈಗ ಸಾರ್ವಜನಿಕ ಸಭೆಯು ಪ್ರಕಟಿಸುತ್ತದೆ.</para>
  </preamble>

  <article number="1">
    <title>ನಿಬಂಧನೆ ೧.</title>
    <para>ಎಲ್ಲಾ ಮಾನವರೂ ಸ್ವತಂತ್ರರಾಗಿಯೇ ಜನಿಸಿದ್ದಾರೆ. ಹಾಗೂ ಘನತೆ ಮತ್ತು ಹಕ್ಕುಗಳಲ್ಲಿ ಸಮಾನರಾಗಿದ್ದಾರೆ. ವಿವೇಕ ಮತ್ತು ಅಂತಃಕರಣಗಳನ್ನು ಪಡೆದವರಾದ್ದರಿಂದ ಅವರು ಪರಸ್ಪರ ಸಹೋದರ ಭಾವದಿಂದ ವರ್ತಿಸಬೇಕು.</para>
  </article>
  <article number="2">
    <title>ನಿಬಂಧನೆ ೨.</title>
    <para>ಜಾತಿ, ವರ್ಣ, ಸ್ತ್ರೀಪುರುಷ ಭೇದ, ಭಾಷೆ, ಧರ್ಮ, ರಾಜಕೀಯಾಭಿಪ್ರಾಯ ಅಥವಾ ಅನ್ಯಾಭಿಪ್ರಾಯ, ರಾಷ್ಟ್ರೀಯ ಮೂಲ ಅಥವಾ ಸಾಮಾಜಿಕ ಮೂಲ, ಆಸ್ತಿ, ಹುಟ್ಟು ಅಥವಾ ಇತರ ಪದವಿಯಂಥವುಗಳ ಯಾವ ರೀತಿಯ ಭೇದಭಾವವಿಲ್ಲದೆ, ಈ ಪ್ರಕಟನೆಯಲ್ಲಿ ನಿರೂಪಿಸಿರುವ ಎಲ್ಲಾ ಹಕ್ಕುಗಳಿಗೂ ಸ್ವಾತಂತ್ರ್ಯಗಳಿಗೂ ಪ್ರತಿಯೊಬ್ಬನಿಗೂ ಹಕ್ಕುಂಟು.</para>
    <para>ಇದಲ್ಲದೆ ಒಬ್ಬ ವ್ಯಕ್ತಿಗೆ ಸಂಬಂಧಿಸಿದ ರಾಷ್ಟ್ರದ ಅಥವಾ ದೇಶದ ರಾಜಕೀಯ ಇಲ್ಲವೇ ನ್ಯಾಯಾಧಿಪತ್ಯದ ಅಥವಾ ಅಂತರರಾಷ್ಟ್ರೀಯ ಸ್ಥಿತಿಯ ಆಧಾರದ ಮೇಲೆ ಯಾವ ತಾರತಮ್ಯವನ್ನೂ ಮಾಡಲಾಗುವುದಿಲ್ಲ. ಈ ರಾಷ್ಟ್ರವು ಸ್ವತಂತ್ರವಾಗಿರಲಿ, ಅಧೀನವಾದುದಾಗಿರಲಿ, ಪರತಂತ್ರವಾಗಿರಲಿ, ಅಥವಾ ಪ್ರಭುತ್ವದ ಬೇರಾವ ಕಟ್ಟಿನಲ್ಲಾಗಿರಲಿ.</para>
  </article>
  <article number="3">
    <title>ನಿಬಂಧನೆ ೩.</title>
    <para>ಪ್ರತಿಯೊಬ್ಬನಿಗೂ ಜೀವನದ ಸ್ವಾತಂತ್ರ್ಯದ ಮತ್ತು ಆತ್ಮಸಂರಕ್ಷೆಯ ಹಕ್ಕುಂಟು.</para>
  </article>
  <article number="4">
    <title>ನಿಬಂಧನೆ ೪.</title>
    <para>ಗುಲಾಮಗಿರಿಯಲ್ಲಾಗಲಿ, ದಾಸತ್ವದಲ್ಲಾಗಲಿ ಯಾವನನ್ನೂ ಇರಿಸಲಾಗದು. ಗುಲಾಮತನ ಹಾಗೂ ವ್ಯಾಪಾರಗಳು ಅವುಗಳ ಎಲ್ಲಾ ರೂಪಗಳಲ್ಲಿಯೂ ನಿಷೇಧಿಸಲ್ಪಡುತ್ತವೆ.</para>
  </article>
  <article number="5">
    <title>ನಿಬಂಧನೆ ೫.</title>
    <para>ಯಾತನೆಯಾಗಲೀ, ಕಠಿಣವೂ ಅಮಾನುಷವೂ ಅಥವಾ ಅಪಮಾನಕರವೂ ಆದ ವರ್ತನೆಗಾಗಲಿ ಶಿಕ್ಷೆಗಾಗಲಿ ಯಾವನನ್ನೂ ಗುರಿಪಡಿಸಲಾಗದು.</para>
  </article>
  <article number="6">
    <title>ನಿಬಂಧನೆ ೬.</title>
    <para>ಎಲ್ಲೆಡೆಯಲ್ಲಿಯೂ ನ್ಯಾಯದ ಸಮಕ್ಷಮದಲ್ಲಿ ಪ್ರತಿಯೊಬ್ಬನಿಗೂ ತಾನೊಬ್ಬ ವ್ಯಕ್ತಿಯೆಂದು ಗಣಿಸಲ್ಪಡುವ ಹಕ್ಕುಂಟು.</para>
  </article>
  <article number="7">
    <title>ನಿಬಂಧನೆ ೭.</title>
    <para>ಕಾಯಿದೆಯ ಸಮಕ್ಷಮದಲ್ಲಿ ಎಲ್ಲರೂ ಸಮಾನರು ಮತ್ತು ಕಾಯಿದೆಯಿಂದ ಸಮಾನಸಂರಕ್ಷಣೆ ಪಡೆಯಲು ಯಾವ ಭೇದಭಾವವೂ ಇಲ್ಲದೆ ಎಲ್ಲರಿಗೂ ಬಾಧ್ಯತೆಯುಂಟು. ಈ ಪ್ರಕಟನೆಯನ್ನು ಉಲ್ಲಂಘಿಸುವ ಯಾವುದೇ ವಿವೇಚನೆಗೆ ವಿರೋಧವಾಗಿಯೂ ಇಂಥ ವಿವೇಚನೆಯ ಯಾವ ಪ್ರಕಟಣೆಗೆ ವಿರೋಧವಾಗಿಯೂ ಸಮಾನಸಂರಕ್ಷಣೆಯನ್ನು ಪಡೆಯಲು ಎಲ್ಲರಿಗೂ ಬಾಧ್ಯತೆಯುಂಟು.</para>
  </article>
  <article number="8">
    <title>ನಿಬಂಧನೆ ೮.</title>
    <para>ಶಾಸನದಿಂದಾಗಲಿ ಕಾನೂನಿನಿಂದಾಗಲಿ, ತನಗೆ ಕೊಡಲ್ಪಟ್ಟ ಮೂಲಹಕ್ಕುಗಳನ್ನು ಉಲ್ಲಂಘಿಸುವ ಕೃತ್ಯಗಳಿಗೆ ಯೋಗ್ಯ ರಾಷ್ಟ್ರೀಯ ನ್ಯಾಯ ಸಭೆಗಳಿಂದ ಫಲದಾಯಕವಾದ ಪ್ರತಿಕ್ರಿಯೆಯನ್ನು ಮಾಡಿಸುವ ಹಕ್ಕು ಪ್ರತಿಯೊಬ್ಬನಿಗೂ ಉಂಟು.</para>
  </article>
  <article number="9">
    <title>ನಿಬಂಧನೆ ೯.</title>
    <para>ಮನಬಂದಂತೆ ಯಾವನನ್ನು ಬಂಧಿಸಲೂ, ಸೆರೆ ಅಥವಾ ಗಡಿಪಾರಿಗೆ ಒಳಪಡಿಸುವಹಾಗಿಲ್ಲ.</para>
  </article>
  <article number="10">
    <title>ನಿಬಂಧನೆ ೧೦.</title>
    <para>ತನ್ನ ಹಕ್ಕುಗಳನ್ನು ಉಪಕೃತಿಗಳನ್ನೂ ಮತ್ತು ಯಾವುದಾದರೂ ತನ್ನ ಮೇಲೆ ಆರೋಪಿಸಲ್ಪಟ್ಟ ದೋಷಾತ್ಮಕವಾದ ತಪ್ಪನ್ನೂ ನಿರ್ಣೈಸುವುದರಲ್ಲಿ ಸ್ವತಂತ್ರವೂ ನಿಷ್ಪಕ್ಷಪಾತವೂ ಆದ ನ್ಯಾಯಸಭೆಯಿಂದ ಸಂಪೂರ್ಣ ಸಮತೆಯೊಡನೆ ಅನುಸಂಧಾನಗೊಳ್ಳಲು ಪ್ರತಿಯೊಬ್ಬನಿಗೂ ಬಾಧ್ಯತೆಯುಂಟು.</para>
  </article>
  <article number="11">
    <title>ನಿಬಂಧನೆ ೧೧</title>
    <orderedlist>
      <listitem tag='(೧)'>
	<para>ಶಿಕ್ಷಾರ್ಹವಾದ ಅಪರಾಧವನ್ನು ಹೊರಿಸಲ್ಪಟ್ಟ ಪ್ರತಿಯೊಬ್ಬನಿಗೂ ಬಹಿರಂಗ ವಿಚಾರಣೆಯಲ್ಲಿ ತನ್ನ ರಕ್ಷಣೆಗೆ ಅಗತ್ಯವಿದ್ದ ಎಲ್ಲಾ ಜಾಮೀನುಗಳನ್ನಿಟ್ಟುಕೊಂಡು, ಕಾನೂನಿಗನುಸಾರವಾಗಿ ದ್ರೋಹಿಯೆಂದು ತೀರ್ಪಾಗುವವರೆಗೂ ತಾನು ನಿರಪರಾಧಿಯೆಂದು ಭಾವಿಸಿಕೊಳ್ಳಲು ಹಕ್ಕುಂಟು.</para>
      </listitem>
      <listitem tag='(೨)'>
	<para>ಆಚರಣೆಯಲ್ಲಿ ತಂದ ಸಮಯದಲ್ಲಿ ಶಿಕ್ಷಾರ್ಹವಾದ ದ್ರೋಹವಾಗಿ ರೂಪಿಸಿರದ ಯಾವುದೋ ಕೃತ್ಯದ ಅಥವಾ ಉಪೇಕ್ಷೆಯಕಾರಣದಿಂದ ಯಾವನನ್ನೂ ರಾಷ್ಚೀಯ ಅಥವಾ ಅಂತರ ರಾಷ್ಟ್ರೀಯ ಕಾನೂನಿನ ಕೆಳಗೆ ಶಿಕ್ಷಾರ್ಹವಾದ ಅಪರಾಧವನ್ನು ಮಾಡಿದ ದೋಷಿಯೆಂದು ಭಾವಿಸಲಾಗದು. ಶಿಕ್ಷಾರ್ಹವಾದ ದ್ರೋಹವನ್ನು ಮಾಡಿದ ಸಮಯದಲ್ಲಿ ಯುಕ್ತವಾದ ದಂಡಕ್ಕಿಂತಲೂ ಹೆಚ್ಚಿನ ದಂಡವನ್ನು ಹೊರಿಸಲಾಗದು.</para>
      </listitem>
    </orderedlist>
  </article>
  <article number="12">
    <title>ನಿಬಂಧನೆ ೧೨.</title>
    <para>ಯಾವನನ್ನೂ ಅವನ ರಹಸ್ಯ, ಕುಟುಂಬ, ಮನೆಯ ವ್ಯವಹಾರ ಮತ್ತು ಕೀರ್ತಿ ಗೌರವಗಳ ವಿಷಯದಲ್ಲಿ ಅನ್ಯರು ಇಚ್ಛಾನುಸಾರವಾಗಿ ಮಧ್ಯಸ್ಥಿಕೆ ವಹಿಸುವ ಸ್ಥಿತಿಗೆ ಗುರಿಪಡಿಸಲಾಗುವುದಿಲ್ಲ. ಇಂತಹ ಮಧ್ಯಸ್ಥಿಕೆಗಳಿಗೆ ಅಥವಾ ಹಲ್ಲೆಗಳಗೆ ವಿರೋಧವಾಗಿ ಕಾನೂನಿನಿಂದ ಸಂರಕ್ಷಣೆ ಹೊಂದುವ ಹಕ್ಕು ಪ್ರತಿಯೊಬ್ಬನಿಗೂ ಉಂಟು.</para>
  </article>
  <article number="13">
    <title>ನಿಬಂಧನೆ ೧೩.</title>
    <orderedlist>
      <listitem tag='(೧)'>
	<para>ಪ್ರತಿಸಂಸ್ಥಾನದ ಗಡಿಯೊಳಗೆ ಪ್ರತಿಯೊಬ್ಬನಿಗೂ ಸ್ವತಂತ್ರವಾಗಿ ಸಂಚರಿಸಲೂ, ನಿವಸಿಸಲೂ ಹಕ್ಕುಂಟು.</para>
      </listitem>
      <listitem tag='(೨)'>
	<para>ಪ್ರತಿಯೊಬ್ಬನಿಗೂ ತನ್ನ ಅಥವಾ ಅನ್ಯ ದೇಶಗಳನ್ನು ತ್ಯಜಿಸಲೂ ಮರಳಿ ತನ್ನ ದೇಶಕ್ಕೆ ಬರಲೂ ಹಕ್ಕುಂಟು.</para>
      </listitem>
    </orderedlist>
  </article>
  <article number="14">
    <title>ನಿಬಂಧನೆ ೧೪.</title>
    <orderedlist>
      <listitem tag='(೧)'>
	<para>ಉಪದ್ರವದ ದೆಸೆಯಿಂದ ಬೇರೆ ದೇಶಗಳಲ್ಲಿ ಆಶ್ರಯವನ್ನು ಅನ್ಟೇಷಿಸಲೂ ಅನುಭೋಗಿಸಲೂ ಪ್ರತಿಯೊಬ್ಬನಿಗೂ ಹಕ್ಕುಂಟು.</para>
      </listitem>
      <listitem tag='(೨)'>
	<para>ರಾಜಕೀಯೇತರ ದ್ರೋಹಗಳಿಂದಾಗಲಿ, ಯುಕ್ತರಾಷ್ಟ್ರಗಳ ಉದ್ದೇಶ ಮತ್ತು ಸೂತ್ರಗಳಿಗೆ ವಿರುದ್ದವಾದ ಕೃತ್ಯಗಳಿಂದಾಗಲಿ, ಯಥಾರ್ಧವಾಗಿ ಉದ್ಬವಿಸುವ ವ್ಯಾಜ್ಯಗಳ ವಿಷಯದಲ್ಲಿ ಈ ಹಕ್ಕನ್ನು ಆಶಿಸಲಾಗದು.</para>
      </listitem>
    </orderedlist>
  </article>
  <article number="15">
    <title>ನಿಬಂಧನೆ ೧೫.</title>
    <orderedlist>
      <listitem tag='(೧)'>
	<para>ರಾಷ್ಟ್ರೀಯತೆಗೆ ಪ್ರತಿಯೊಬ್ಬನಿಗೂ ಹಕ್ಕುಂಟು.</para>
      </listitem>
      <listitem tag='(೨)'>
	<para>ಇಚ್ಛಾನುಸಾರವಾಗಿ ಯಾವನನ್ನೂ ಅವನ ಜಾತೀಯತೆಯಿಂದ ತಪ್ಪಿಸಲಾಗದು. ಹಾಗೂ ಅವನ ಜನಾಂಗವನ್ನು ಬದಲಾಯಿಸುವ ಹಕ್ಕನ್ನೂ ಅಲ್ಲಗಳೆಯಲಾಗದು.</para>
      </listitem>
    </orderedlist>
  </article>
  <article number="16">
    <title>ನಿಬಂಧನೆ ೧೬.</title>
    <orderedlist>
      <listitem tag='(೧)'>
	<para>ಜಾತಿ ಜನಾಂಗ ಅಥವಾ ಮತದ ಯಾವ ಕಟ್ಟಳೆಯೂ ಇಲ್ಲದೆ ವಯಸ್ಕರಾದ ಸ್ತ್ರೀಪುರುಷರು ಲಗ್ನವಾಗಲೂ ಕುಟುಂಬವನ್ನು ಸ್ಠಾಪಿಸಲೂ, ಹಕ್ಕನ್ನು ಪಡೆದಿದ್ದಾರೆ. ವಿವಾಹಕ್ಕೆ ಹೇಳಿದಂತೆಯೇ ವಿವಾಹ ಸಮಯದಲ್ಲಿಯೂ ಅದರ ವಿಚ್ಛಿನ್ನತೆಯಲ್ಲಿಯೂ ಅವರು ಸಮಾನ ಹಕ್ಕನ್ನು ಪಡೆದಿದ್ದಾರೆ.</para>
      </listitem>
      <listitem tag='(೨)'>
	<para>ವಿವಾಹವಾಗಲಿರುವ ವಧೂವರರ ಸ್ವತಂತ್ರ ಹಾಗೂ ಸಂಪೂರ್ಣ ಒಪ್ಪಿಗೆಯಿಂದಲೇ ವಿವಾಹವನ್ನು ಕೈಕೊಳ್ಳಲಾಗುವುದು.</para>
      </listitem>
      <listitem tag='(೩)'>
	<para>ಕುಟುಂಬವು ಸಮಾಜದ ನೈಸರ್ಗಿಕ ಹಾಗೂ ಮೂಲಸಂಘಮಾನವಾಗಿದೆ. ಅಲ್ಲದೆ ಸಮಾಜದಿಂದಲೂ, ಸಂಸ್ಥಾನದಿಂದಲೂ, ಸಂರಕ್ಷಣೆಪಡೆಯಲು ಹಕ್ಕುಳ್ಳದ್ದಾಗಿದೆ.</para>
      </listitem>
    </orderedlist>
  </article>
  <article number="17">
    <title>ನಿಬಂಧನೆ ೧೭.</title>
    <orderedlist>
      <listitem tag='(೧)'>
	<para>ಏಕಾಗಿಯಾಗಿಯೂ ಇತರರೊಡಗೂಡಿಯೂ ಆಸ್ತಿಯನ್ನು ಪಡೆಯುವ ಹಕ್ಕು ಪ್ರತಿಯೊಬ್ಬನಿಗೂ ಉಂಟು.</para>
      </listitem>
      <listitem tag='(೨)'>
	<para>ಇಚ್ಛಾನುಸಾರವಾಗಿ ಯಾವನನ್ನೂ ಅವನ ಆಸ್ತಿಯಿಂದ ತಪ್ಪಿಸಲಾಗದು.</para>
      </listitem>
    </orderedlist>
  </article>
  <article number="18">
    <title>ನಿಬಂಧನೆ ೧೮.</title>
    <para>ಪ್ರತಿಯೊಬ್ಬನಿಗೂ ಭಾವನೆಯ ಅಂತಃಕರಣದ ಹಾಗೂ ಮತದ ಸ್ವಾತಂತ್ರ್ಯಗಳಿಗೆ ಬಾಧ್ಯತೆಯುಂಟು. ಏಕಾಂಗಿಯಾಗಿಯೂ ಇಲ್ಲವೆ ಇತರರೊಡಗೂಡಿಯೂ ತನ್ನ ಮತವನ್ನಾಗಲಿ, ವಿಶ್ವಾಸವನ್ನಾಗಲಿ, ಬದಲಾಯಿಸುವ ಸ್ವಾತಂತ್ರ್ಯವನ್ನೂ, ಬಹಿರಂಗವಾಗಿಯೂ ಗೋಪ್ಯವಾಗಿಯೂ ತನ್ನ ಮತವನ್ನಾಗಲಿ ವಿಶ್ವಾಸವನ್ನಾಗಲಿ ಬೋಧಿಸುವ, ರೂಢಿಸುವ, ಆರಾಧಿಸುವ, ಆಚರಿಸುವ ಸ್ವಾತಂತ್ರ್ಯವನ್ನೂ ಈ ಹಕ್ಕು ಒಳಗೊಂಡಿದೆ.</para>
  </article>
  <article number="19">
    <title>ನಿಬಂಧನೆ ೧೯.</title>
    <para>ಪ್ರತಿಯೊಬ್ಬನಿಗೂ ಅಭಿಪ್ರಾಯಪಡುವ, ಉಚ್ಚಾರಣೆಗೈವ ಸ್ವಾತಂತ್ರ್ಯಗಳ ಬಾಧ್ಯತೆಯುಂಟು. ಮಧ್ಯಸ್ಥಿಕೆ ವಹಿಸದಂತೆ ಅಭಿಪ್ರಾಯಗಳನ್ನಿಟ್ಟುಕೊಳ್ಳುವ ಸ್ವಾತಂತ್ರವನ್ನೂ ಸರಹದ್ದುಗಳ ಲಕ್ಷ್ಯವಿಲ್ಲದೆಯೂ ಯಾವ ಮುಖಾಂತರವಾಗಿಯೂ ವರ್ತಮಾನವನ್ನೂ ಭಾವನೆಗಳನ್ನೂ ಅನ್ವೇಷಣಗೈವ, ಸ್ವೀಕರಿಸುವ, ತಿಳಯಪಡಿಸುವ ಸ್ವಾತಂತ್ರ್ಯವನ್ನೂ ಈ ಬಾಧ್ಯತೆ ಒಳಗೊಂಡಿದೆ.</para>
  </article>
  <article number="20">
    <title>ನಿಬಂಧನೆ ೨೦.</title>
    <orderedlist>
      <listitem tag='(೧)'>
	<para>ಸ್ವತಂತ್ರವಾಗಿ ಶಾಂತಿಯಿಂದ ಸಭೆ ಸೇರಲು ಸಂಘಟಿಸಲೂ ಪ್ರತಿಯೊಬ್ಬನಿಗೂ ಹಕ್ಕುಂಟು.</para>
      </listitem>
      <listitem tag='(೨)'>
	<para>ಇಂಥದೇ ಕೂಟಕ್ಕೆ ಸೇರಿರೆಂದು ಯಾವನನ್ನೂ ಒತ್ತಾಯಪಡಿಸಲಾಗದು.</para>
      </listitem>
    </orderedlist>
  </article>
  <article number="21">
    <title>ನಿಬಂಧನೆ ೨೧.</title>
    <orderedlist>
      <listitem tag='(೧)'>
	<para>ತನ್ನ ದೇಶದ ಆಡಳಿತೆಯಲ್ಲಿ ಸ್ವತಃ ಅಥವಾ ಒಮ್ಮತದಿಂದ ಆರಿಸಲ್ಪಟ್ಟ ಪ್ರತಿನಿಧಿಯ ಮುಖಾಂತರ ಭಾಗವಹಿಸಲು ಪ್ರತಿಯೊಬ್ಬನಿಗೂ ಹಕ್ಕುಂಟು.</para>
      </listitem>
      <listitem tag='(೨)'>
	<para>ತನ್ನ ದೇಶದಲ್ಲಿ ಸಾರ್ವಜನಿಕ ಕಾರ್ಯಗಳಲ್ಲಿ ಸಮನಾಗಿ ಸಹಕರಿಸುವ ಹಕ್ಕು ಪ್ರತಿಯೊಬ್ಬನಿಗೂ ಉಂಟು.</para>
      </listitem>
      <listitem tag='(೩)'>
	<para>ಜನಗಳ ಇಚ್ಛೆಯೇ ಸರಕಾರದ ಅಧಿಕಾರದ ತಳಹದಿಯಾಗಿರುತ್ತದೆ. ಕಾಲಕಾಲಕ್ಕೆ ಏರ್ಪಡುವ ಸತ್ಯಾತ್ಮಕವಾದ, ಸಾರ್ವತ್ರಿಕವಾಗಿಯೂ ಸಮಾನವಾಗಿಯೂ ಮತದಾನಮಾಡಲಿರುವ ಚುನಾವಣೆಯಲ್ಲಿ ಈ ಇಚ್ಛೆಯನ್ನು ತಿಳಿಯಪಡಿಸಲಾಗುವುದು ಮತ್ತು ಗೋಪ್ಯವಾಗಿ ಮತದಾನಮಾಡುವ ಪದ್ಧತಿಯಲ್ಲಿಯೇ ಅಥವಾ ಸದೃಶವಾದ ಇಚ್ಚಾನುಸಾರವಾಗಿ ಮತದಾನಮಾಡುವ ಪದ್ಧತಿಯಲ್ಲಿಯೇ ಇದು ಜರುಗಿಸಲ್ಪಡುವುದು.</para>
      </listitem>
    </orderedlist>
  </article>
  <article number="22">
    <title>ನಿಬಂಧನೆ ೨೨.</title>
    <para>ಸಮಾಜದ ಸದಸ್ಯನಾದುದರಿಂದ ಸಾಮಾಜಿಕ ಭದ್ರತೆಗೆ ಪ್ರತಿಯೊಬ್ಬನಿಗೂ ಹಕ್ಕುಂಟು. ಮತ್ತು ತನ್ನ ಗೌರವಕ್ಕೂ ತನ್ನ ವ್ಯಕ್ತಿತ್ವದ ನೈಸರ್ಗಿಕಾಭಿವೃದ್ದಿಗೂ ಅತ್ಯಗತ್ಯವಾದ ಆರ್ಥಿಕ, ಸಾಮಾಜಿಕ, ಹಾಗೂ ಸಾಂಸ್ಕೃತಿಕ ಹಕ್ಕುಗಳನ್ನು ರಾಷ್ಟ್ರೀಯ ಪ್ರಯತ್ನದ ಮೂಲಕವೂ, ಅಂತರರಾಷ್ಟ್ರೀಯ ಸಹಕಾರದ ಮೂಲಕವೂ ಮತ್ತು ಪ್ರತಿರಾಷ್ಟ್ರದ ವ್ಯವಸ್ಧೆ ಮತ್ತು ಆದಾಯಗಳಿಗನುಗುಣವಾಗಿಯೂ ಆನುಭವಿಸುವ ಬಾಧ್ಯತೆ ಪ್ರತಿಯೊಬ್ಬನಿಗೂ ಉಂಟು.</para>
  </article>
  <article number="23">
    <title>ನಿಬಂಧನೆ ೨೩.</title>
    <orderedlist>
      <listitem tag='(೧)'>
	<para>ದುಡಿಯಲೂ, ನೌಕರಿಯನ್ನು ಇಚ್ಛಾನುಸಾರವಾಗಿ ಆಯ್ದುಕೊಳ್ಳಲೂ. ದುಡಿಮೆಗೆ ಯೋಗ್ಯವಾದ ಹಾಗೂ ಅನುಕೂಲವಾದ ಕರಾರುಗಳಿಗೂ, ನಿರುದ್ಯೋಗದಿಂದ ಸಂರಕ್ಷಸಿಕೊಳ್ಳಲೂ ಪ್ರತಿಯೊಬ್ಬನಿಗೂ ಹಕ್ಕುಂಟು.</para>
      </listitem>
      <listitem tag='(೨)'>
	<para>ಯಾವ ತಾರತಮ್ಯವಿಲ್ಲದೆ ಪ್ರತಿಯೊಬ್ಬನಿಗೂ ಸಮಾನ ಕೆಲಸಕ್ಕೆ ಸಮಾನ ಸಂಬಳ ಪಡೆಯುವ ಹಕ್ಕುಂಟು.</para>
      </listitem>
      <listitem tag='(೩)'>
	<para>ಪ್ರತಿಯೊಬ್ಬ ಕೆಲಸಗಾರನಿಗೂ ಉಚಿತವೂ ಲಾಭದಾಯಕವೂ ಆದ ಪ್ರತಿಫಲಕ್ಕೂ, ತನಗೂ ತನ್ನ ಕುಟುಂಬಕ್ಕು ವಿಮೆಕೊಳ್ಳಲು, ಮಾನವ ಗೌರವಾರ್ಹವಾದ ಜೀವನಕ್ಕೂ, ಅಗತ್ಯವಿದ್ದಲ್ಲಿ ಇತರ ಸಮಾಜ ಸಂರಕ್ಷೆಗಳಿಂದ ಪುರವಣಿ ಪಡೆಯಲೂ ಹಕ್ಕುಂಟು.</para>
      </listitem>
      <listitem tag='(೪)'>
	<para>ತನ್ನ ಸ್ವಾರ್ಥಗಳನ್ನು ಕಾಪಾಡಿಕೊಳ್ಳಲು ವಾಣಿಜ್ಯ ಕೂಟಗಳನ್ನು ಏರ್ಪಡಿಸುವ ಹಾಗೂ ಅವುಗಳಲ್ಲಿ ಸೇರಿಕೊಳ್ಳುವ ಹಕ್ಕು ಪ್ರತಿಯೊಬ್ಬನಿಗೂ ಉಂಟು.</para>
      </listitem>
    </orderedlist>
  </article>
  <article number="24">
    <title>ನಿಬಂಧನೆ ೨೪.</title>
    <para>ವಿರಾಮ ವಿಶ್ರಾಂತಿಗಳಿಗೂ ಉಚಿತಪರಿಮಿತಿಯುಳ್ಳ ಔದ್ಯೋಗಿಕ ಸಮಯಕ್ಕೂ ವೇತನ ಸಮೇತವಾದ ಕಾಲಕಾಲದ ರಜೆಗಳಿಗೂ ಪ್ರತಿಯೊಬ್ಬನಿಗೂ ಹಕ್ಕುಂಟು.</para>
  </article>
  <article number="25">
    <title>ನಿಬಂಧನೆ ೨೫.</title>
    <orderedlist>
      <listitem tag='(೧)'>
	<para>ಅನ್ನ ವಸ್ತ್ರ, ವಸತಿ ಮತ್ತು ವೈದ್ಯಕೀಯ ಜತನ ಸಮೇತನಾಗಿ ತನ್ನ ಮತ್ತು ತನ್ನ ಕುಟುಂಬದ ಕ್ಷೇಮಾರೋಗ್ಯಗಳಿಗೆ ಉಚಿತವಾದ ಜೀವನ ಮಟ್ಟವನ್ನು ಪಡೆಯಲೂ, ಅಗತ್ಯವಾದ ಸಮಾಜ ಸೇವೆಗಳನ್ನು ಹೊಂದಲೂ ಪ್ರತಿಯೊಬ್ಬನಿಗೂ ಹಕ್ಕುಂಟು; ಮತ್ತು ನಿರುದ್ಯೋಗ, ಕಾಯಿಲೆ, ದೌರ್ಬಲ್ಯ, ವೈಧವ್ಯ, ಮುಪ್ಪುಗಳ ಸಂದರ್ಭಗಳಲ್ಲಿಯೂ ಅಥವಾ ತನ್ನ ವಶವಲ್ಲದಿರುವ ಇತರ ಉಪಜೀವನದ ಅಭಾವ ಸಂದರ್ಭಗಳಲ್ಲಿಯೂ ರಕ್ಷಣೆ ಹೊಂದಲು ಪ್ರತಿಯೊಬ್ಬನಿಗೂ ಹಕ್ಕುಂಟು.</para>
      </listitem>
      <listitem tag='(೨)'>
	<para>ಬಾಣಂತಿತನ, ಮತ್ತು ಬಾಲ್ಯ ಇವೆರಡೂ ವಿಶೇಷ ಪರಾಂಬರಿಕೆ ಮತ್ತು ನೆರವುಗಳಗೆ ಬಾಧ್ಯತೆ ಪಡೆದಿವೆ. ವಿವಾಹ ಸಂಬಂಧದಿಂದ ಅಥವಾ ಅನ್ಯ ರೀತ್ಯಾ ಜನಿಸಿದ ಎಲ್ಲಾ ಮಕ್ಕಳು ಒಂದೇ ತೆರನಾದ ಸಮಾಜ ಸಂರಕ್ಷಣೆಯನ್ನು ಅನುಭವಿಸುವವು.</para>
      </listitem>
    </orderedlist>
  </article>
  <article number="26">
    <title>ನಿಬಂಧನೆ ೨೬.</title>
    <orderedlist>
      <listitem tag='(೧)'>
	<para>ಶಿಕ್ಷಣಕ್ಕೆ ಪ್ರತಿಯೊಬ್ಬನಿಗೂ ಹಕ್ಕುಂಟು ಶಿಕ್ಷಣವು ಕೊನೆಯ ಪಕ್ಷ ಪ್ರಾಥಮಿಕ ಹಾಗೂ ಮೂಲ ದರ್ಜೆಗಳಲ್ಲಿ ಧರ್ಮಾರ್ಥವಾಗಿರಬೇಕು. ಪ್ರಾಥಮಿಕ ಶಿಕ್ಷಣವು ಕಡ್ಡಾಯವಾಗಿರಬೇಕು. ಶಿಲ್ಪ ಶಿಕ್ಷಣ ಹಾಗೂ ವೃತ್ತಿಶಿಕ್ಷಣಗಳು ಸಾಮಾನ್ಯವಾಗಿ ಒದಗಿಸಲಾಗುವುವು. ಮತ್ತು ಉಚ್ಚ ಶಿಕ್ಷಣವು ಯೋಗ್ಯತೆಯ ಮೇಲೆ ಸರ್ವರಿಗೂ ಸಮಾನವಾಗಿ ದೊರೆಯಲಾಗುವುದು.</para>
      </listitem>
      <listitem tag='(೨)'>
	<para>ಮಾನವ ವ್ಯಕ್ತಿತ್ವದ ಸಂಪೂರ್ಣ ಬೆಳವಣಿಗೆಯತ್ತಲೂ, ಮಾನವನ ಹಕ್ಕುಗಳಿಗೂ ಮೂಲ ಸ್ವಾತಂತ್ರ್ಯಗಳಿಗೂ ಇರುವ ಮನ್ನಣೆಯನ್ನು ಬಲಗೊಳಿಸಲೂ, ಶಿಕ್ಷಣವು ಚಲಾಯಿಸಲಾಗುವುದು. ಎಲ್ಲಾ ಜನಾಂಗಗಳಲ್ಲಿಯೂ ಜಾತೀಯ ಅಥವಾ ಧಾರ್ಮಿಕ ಸಂಸ್ಥೆಗಳಲ್ಲಿಯೂ ಇದು ತಿಳುವಳಿಕೆಯನ್ನು ಸಹಿಷ್ಣುತೆಯನ್ನೂ ಮೈತ್ರಿಯನ್ನೂ ವೃದ್ಧಿಗೊಳಿಸುತ್ತದೆ, ಮತ್ತು ಶಾಂತಿಯನ್ನು ರಕ್ಷಿಸಲು ಸಂಯುಕ್ತ ರಾಷ್ಟ್ರಗಳ ಕಾರ್ಯಕಲಾಪಗಳನ್ನು ವರ್ಧಿಸುತ್ತದೆ.</para>
      </listitem>
      <listitem tag='(೩)'>
	<para>ತಮ್ಮ ಮಕ್ಕಳಿಗೆ ಯಾವ ರೀತಿಯ ಶಿಕ್ಷಣವನ್ನು ಕೊಡಬಹುದೋ ಆದನ್ನು ಆಯ್ದುಕೊಳ್ಳಲು ಮಾತಾಪಿತೃಗಳಿಗೆ ಆದ್ಯಾಧಿಕಾರವುಂಟು.</para>
      </listitem>
    </orderedlist>
  </article>
  <article number="27">
    <title>ನಿಬಂಧನೆ ೨೭.</title>
    <orderedlist>
      <listitem tag='(೧)'>
	<para>ಇಚ್ಛಾನುಸಾರವಾಗಿ ಜನಾಂಗದ ಸಾಂಸ್ಕೃತಿಕ ಜೀವನದಲ್ಲಿ ಪಾಲುಗೊಳ್ಳಲು, ಕಲೆಗಳನ್ನನುಭವಿಸಲೂ, ವೈಜ್ನಾನಿಕ ಅಭಿವೃದ್ಧಿಯಲ್ಲಿಯೂ ಅದರ ಫಲಗಳಲ್ಲಿಯೂ ಪಾಲುಗೊಳ್ಳಲು ಪ್ರತಿಯೊಬ್ಬನಿಗೂ ಹಕ್ಕುಂಟು..</para>
      </listitem>
      <listitem tag='(೨)'>
	<para>ತನ್ನ ಕರ್ತೃತ್ವದಲ್ಲಿಯಾದ ಯಾವುದೇ ವೈಜ್ಞೌನಿಕ, ಸಾಹಿತ್ಯ ಅಥವಾ ಕಲಾಕೌಶಲ ಗ್ರಂಥದಿಂದ ಫಲಿಸುವ ನೈತಿಕ ಹಾಗೂ ಭೌತಿಕ ಅದಾಯಗಳನ್ನು ಸಂರಕ್ಷಿಸುವ ಹಕ್ಕು ಪ್ರತಿಯೊಬ್ಬನಿಗೂ ಉಂಟು.</para>
      </listitem>
    </orderedlist>
  </article>
  <article number="28">
    <title>ನಿಬಂಧನೆ ೨೮.</title>
    <para>ಈ ಪ್ರಕಟನೆಯಲ್ಲಿ ಸೂಚಿತವಾದ ಹಕ್ಕುಗಳನ್ನು ಸ್ವಾತಂತ್ರ್ಯಗಳನ್ನೂ ಸಂಪೂರ್ಣವಾಗಿ ಅನುಭವಿಸ ಬಹುದಾದಂಥ ಸಾಮಾಜಿಕವೂ ಅಂತರರಾಷ್ಟ್ರೀಯವೂ ಆದ ವ್ಯವಸ್ಥೆಗೆ ಪ್ರತಿಯೊಬ್ಬನಿಗೂ ಬಾಧ್ಯತೆಯುಂಟು.</para>
  </article>
  <article number="29">
    <title>ನಿಬಂಧನೆ ೨೯.</title>
    <orderedlist>
      <listitem tag='(೧)'>
	<para>ಕೇವಲ ಯಾವ ಕರ್ತವ್ಯಗಳಿಂದ ತನ್ನ ವ್ಯಕ್ತಿತ್ವದ ನಿರಾತಂಕವೂ, ಸಂಪೂರ್ಣವೂ, ಆದ ಬೆಳವಣಿಗೆ ಸಾಧ್ಯವೋ ಅಂತಹ ಕರ್ತವ್ಯಗಳನ್ನು ಸಮಾಜಕ್ಕೆ ಸಲ್ಲಿಸಲೋಸುಗ ಪ್ರತಿಯೊಬ್ಬನಿಗೂ ಬಾಧ್ಯತೆಯುಂಟು.</para>
      </listitem>
      <listitem tag='(೨)'>
	<para>ಪ್ರಜಾಪ್ರಭುತ್ವ ಸಮಾಜದಲ್ಲಿ ಕೇವಲ ಇತರರ ಹಕ್ಕು ಸ್ವಾತಂತ್ರ್ಯಗಳಿಗೆ ಸಲ್ಲತಕ್ಕ ಅಂಗೀಕಾರ ಮತ್ತು ಮನ್ನಣೆಗಳನ್ನು ಪಡೆಯಲೋಸುಗವೂ, ಸದಾಚಾರದ ಯಥಾರ್ಥ ಆಕಾಂಕ್ಷೆಗಳನ್ನು ಪಡೆಯಲೂ, ಸಾರ್ವಜನಿಕ ಶಿಸ್ತು ಹಾಗೂ ಸಾರ್ವಜನಿಕ ಯೋಗಕ್ಷೇಮಗಳನ್ನು ಹೊಂದಲೂ ಪ್ರತಿಯೊಬ್ಬನೂ ತನ್ನ ಹಕ್ಕುಗಳನ್ನೂ ಸ್ವಾತಂತ್ರ್ಯಗಳನ್ನೂ ಚಲಾಯಿಸುವಾಗ ಕೇವಲ ಕಾನೂನಿನಿಂದ ನಿಶ್ಚಿತವಾದಂಥ ಕಟ್ಟಳೆಗಳಿಗೆ ಅಧೀನನಾಗಿರಬೇಕು.</para>
      </listitem>
      <listitem tag='(೩)'>
	<para>ಸಂಯುಕ್ತ ರಾಷ್ಟ್ರಗಳ ಉದ್ದೇಶಗಳಿಗೂ ತತ್ವಗಳಿಗೂ ವಿರುದ್ಧವಾಗಿ ಯಾವ ವಿಷಯದಲ್ಲಿಯೂ ಈ ಹಕ್ಕುಗಳೂ ಈ ಸ್ವಾತಂತ್ರ್ಯಗಳೂ ಪ್ರಯೋಗಿಸಲ್ಪಡಲಾರವು.</para>
      </listitem>
    </orderedlist>
  </article>
  <article number="30">
    <title>ನಿಬಂಧನೆ ೩೦.</title>
    <para>ಯಾವ ಪ್ರಾಂತಕ್ಕಾಗಿಯೋ ಸಂಘಕ್ಕಾಗಿಯೋ ವ್ಯಕ್ತಿಗಾಗಿಯೋ ಎಂಬುದಾಗಿಯೂ, ಯಾವುದೋ ಉದ್ಯಮದಲ್ಲಿ ತೊಡಗಿರಲೆಂಬುದಾಗಿಯೂ, ಅಥವಾ ಇದರಲ್ಲಿರುವ ಯಾವುದಾದರೂ ಹಕ್ಕುಗಳನ್ನೂ ಸ್ವಾತಂತ್ರ್ಯಗಳನ್ನೂ ನಾಶಗೊಳಿಸಲು ಉದ್ದೇಶಿಸಿರುವ ಯಾವುದೋ ಕಾರ್ಯವನ್ನು ಮಾಡಲೆಂಬುದಾಗಿಯೂ ಈ ಪ್ರಕಟನೆಯಲ್ಲಿರುವ ಯಾವ ವಿಷಯವನ್ನೂ ವ್ಯಾಖ್ಯಾನಿಸಬಾರದು.</para>
  </article>
</udhr>
