<?xml version="1.0" encoding="UTF-8"?>

<!--© The Office of the High Commisioner for Human Rights-->

<udhr iso639-3='srp' xml:lang='sr-Latn' key='srp_latn' n='Serbian (Latin)' dir='ltr' iso15924='Latn' xmlns="http://www.unicode.org/udhr">
  <title>OPŠTA DEKLARACIJA O PRAVIMA ČOVEKA</title>
  <preamble>
    <title>UVOD</title>
    <para>Pošto je priznavanje urođenog dostojanstva i jednakih i neotuđivih prava svih članova ljudske porodice temelj slobode, pravde i mira u svetu;</para>
    <para>pošto je nepoštovanje i preziranje prava čoveka vodilo varvarskim postupcima, koji su vređali savest čovečanstva, i pošto je stvaranje sveta u kojem će ljudska bića uživati slobodu govora i verovanja i biti slobodna od straha i nemaštine proglašeno kao najviša težnja svakog čoveka;</para>
    <para>pošto je bitno da prava čoveka budu zaštićena pravnim sistemom kako čovek ne bi bio primoran da kao krajnjem izlazu pribegne pobuni protiv tiranije i ugnjetavanja;</para>
    <para>pošto je bitno da se podstiče razvoj prijateljskih odnosa među narodima;</para>
    <para>pošto su narodi Ujedinjenih nacija u Povelji ponovo proglasili svoju veru u osnovna prava čoveka, u dostojanstvo i vrednost čovekove ličnosti i ravnopravnost muškaraca i žena i pošto su odlučili da podstiču društveni napredak i poboljšaju životni standard u većoj slobodi;</para>
    <para>pošto su se države članice obavezale da u saradnji s Ujedinjenim nacijama obezbede opšte poštovanje i primenu ljudskih prava i osnovnih sloboda;</para>
    <para>pošto je opšte shvatanje ovih prava i sloboda od najveće važnosti za puno ostvarenje ove obaveze,</para>
    <para>GENERALNA SKUPŠTINA PROGLAŠAVA</para>
    <para>OVU OPŠTU DEKLARACIJU O PRAVIMA ČOVEKA kao zajednički domet koji treba da postignu svi narodi i sve nacije da bi svaki pojedinac i svaki organ društva, imajući ovu Deklaraciju stalno na umu, težio da učenjem i vaspitavanjem doprinese poštovanju ovih prava i sloboda da bi se postupnim unutrašnjim i međunarodnim merama obezbedilo njihovo opšte i stvarno priznanje i poštovanje kako među narodima samih država članica, tako i među narodima onih teritorija koje su pod njihovom upravom.</para>
  </preamble>
  <article number="1">
    <title>Član 1.</title>
    <para>Sva ljudska bića rađaju se slobodna i jednaka u dostojanstvu i pravima. Ona su obdarena razumom i svešću i treba jedni prema drugima da postupaju u duhu bratstva.</para>
  </article>
  <article number="2">
    <title>Član 2.</title>
    <para>Svakom pripadaju sva prava i slobode proglašene u ovoj Deklaraciji bez ikakvih razlika u pogledu rase, boje, pola, jezika, veroispovesti, političkog ili drugog mišljenja, nacionalnog ili društvenog porekla, imovine, rođenja ili drugih okolnosti.</para>
    <para>Dalje, neće se praviti nikakva razlika na osnovu političkog, pravnog ili međunarodnog statusa zemlje ili teritorije kojoj neko lice pripada, bilo da je ona nezavisna, pod starateljstvom, nesamoupravna, ili da joj je suverenost na ma koji drugi način ograničena.</para>
  </article>
  <article number="3">
    <title>Član 3.</title>
    <para>Svako ima pravo na život, slobodu i bezbednost ličnosti.</para>
  </article>
  <article number="4">
    <title>Član 4.</title>
    <para>Niko se ne sme držati u ropstvu ili potčinjenosti: ropstvo i trgovina robljem zabranjeni su u svim oblicima.</para>
  </article>
  <article number="5">
    <title>Član 5.</title>
    <para>Niko ne sme biti podvrgnut mučenju ili svirepom, nečovečnom ili ponižavajućem postupku ili kazni.</para>
  </article>
  <article number="6">
    <title>Član 6.</title>
    <para>Svako ima pravo da svuda bude priznat kao pravni subjekt.</para>
  </article>
  <article number="7">
    <title>Član 7.</title>
    <para>Svi su pred zakonom jednaki i imaju pravo bez ikakve razlike na podjednaku zakonsku zaštitu. Svi imaju pravo na jednaku zaštitu protiv bilo kakve diskriminacije kojom se krši ova Deklaracija i protiv svakog podsticanja na ovakvu diskriminaciju.</para>
  </article>
  <article number="8">
    <title>Član 8.</title>
    <para>Svako ima pravo da ga nadležni nacionalni sudovi efikasno štite od dela kršenja osnovnih prava koja su mu priznata ustavom ili zakonom.</para>
  </article>
  <article number="9">
    <title>Član 9.</title>
    <para>Niko ne sme biti proizvoljno uhapšen, pritvoren, niti proteran.</para>
  </article>
  <article number="10">
    <title>Član 10.</title>
    <para>Svako ima potpuno jednako pravo na pravično javno suđenje pred nezavisnim i nepristrasnim sudom koji će odlučiti o njegovim pravima i obavezama, i o osnovanosti svake krivične optužbe protiv njega.</para>
  </article>
  <article number="11">
    <title>Član 11.</title>
    <orderedlist>
      <listitem>
	<para>Svako ko je optužen za krivično delo ima pravo da bude smatran nevinim dok se na osnovu zakona krivica ne dokaže na javnom suđenju na kojem su mu obezbeđene sve garantije potrebne za njegovu odbranu.</para>
      </listitem>
      <listitem>
	<para>Niko ne sme biti osuđen za dela ili propuste koji nisu predstavljali krivično delo po nacionalnom ili međunarodnom pravu u vreme kada su izvršeni. Isto tako ne sme se izricati teža kazna od one koja se mogla primeniti u vreme kada je krivično delo izvršeno.</para>
      </listitem>
    </orderedlist>
  </article>
  <article number="12">
    <title>Član 12.</title>
    <para>Niko ne sme biti izložen proizvoljnom mešanju u privatni život, porodicu, stan ili prepisku, niti napadima na čast i ugled. Svako ima pravo na zakonsku zaštitu protiv ovakvog mešanja ili napada.</para>
  </article>
  <article number="13">
    <title>Član 13.</title>
    <orderedlist>
      <listitem>
	<para>Svako ima pravo na slobodu kretanja i izbora stanovanja u granicama pojedine države.</para>
      </listitem>
      <listitem>
	<para>Svako ima pravo da napusti bilo koju zemlju, uključujući svoju vlastitu, i da se vrati u svoju zemlju.</para>
      </listitem>
    </orderedlist>
  </article>
  <article number="14">
    <title>Član 14.</title>
    <orderedlist>
      <listitem>
	<para>Svako ima pravo da traži i uživa u drugim zemljama utočište od proganjanja.</para>
      </listitem>
      <listitem>
	<para>Na ovo pravo se niko ne može pozvati u slučaju gonjenja za krivična dela koja nisu političkog karaktera ili progona zbog dela koja su u suprotnosti sa ciljevima i načelima Ujedinjenih nacija.</para>
      </listitem>
    </orderedlist>
  </article>
  <article number="15">
    <title>Član 15.</title>
    <orderedlist>
      <listitem>
	<para>Svako ima pravo na državljanstvo.</para>
      </listitem>
      <listitem>
	<para>Niko ne sme samovoljno biti lišen svog državljanstva niti prava da promeni državljanstvo.</para>
      </listitem>
    </orderedlist>
  </article>
  <article number="16">
    <title>Član 16.</title>
    <orderedlist>
      <listitem>
	<para>Punoletni muškarci i žene, bez ikakvih ograničenja u pogledu rase, državljanstva ili vere, imaju pravo da sklope brak i da osnuju porodicu. Oni su ravnopravni prilikom sklapanja braka, za vreme njegovog trajanja i prilikom njegovog razvoda.</para>
      </listitem>
      <listitem>
	<para>Brak se zaključuje samo slobodnim i potpunim pristankom lica koja stupaju u brak.</para>
      </listitem>
      <listitem>
	<para>Porodica je prirodna i osnovna ćelija društva i ima pravo na zaštitu društva i države.</para>
      </listitem>
    </orderedlist>
  </article>
  <article number="17">
    <title>Član 17.</title>
    <orderedlist>
      <listitem>
	<para>Svako ima pravo da poseduje imovinu, sam kao i u zajednici s drugima.</para>
      </listitem>
      <listitem>
	<para>Niko ne sme biti samovoljno lišen imovine.</para>
      </listitem>
    </orderedlist>
  </article>
  <article number="18">
    <title>Član 18.</title>
    <para>Svako ima pravo na slobodu misli, savesti i vere; ovo pravo uključuje slobodu promene vere ili ubeđenja i slobodu da čovek, bilo sam ili u zajednici s drugima, javno ili privatno, upražnjava svoju veru ili ubeđenje putem nastave, vršenja kulta i obavljanja obreda.</para>
  </article>
  <article number="19">
    <title>Član 19.</title>
    <para>Svako ima pravo na slobodu mišljenja i izražavanja, što obuhvata i pravo da ne bude uznemiravan zbog svog mišljenja, kao i pravo da traži, prima i širi obaveštenja i ideje bilo kojim sredstvima i bez obzira na granice.</para>
  </article>
  <article number="20">
    <title>Član 20.</title>
    <orderedlist>
      <listitem>
	<para>Svako ima pravo na slobodu mirnog okupljanja i udruživanja.</para>
      </listitem>
      <listitem>
	<para>Niko ne može biti primoran da pripada nekom udruženju.</para>
      </listitem>
    </orderedlist>
  </article>
  <article number="21">
    <title>Član 21.</title>
    <orderedlist>
      <listitem>
	<para>Svako ima pravo da učestvuje u upravljanju svojom zemljom, neposredno ili preko slobodno izabranih predstavnika.</para>
      </listitem>
      <listitem>
	<para>Svako ima pravo da na ravnopravnoj osnovi stupa u javnu službu u svojoj zemlji.</para>
      </listitem>
      <listitem>
	<para>Volja naroda je osnova državne vlasti: ova volja treba da se izražava na povremenim i slobodnim izborima, koji će se sprovoditi opštim i jednakim pravom glasa, tajnim glasanjem ili odgovarajućim postupkom kojim se obezbeđuje sloboda glasanja.</para>
      </listitem>
    </orderedlist>
  </article>
  <article number="22">
    <title>Član 22.</title>
    <para>Svako, kao član društva, ima pravo na socijalno osiguranje i pravo da ostvaruje privredna, društvena i kulturna prava neophodna za svoje dostojanstvo i za slobodan razvoj svoje ličnosti, uz pomoć države i međunarodne saradnje, a u skladu s organizacijom i sredstvima svake države.</para>
  </article>
  <article number="23">
    <title>Član 23.</title>
    <orderedlist>
      <listitem>
	<para>Svako ima pravo na rad, na slobodan izbor zaposlenja, na pravične i zadovoljavajuće uslove rada i na zaštitu od nezaposlenosti.</para>
      </listitem>
      <listitem>
	<para>Svako, bez ikakve razlike, ima pravo na jednaku platu za jednaki rad.</para>
      </listitem>
      <listitem>
	<para>Svako ko radi ima pravo na pravednu i zadovoljavajuću naknadu koja njemu i njegovoj porodici obezbeđuje egzistenciju koja odgovara ljudskom dostojanstvu i koja će, ako bude potrebno, biti upotpunjena drugim sredstvima socijalne zaštite.</para>
      </listitem>
      <listitem>
	<para>Svako ima pravo da obrazuje i da stupi u sindikate radi zaštite svojih interesa.</para>
      </listitem>
    </orderedlist>
  </article>
  <article number="24">
    <title>Član 24.</title>
    <para>Svako ima pravo na odmor i razonodu, uključujući razumno ograničenje radnog vremena i povremeni plaćeni odmor.</para>
  </article>
  <article number="25">
    <title>Član 25.</title>
    <orderedlist>
      <listitem>
	<para>Svako ima pravo na životni standard koji obezbeđuje zdravlje i blagostanje, njegovo i njegove porodice, uključujući hranu, odeću, stan i lekarsku negu i potrebne socijalne službe, kao i pravo na osiguranje u slučaju nezaposlenosti, bolesti, invalidnosti, udovištva, starosti, ili drugih slučajeva gubljenja sredstava za izdržavanje usled okolnosti nezavisnih od njegove volje.</para>
      </listitem>
      <listitem>
	<para>Majke i deca imaju pravo na naročito staranje i pomoć. Sva deca, rođena u braku ili van njega, uživaju jednaku socijalnu zaštitu.</para>
      </listitem>
    </orderedlist>
  </article>
  <article number="26">
    <title>Član 26.</title>
    <orderedlist>
      <listitem>
	<para>Svako ima pravo na školovanje. Školovanje treba da bude besplatno bar u osnovnim i nižim školama. Osnovna nastava je obavezna. Tehnička i stručna nastava treba da bude opšte dostupna, a viša nastava treba da bude svima podjednako pristupačna na osnovu utvrđenih kriterijuma.</para>
      </listitem>
      <listitem>
	<para>Školovanje treba da bude usmereno punom razvoju ljudske ličnosti i jačanju poštovanja ljudskih prava i osnovnih sloboda. Ono treba da unapređuje razumevanje, trpeljivost i prijateljstvo među svim narodima, rasnim i verskim grupacijama, kao i delatnost Ujedinjenih nacija za održavanje mira.</para>
      </listitem>
      <listitem>
	<para>Roditelji imaju prvenstveno pravo da biraju vrstu školovanja za svoju decu.</para>
      </listitem>
    </orderedlist>
  </article>
  <article number="27">
    <title>Član 27.</title>
    <orderedlist>
      <listitem>
	<para>Svako ima pravo da slobodno učestvuje u kulturnom životu zajednice, da uživa u umetnosti i da učestvuje u naučnom napretku i u dobrobiti koja otuda proističe.</para>
      </listitem>
      <listitem>
	<para>Svako ima pravo na zaštitu moralnih i materijalnih interesa koji proističu iz bilo kog naučnog, književnog ili umetničkog dela čiji je on tvorac.</para>
      </listitem>
    </orderedlist>
  </article>
  <article number="28">
    <title>Član 28.</title>
    <para>Svako ima pravo na društveni i međunarodni poredak u kojem prava i slobode objavljeni u ovoj Deklaraciji mogu biti potpuno ostvareni.</para>
  </article>
  <article number="29">
    <title>Član 29.</title>
    <orderedlist>
      <listitem>
	<para>Svako ima dužnost prema zajednici koja jedina omogućava slobodno i puno razvijanje njegove ličnosti.</para>
      </listitem>
      <listitem>
	<para>U vršenju svojih prava i ostvarivanju sloboda svako može biti podvrgnut samo onim ograničenjima koja su predviđena zakonom u cilju obezbeđenja nužnog priznanja i poštovanja prava i sloboda drugih i u cilju zadovoljenja pravičnih zahteva morala, javnog poretka i opšteg blagostanja u demokratskom društvu.</para>
      </listitem>
      <listitem>
	<para>Ova prava i slobode ni u kom slučaju ne mogu se izvršavati protivno ciljevima i načelima Ujedinjenih nacija.</para>
      </listitem>
    </orderedlist>
  </article>
  <article number="30">
    <title>Član 30.</title>
    <para>Nijedna odredba ove Deklaracije ne može se tumačiti kao pravo za ma koju državu, grupu ili lice da preduzima bilo koju aktivnost ili da vrši bilo kakvu radnju usmerenu na poništenje prava i sloboda koji su u njoj sadržani.</para>
  </article>
</udhr>
