<?xml version="1.0" encoding="UTF-8"?>

<!--© The Office of the High Commisioner for Human Rights-->

<udhr iso639-3='slv' xml:lang='sl' key='slv' n='Slovenian' dir='ltr' iso15924='Latn' xmlns="http://www.unicode.org/udhr">
   <title>Splošna deklaracija človekovih pravic</title>
   <preamble>
      <title>Preambula</title>
      <para>ker pomeni priznanje prirojenega človeškega dostojanstva vseh članov človeške družbe in njihovih enakih in neodtujljivih pravic temelj svobode, pravičnosti in miru na svetu;</para>
      <para>ker sta zanikanje in teptanje človekovih pravic pripeljala do barbarskih dejanj, žaljivih za človeško vest, in ker je bila stvaritev sveta, v katerem bi imeli vsi ljudje svobodo govora in verovanja in v katerem ne bi živeli v strahu in pomanjkanju, spoznana za najvišje prizadevanje človeštva;</para>
      <para>ker je nujno potrebno, da se človekove pravice zavarujejo z močjo prava, da človek ne bi bil prisiljen zatekati se v skrajni sili k uporu zoper tiranijo in nasilje;</para>
      <para>ker je nujno potrebno pospeševati razvoj prijateljskih odnosov med narodi;</para>
      <para>ker so ljudstva Združenih narodov ponovno potrdila svojo vero v temeljne človekove pravice in dostojanstvo in vrednost človekove osebnosti, v enakopravnost moških in žensk in se odločila, da bodo podpirala družbeni napredek in ustvarjanje boljših življenjskih pogojev v večji svobodi;</para>
      <para>ker so se vse države članice zavezale, da bodo, v sodelovanju z Združenimi narodi, pospeševale splošno in resnično spoštovanje človekovih pravic in temeljnih svoboščin;</para>
      <para>ker je skupno razumevanje teh pravic in svoboščin največjega pomena za popolno uresničitev te zaveze,</para>
      <para>Generalna skupščina razglaša</para>
      <para>To splošno deklaracijo človekovih pravic kot skupen ideal vseh ljudstev in vseh narodov z namenom, da bi vsi organi družbe in vsi posamezniki, vedno v skladu s to Deklaracijo, pri pouku in vzgoji razvijali spoštovanje teh pravic in svoboščin ter s postopnimi državnimi in mednarodnimi ukrepi zagotovili in zavarovali njihovo splošno in resnično priznanje in spoštovanje, tako med narodi držav članic samih, kakor tudi med ljudstvi ozemelj pod njihovo oblastjo.</para>
   </preamble>
   <article number="1">
      <title>1. člen</title>
      <para>Vsi ljudje se rodijo svobodni in imajo enako dostojanstvo in enake pravice. Obdarjeni so z razumom in vestjo in bi morali ravnati drug z drugim kakor bratje.</para>
   </article>
   <article number="2">
      <title>2. člen</title>
      <para>Vsakdo je upravičen do uživanja vseh pravic in svoboščin, ki so razglašene s to Deklaracijo, ne glede na raso, barvo kože, spol, jezik, vero, politično ali drugo prepričanje, narodno ali socialno pripadnost, premoženje, rojstvo ali kakršnokoli drugo okoliščino.</para>
      <para>Nadalje ni dopustno nikakršno razlikovanje glede na politično ali pravno ureditev ali mednarodni položaj dežele ali ozemlja, ki mu kdo pripada, pa naj bo to ozemlje neodvisno, pod skrbništvom, nesamoupravno ali kakorkoli omejeno v svoji suverenosti.</para>
   </article>
   <article number="3">
      <title>3. člen</title>
      <para>Vsakdo ima pravico do življenja, do prostosti in do osebne varnosti.</para>
   </article>
   <article number="4">
      <title>4. člen</title>
      <para>Nihče ne sme biti držan ne v suženjstvu ne v tlačanski odvisnosti; suženjstvo in trgovina s sužnji v kakršnikoli obliki sta prepovedana.</para>
   </article>
   <article number="5">
      <title>5. člen</title>
      <para>Nihče ne sme biti podvržen mučenju ali okrutnemu, nečloveškemu ali ponižujočemu ravnanju ali kaznovanju.</para>
   </article>
   <article number="6">
      <title>6. člen</title>
      <para>Vsakdo ima povsod pravico do priznanja pravne sposobnosti.</para>
   </article>
   <article number="7">
      <title>7. člen</title>
      <para>Vsi so enaki pred zakonom, vsi, brez diskriminacije, imajo pravico do enakega pravnega varstva. Vsi imajo pravico do enakega varstva pred sleherno diskriminacijo, ki bi kršila to Deklaracijo, kakor tudi pred vsakim ščuvanjem k takšni diskriminaciji.</para>
   </article>
   <article number="8">
      <title>8. člen</title>
      <para>Vsakdo ima pravico do učinkovitega pravnega sredstva pri pristojnih državnih sodnih oblasteh proti dejanjem, ki kršijo temeljne pravice, priznane mu po ustavi ali zakonu.</para>
   </article>
   <article number="9">
      <title>9. člen</title>
      <para>Nihče ne sme biti samovoljno zaprt, pridržan ali izgnan.</para>
   </article>
   <article number="10">
      <title>10. člen</title>
      <para>Vsakdo je pri odločanju o njegovih pravicah in dolžnostih in v primeru kakršnekoli kazenske obtožbe zoper njega upravičen ob polni enakosti do pravičnega in javnega obravnavanja pred neodvisnim in nepristranskim sodiščem.</para>
   </article>
   <article number="11">
      <title>11. člen</title>
      <orderedlist>
         <listitem>
            <para>Vsakdo, ki je obtožen kaznivega dejanja, ima pravico, da velja za nedolžnega, dokler ni spoznan za krivega v skladu z zakonom, v javnem postopku, v katerem so mu dane vse možnosti, potrebne za njegovo obrambo.</para>
         </listitem>
         <listitem>
            <para>Nihče ne sme biti spoznan za krivega kateregakoli kaznivega dejanja zaradi kakršnegakoli ravnanja ali opustitve, ki v času storitve ni bilo kaznivo dejanje po notranjem ali mednarodnem pravu. Prav tako se ne sme izreči strožja kazen od tiste, ki je bila predpisana v času storitve kaznivega dejanja.</para>
         </listitem>
      </orderedlist>
   </article>
   <article number="12">
      <title>12. člen</title>
      <para>Nikogar se ne sme nadlegovati s samovoljnim vmešavanjem v njegovo zasebno življenje, v njegovo družino, v njegovo stanovanje ali njegovo dopisovanje in tudi ne z napadi na njegovo čast in ugled. Vsakdo ima pravico do zakonskega varstva pred takšnim vmešavanjem ali takšnimi napadi.</para>
   </article>
   <article number="13">
      <title>13. člen</title>
      <orderedlist>
         <listitem>
            <para>Vsakdo ima pravico do svobodnega gibanja in izbire prebivališča znotraj meja določene države.</para>
         </listitem>
         <listitem>
            <para>Vsakdo ima pravico zapustiti katerokoli državo, vključno s svojo lastno, in vrniti se v svojo državo.</para>
         </listitem>
      </orderedlist>
   </article>
   <article number="14">
      <title>14. člen</title>
      <orderedlist>
         <listitem>
            <para>Vsakdo ima pravico v drugih državah iskati in uživati pribežališče pred preganjanjem.</para>
         </listitem>
         <listitem>
            <para>Na to pravico se ni mogoče sklicevati v primeru pregona, ki dejansko temelji na nepolitičnih kaznivih dejanjih, ki so v nasprotju s cilji in načeli Združenih narodov.</para>
         </listitem>
      </orderedlist>
   </article>
   <article number="15">
      <title>15. člen</title>
      <orderedlist>
         <listitem>
            <para>Vsakdo ima pravico do državljanstva.</para>
         </listitem>
         <listitem>
            <para>Nikomur se ne sme samovoljno vzeti državljanstvo ali zakonita pravica do spremembe državljanstva.</para>
         </listitem>
      </orderedlist>
   </article>
   <article number="16">
      <title>16. člen</title>
      <orderedlist>
         <listitem>
            <para>Polnoletni moški in ženske imajo brez kakršnihkoli omejitev glede na raso, državljanstvo ali vero, pravico skleniti zakonsko zvezo in ustanoviti družino. Upravičeni so do enakih pravic v zvezi z zakonsko zvezo, tako med zakonsko zvezo, kot tudi, ko ta preneha.</para>
         </listitem>
         <listitem>
            <para>Zakonska zveza se sme skleniti samo s svobodno in polno privolitvijo obeh bodočih zakoncev.</para>
         </listitem>
         <listitem>
            <para>Družina je naravna in temeljna celica družbe in ima pravico do družbenega in državnega varstva.</para>
         </listitem>
      </orderedlist>
   </article>
   <article number="17">
      <title>17. člen</title>
      <orderedlist>
         <listitem>
            <para>Vsakdo ima pravico do premoženja, tako sam, kakor tudi skupno z drugimi.</para>
         </listitem>
         <listitem>
            <para>Nikomur ne sme biti premoženje samovoljno vzeto.</para>
         </listitem>
      </orderedlist>
   </article>
   <article number="18">
      <title>18. člen</title>
      <para>Vsakdo ima pravico do svobode misli, vesti in veroizpovedi; ta pravica vključuje svobodo spreminjati prepričanje ali vero, kakor tudi njuno svobodno, javno ali zasebno izražanje, bodisi posamezno ali v skupnosti z drugimi, s poučevanjem, z izpolnjevanjem verskih dolžnosti, z bogoslužjem in opravljanjem obredov.</para>
   </article>
   <article number="19">
      <title>19. člen</title>
      <para>Vsakdo ima pravico do svobode mišljenja in izražanja, vštevši pravico, da nihče ne sme biti nadlegovan zaradi svojega mišljenja, in pravico, da lahko vsak išče, sprejema in širi informacije in ideje s kakršnimikoli sredstvi in ne glede na meje.</para>
   </article>
   <article number="20">
      <title>20. člen</title>
      <orderedlist>
         <listitem>
            <para>Vsakdo ima pravico do svobodnega in mirnega zbiranja in združevanja.</para>
         </listitem>
         <listitem>
            <para>Nikogar se ne sme prisiliti k članstvu v katerokoli društvo.</para>
         </listitem>
      </orderedlist>
   </article>
   <article number="21">
      <title>21. člen</title>
      <orderedlist>
         <listitem>
            <para>Vsakdo ima pravico sodelovati pri opravljanju javnih zadev svoje države bodisi neposredno ali pa po svobodno izbranih predstavnikih.</para>
         </listitem>
         <listitem>
            <para>Vsakdo ima pod enakimi pogoji pravico do javnih služb v svoji državi.</para>
         </listitem>
         <listitem>
            <para>Volja ljudstva je temelj javne oblasti; ta volja se mora izražati v občasnih in poštenih volitvah, ki morajo biti splošne, ob načelu enakosti in tajnega glasovanja ali po kakšnem drugem enakovrednem postopku, ki zagotavlja svobodo glasovanja.</para>
         </listitem>
      </orderedlist>
   </article>
   <article number="22">
      <title>22. člen</title>
      <para>Vsakdo ima kot član družbe pravico do socialne varnosti in pravico do uživanja, s pomočjo prizadevanja svojih skupnosti in mednarodnega sodelovanja in v skladu z ureditvijo in sredstvi neke države, ekonomskih, socialnih in kulturnih pravic, nepogrešljivih za njegovo dostojanstvo in svoboden razvoj njegove osebnosti.</para>
   </article>
   <article number="23">
      <title>23. člen</title>
      <orderedlist>
         <listitem>
            <para>Vsakdo ima pravico do dela in proste izbire zaposlitve, do pravičnih in zadovoljivih delovnih pogojev in do varstva pred brezposelnostjo.</para>
         </listitem>
         <listitem>
            <para>Vsakdo ima, brez kakršnekoli diskriminacije, pravico do enakega plačila za enako delo.</para>
         </listitem>
         <listitem>
            <para>Vsakdo, kdor dela, ima pravico do pravične in zadovoljive nagrade, ki zagotavlja njemu in njegovi družini človeka vreden obstoj in ki naj se po potrebi dopolni z drugimi sredstvi socialnega varstva.</para>
         </listitem>
         <listitem>
            <para>Vsakdo ima pravico sodelovati pri ustanavljanju sindikata ali pridružiti se sindikatu za zavarovanje svojih interesov.</para>
         </listitem>
      </orderedlist>
   </article>
   <article number="24">
      <title>24. člen</title>
      <para>Vsakdo ima pravico do počitka in prostega časa, vključno z razumno omejitvijo delovnih ur , in pravico do občasnega plačanega dopusta.</para>
   </article>
   <article number="25">
      <title>25. člen</title>
      <orderedlist>
         <listitem>
            <para>Vsakdo ima pravico do takšne življenjske ravni, ki zagotavlja njemu in njegovi družini zdravje in blaginjo, vključno s hrano, obleko, stanovanjem, zdravniško oskrbo in potrebnimi socialnimi storitvami; pravico do varstva v primeru brezposelnosti, bolezni, delovne nezmožnosti, vdovstva ter starosti ali druge nezmožnosti pridobivanja življenjskih sredstev zaradi okoliščin, neodvisnih od njegove volje.</para>
         </listitem>
         <listitem>
            <para>Materinstvo in otroštvo sta upravičena do posebne skrbi in pomoči. Vsi otroci, bodisi da so rojeni kot zakonski ali zunaj zakonske skupnosti, uživajo enako socialno varstvo.</para>
         </listitem>
      </orderedlist>
   </article>
   <article number="26">
      <title>26. člen</title>
      <orderedlist>
         <listitem>
            <para>Vsakdo ima pravico do izobraževanja. Izobraževanje mora biti brezplačno vsaj na začetni stopnji. Šolanje na začetni stopnji mora biti obvezno. Tehnično in poklicno šolanje mora biti splošno dostopno. Višje šolanje mora biti na osnovi doseženih uspehov vsem enako dostopno.</para>
         </listitem>
         <listitem>
            <para>Izobraževanje mora biti usmerjeno k polnemu razvoju človekove osebnosti in utrjevanju spoštovanja človekovih pravic in temeljnih svoboščin. Pospeševati mora razumevanje, strpnost in prijateljstvo med vsemi narodi in med rasami in verskimi skupinami ter pospeševati dejavnost Združenih narodov in ohranitev miru.</para>
         </listitem>
         <listitem>
            <para>Starši imajo prednostno pravico pri izbiri vrste izobraževanja svojih otrok.</para>
         </listitem>
      </orderedlist>
   </article>
   <article number="27">
      <title>27. člen</title>
      <orderedlist>
         <listitem>
            <para>Vsakdo ima pravico prosto se udeleževati kulturnega življenja svoje skupnosti, uživati umetnost in sodelovati pri napredku znanosti in biti deležen koristi, ki iz tega izhajajo.</para>
         </listitem>
         <listitem>
            <para>Vsakdo ima pravico do varstva moralnih in premoženjskih koristi, ki izhajajo iz kateregakoli znanstvenega, književnega ali umetniškega dela, katerega avtor je.</para>
         </listitem>
      </orderedlist>
   </article>
   <article number="28">
      <title>28. člen</title>
      <para>Vsakdo je upravičen do družbenega in mednarodnega reda, v katerem se lahko v polni meri uresničujejo pravice in svoboščine, določene v tej Deklaraciji.</para>
   </article>
   <article number="29">
      <title>29. člen</title>
      <orderedlist>
         <listitem>
            <para>Vsakdo ima dolžnosti do skupnosti, v kateri je edino mogoč svoboden in popoln razvoj njegove osebnosti.</para>
         </listitem>
         <listitem>
            <para>Pri izvajanju svojih pravic in svoboščin je vsakdo podvržen samo takšnim omejitvam, ki so določene z zakonom, katerih izključni namen je zavarovati obvezno priznanje in spoštovanje pravic in svoboščin drugih ter izpolnjevanje pravičnih zahtev morale, javnega reda in splošne blaginje v demokratični družbi.</para>
         </listitem>
         <listitem>
            <para>Te pravice in svoboščine se v nobenem primeru ne smejo izvajati v nasprotju s cilji in načeli Združenih narodov.</para>
         </listitem>
      </orderedlist>
   </article>
   <article number="30">
      <title>30. člen</title>
      <para>Nobene določbe te Deklaracije se ne sme razlagati tako, kot da iz nje izhaja za državo, skupino ali posameznika kakršnakoli pravica do kakršnegakoli delovanja ali dejanja, ki bi hotelo uničiti v njej določene pravice in svoboščine.</para>
   </article>
</udhr>
