<?xml version="1.0" encoding="UTF-8"?>

<!--© The Office of the High Commisioner for Human Rights-->

<udhr iso639-3="gld" xml:lang="gld" key="gld" n="Nanai" dir='ltr' iso15924='Cyrl' xmlns="http://www.unicode.org/udhr">
  <title>Най правосални Всеобщай Декларацияни</title>
  <note>
    <para>Генеральнай Ассамблея резолюциядиани 217 A (III) гуси биани дёаячиа инидуэни 1948 айӈаниду токтовохан, гэрэн гурумбэ долдивамбохан</para>
  </note>
  <preamble>
    <para>Гэрэн гурун нуктэндуэчи балди най таони гэбуни, эмуту, уй-дэ чӣрэсини правосал – хэӈгэл, мирнэй биури основани. Чава тэдючими, гучи</para>
    <para>са̄ори: най правосалбани бодоваси, чачи чиурисиури – тэй хэм най до̄вани тагдоандини. Най хэӈгэл, мэнэ мурумби уми мутэми, хайди-да эм ӈ л ми, эм хадиачиами бигуэни аӈго̄ри мир – тэй гэрэн гурун чу увуй мурундиэри отоличайчи, сайчайчи мир. Чава тэдючими, гучи</para>
    <para>най, сиӈгэрэмбэ, эрумбэ ба̄ридои, чихаласи-да, мурумби ачапчи чу хаморой эрдэнчи – соринчи – илиаси осигоани, нёани правосалбани гиан кусундиэни кандёрива гэлэури. Чава тэдючими, гучи</para>
    <para>гой-гой голо найсал кэвэли балдивачи масилтоми пикпӯри. Чава тэдючими, гучи</para>
    <para>Объединённай Нациясал голосалчи найсал правосалбани, гэбувэни, ценностивэни, гучи хусэни, эктэни эмутуди правосалковачи Уставаду гучи модан уӈгухэчи, тотара социальнай прогресс, хэӈгэл биури бади улэн-улэн осигоачи пикпумэри дэрухэчи. Чава тэдючими, гучи</para>
    <para>государствосал-членсэл, ООНди гэсэ, най правосалбани, свободасалбани гэбулэуривэ, дахалаорива пикпумэри хэсэвэ бӯхэмбэчи. Тэдючимэри, гучи</para>
    <para>эй правосал, свободасал характербачи хэмту найсал отолиочиачи, нёанчи бухэмбэри хэсэвэри чопал тэде опогоандидоачи, отолихачи тэӈ да̄и значениеку осивани са̄ми. Чава тэдючими,</para>
    <para>Генеральнай Ассамблея</para>
    <para>эй най таони правосални Всеобщай Декларациява гэрэн гурун са̄гоачи гисурэйни. Тэй задачава тэде оповамборива хэмту голосал, государствосал тэдемэӈгилэйчи.</para>
    <para>Най таони, общество органни таони, эй Декларациява тул-тул эдечимэри, гэрэн гурумбэ алосимари, тачиочимари, эй правосалба, свободасалба кидуривэ тэдемэӈгуэчи, всеобщай, эффективнэй признаниева мэнэ голои гучи гой-гой голосал дёбонсалдиани оповамборива, нёамбачи государствосал- членсэл голосалдоачи, тэй государствосал далачайчи на̄ду би голосалду тэде оповамборива обеспечивалаорива тэдемэндивэчи гэлэй.</para>
  </preamble>
  <article number="1">
    <title>Дюлуй статья</title>
    <para>Хэмту найсал гипалин, мэнэ гэбудиэри, правосалдиари эмуту балдичи. Нёанчи муруӈку, дэрэлку, диа диавари а-нэу-мэт бодомари тагилайчи.</para>
  </article>
  <article number="2">
    <title>Дюэечиэ статья</title>
    <para>Най таони, голони, хэрэктэни бойкони хо̄ни бимиу, эктэни, хусэни бимиу, хай хэсэдиэни хисаӈгоамио, хай эндуривэ, политикава гучи гой дякасалба агдачамио, хавой голо бимиу, баян, синэди бимиу, дяӈгиан, байби най бимиу, гучи хадёни гой хай-да хаӈгис-хаӈгис бӣ-дэ, – чава эм бодоами, эй Декларация са̄ваӈкини хэмту правосалку, хэмту свободасалку бигини.</para>
    <para>Тэй оячиани, найва, хай боадоани, на̄доани бӣ-дэ, тэй боа, на̄, страна хо̄ни би статусако бимиу: политическай, правовой, международнай-ну, мэнэ энчэхэндии-ну, гой страна далайдиани бӣни-ну гучи хо̄ни-да энчэхэмбэни камаливачи аличайни-ну – гэрбиэсиухэн тургундулэни хаӈгис-хаӈгис бодоваси.</para>
  </article>
  <article number="3">
    <title>Илиачиа статья</title>
    <para>Най таони бимбэ, свободава, уй-дэ нёамбани тоӈгаласивани гэлэми мутэй. Тэй нёани правони.</para>
  </article>
  <article number="4">
    <title>Дуечиэ статья</title>
    <para>Уйвэ-дэ лаодинчами ачаси; лаодинчаорива, лаодинсалба хачинди ходасиорива камалиори.</para>
  </article>
  <article number="5">
    <title>Тойӈгиачиа статья</title>
    <para>Уйвэ-дэ эрулэури, кэпсуӈгэди, гэбувэни тугбуми таори, кэсулиури ачаси.</para>
  </article>
  <article number="6">
    <title>Нюӈгиэчиэ статья</title>
    <para>Най таони, хайдо-да бичин-дэ, нёани правосубъектностиди правоковани тэдеуривэ гэлэй.</para>
  </article>
  <article number="7">
    <title>Надачиа статья</title>
    <para>Хэмту найсал гиандо эмуту, хангис-хангис би анадиани, эмутуди гиан кандёйвани гэлэмэри мутэйчи. Эй Декларациява эм тургунчиэми, уйвэ-дэ хо̄ни-да тугбуриду гучи хо̄ни-да хэм би тугбунчи пикпуриду хэмту най эмуту кандёмба гэлэмэри мутэйчи.</para>
  </article>
  <article number="8">
    <title>Дякпочиа статья</title>
    <para>Най таони, нёандоани Конституция, гиан бӯхэчи основной правосалбани боялиори осини, гиамба улэн са̄ри мэнэ голои дёдяни нёани правосалбани хэм тэрэк таогойвани гэлэми мутэй.</para>
  </article>
  <article number="9">
    <title>Хуюэчиэ статья</title>
    <para>Уйвэ-дэ байта анадиани дяпаори, камалиори, пуӈнэури ачаси.</para>
  </article>
  <article number="10">
    <title>Дёаячиа статья</title>
    <para>Най таони, мэнэ правосалби гучи таи дякасалба тэрэк осигоаӈгоачи, м пибайталтойвачигиаӈкономса̄гоачи,гэрэнгурундиэмутуди,хэмтунайсал са̄ридиачи, гиандола тэрэк мэнэ энчэхэндии дёбой дёдян дёдяйвани гэлэми мутэй.</para>
  </article>
  <article number="11">
    <title>Дёан эмунчиэ статья</title>
    <orderedlist>
      <listitem>
        <para>Най таомбани, нёамбани байталториду, чава гиандола дёдями са̄гори- чиа, байта анади бодори; тэй оячиани нёамбани, хони-да хэм м пи кандёми мутэгуэни, хачинди бэлэчиури.</para>
      </listitem>
      <listitem>
        <para>Уйвэ-дэ, хайва-да тахандолани-ну, та̄чиндолани-ну, чава тахани эринду нёани голони гиандолани, международнай праволани тэй байта биэчини осини, байтакоам байталтоми ачаси. Гучи байтагои ба̄хани эринду бичин кэсулиндуй маӈгади кэсулими ачаси.</para>
      </listitem>
    </orderedlist>
  </article>
  <article number="12">
    <title>Дёан дюэечиэ статья</title>
    <para>Уй-дэ гой най эргэмбэни, дёгбани, гэбувэни, дёӈкани балдимбани тоӈгалами мутэси. Най таомбани гиан кандёйни.</para>
  </article>
  <article number="13">
    <title>Дёан илиачиа статья</title>
    <orderedlist>
      <listitem>
        <para>Най таони мэнэ мурундулэй хэӈгэлди пулсими, мэнэ государствои долани бигуи боава ба̄ми мутэй.</para>
      </listitem>
      <listitem>
        <para>Най таони гой странава, мэнэ странаи на̄лами, мэнэ страначии мочогоми мутэй.</para>
      </listitem>
    </orderedlist>
  </article>
  <article number="14">
    <title>Дёан дуечиэ статья</title>
    <orderedlist>
      <listitem>
        <para>Най таони, нёамбани гой най хасасидоани, мэнэ бэуӈгуи гой боаду гэлэми, ба̄хамби бэумби такорами мутэй.</para>
      </listitem>
      <listitem>
        <para>Най мэнэ оркиндолаи хай-да байтава тайни осини, Объединённай Нациясал Организацияни принципэвэни хаӈгис-хаӈгис тайни осини, нёани эй правова такорами мутэси.</para>
      </listitem>
    </orderedlist>
  </article>
  <article number="15">
    <title>Дёан тойӈгиачиа статья</title>
    <orderedlist>
      <listitem>
        <para>Най таони гражданствоку бими мутэй.</para>
      </listitem>
      <listitem>
        <para>Уй-дэ гражданствовани бай туй абанавами ачаси, гражданствои мэнэ мурундулэи калами мутэйни правова чӣгуми ачаси .</para>
      </listitem>
    </orderedlist>
  </article>
  <article number="16">
    <title>Дёан нюӈгучиэ статья</title>
    <orderedlist>
      <listitem>
        <para>Хусэ, эктэ най, дёан дякпон с вэ исипари, гой-гой голоко, религияку-да, эди-аси осимари мутэйчи. Нёанчи, эди-аси осидоари, гэсэ балдидоари, па̄дилагойдоари, хэм эмуту правокул.</para>
      </listitem>
      <listitem>
        <para>Най хэӈгэлди мэнэ мурундулэи, эе-тая чихалайдоани, эди-аси осимари мутэйчи.</para>
      </listitem>
      <listitem>
        <para>Нуктэн – общество боӈго ячейкани; обществоди, государстводи нуктэмбэ кандёйчи. Тэй нуктэн правони</para>
      </listitem>
    </orderedlist>
  </article>
  <article number="17">
    <title>Дёан надиачиа статья</title>
    <orderedlist>
      <listitem>
        <para>Най таони мэнэ хадёмби эмучэн, гой найди-да гэсэ эделэчэми мутэйни.</para>
      </listitem>
      <listitem>
        <para>Уй-дэ гой най хадёмбани чӣми мут си.</para>
      </listitem>
    </orderedlist>
  </article>
  <article number="18">
    <title>Дёан дякпочиа статья</title>
    <para>Най таони мэнэ хэӈгэлди муруӈку, дэрэлку, религияку бими мутэй; эй правола най мэнэ чихалами религияи, мурумби калами мутэй. Най таони мэнэ тэдючии мурумби, религияи эмучэн, гой гурунди гэсэ-дэ голои колилани тами мутэй.</para>
  </article>
  <article number="19">
    <title>Дёан хуюэчиэ статья</title>
    <para>Най таони мэнэ тэдючии муруӈку бими мутэй. Тэй мурумби гой гурумбэ тэдевэӈкичэми, хэӈгэлди уми мутэй. Нёандоани тэй право би. Эй правочи ӣричи: хай границасалба-да бодоами, мэнэ мурумби го̄лани биури, хамача-да мэдэвэни хай-да хэм эрдэнди гэлэмэчиури, ба̄ори, найсалба са̄вамбори.</para>
  </article>
  <article number="20">
    <title>Хоринчиа статья</title>
    <orderedlist>
      <listitem>
        <para>Най таони хэӈгэл мирнэй собраниесалду, ассоциациясалду бими мутэй.</para>
      </listitem>
      <listitem>
        <para>Уйвэ-дэ, чихаласи найва, хавой-да ассоциациячи ӣвэӈкичэвэси.</para>
      </listitem>
    </orderedlist>
  </article>
  <article number="21">
    <title>Хорин эмунчиэ статья</title>
    <orderedlist>
      <listitem>
        <para>Най таони странаи мэнэ бэедии-ну, гой сондёхан найсал алдандиани-ну далачами мутэй.</para>
      </listitem>
      <listitem>
        <para>Най таони мэнэ странадои государственнай дёбондо дёбоми мутэй.</para>
      </listitem>
      <listitem>
        <para>Государстводу балди голосал мурунчи – правительство гиани тэхэни. Гэрэн гурун мурундулэчи странаду тоӈдо сондёнсалба осивамбори. Тайнай голосованиеду сондёй найсал хэм эмутуди правоку осивачи гэлэури.</para>
      </listitem>
    </orderedlist>
  </article>
  <article number="22">
    <title>Хорин дюэечиэ статья</title>
    <para>Най таони, общество членни бими, нёани экономическай, социальнай, культурнэй удэду мэнэ гэбуи эурӣчэми, хэӈгэлди урэми балдигоани, нёани странадоани балди голосал гой-гой боаду балди голосалди гэсэ диа диавари бэлэчивэчи гэлэури. Тэй найсал таони правочи.</para>
  </article>
  <article number="23">
    <title>Хорин илиачиа статья</title>
    <orderedlist>
      <listitem>
        <para>Най таони правони: дёбори, мэнэ мурундулэи дёбоӈгои сондёри, тэрэк би, улэн условиеку дёбондо дёбори, дёбон ана осидиани хоричако биури.</para>
      </listitem>
      <listitem>
        <para>Най таони гой найди эмуту дёбондола эмуту туримбэ гэлэми мутэй.</para>
      </listitem>
      <listitem>
        <para>Дёбой най таони, нёандоани, нёани дёӈкандоани иси туримбэ гэлэуриди правоку; турини исиасини осини, государство нёамбани бэлэчидиэни правоку.</para>
      </listitem>
      <listitem>
        <para>Най таони нёани интересэвэни кандёй профсоюзава аӈгоми, тэй профсоюзачи ӣуми ая правоку.</para>
      </listitem>
    </orderedlist>
  </article>
  <article number="24">
    <title>Хорин дуечиэ статья</title>
    <para>Дёбой най таони тэими, туриӈку отпускава гэлэми мутэй. Тэй нёани правони.</para>
  </article>
  <article number="25">
    <title>Хорин тойӈгиачиа статья</title>
    <orderedlist>
      <listitem>
        <para>Най таони, мэнэ гучи дёӈкамби аяди, элгиэчимэри балдигоачи, дёко, сиаптаӈгико, тэтуэку, энусидуэри, окчичи гучи дэӈси гуруӈку биуриди правоку. Дёбон ана осиочиани, энусидуэни, дебоми мутэсидуэни, на̄он дэрэдигучиэни, сагдаӈгочиани, албан бэлэчивэни гэлэми мутэйни. Тэй най таони правони.</para>
      </listitem>
      <listitem>
        <para>Нӯчи пурилку экэсэл, нӯчи пурил чу маӈга эмуту этэхимбэ, бэлэчимбэ гэлэуриди правокул. Хэмту пурил, эдику ба̄охан бимиу, эди ана ба̄охан бимиу, эмутуди албан бэлэчидиэни, ка̄ндёйдиани бӣвэчи гэлэури. Тэй нёанчи правочи.</para>
      </listitem>
    </orderedlist>
  </article>
  <article number="26">
    <title>Хорин нюӈгиэчиэ статья</title>
    <orderedlist>
      <listitem>
        <para>Най таони тачиочиориди правоку. Начальнай, общай образование таман ана бигилэйчи. Хэмту пурил начальнай образованиева ба̄гилайчи. Техническэй, профессиональнай, увуй образованиева мутэй гурун хэм ба̄гичи.</para>
      </listitem>
      <listitem>
        <para>Образование найва улэн, маси, гой най правосалбани, свободасалбани кидуривэ тачиочигини. Образование диа диавари, гой голосалба дэрэлэми, аличами биуривэ, Объединённай Нациясал Организацияни мирбэ кандёйвани бэлэчиуривэ тачиочигини.</para>
      </listitem>
      <listitem>
        <para>Аминсал, энинсэл нӯчи пурилбэри хайдо-да тачиочигоачи мэнэ сондёриди правокул.</para>
      </listitem>
    </orderedlist>
  </article>
  <article number="27">
    <title>Хорин надачиа статья</title>
    <orderedlist>
      <listitem>
        <para>Най таони мэнэ мурундулэи общество культурнэй биндуэни, искусствова улэсими, научнай прогрессаду участвовалами, бэнчиэмбэни такорами мутэуриди правоку.</para>
      </listitem>
      <listitem>
        <para>Най таони моральнай, материальнай интересэсэлби – мэнэ научнай, культурнэй, художественнай дёбонсалби – кандёми мутэуриди правоку.</para>
      </listitem>
    </orderedlist>
  </article>
  <article number="28">
    <title>Хорин дякпочиа статья</title>
    <para>Най таони социальнай гучи международнай порядокба гэлэуриди правоку. Тэй право эй Декларацияду нирувухэн най правосалбани, свободасалбани тэде оповандини.</para>
  </article>
  <article number="29">
    <title>Хорин хуюэчиэ статья</title>
    <orderedlist>
      <listitem>
        <para>Най таони хэӈгэлди, тэӈ улэнди урэи, бии обществоду нэ таодаӈко.</para>
      </listitem>
      <listitem>
        <para>Най таони мэнэ правосалби, свободасалби тэде оповандидои, демократическай обществоду би гой най правосалбани, свободасалбани, общественнай порядокбани, гэрэн гурун бэнчиэмбэчи гиандола са̄гини, кидугини .</para>
      </listitem>
      <listitem>
        <para>Тэй правосалба, свободасалба тэде оповандидои, ха̄ли-да Объединённай Нациясал Организацияни целисэлни, принципэсэлни хангиактолани тами ачаси.</para>
      </listitem>
    </orderedlist>
  </article>
  <article number="30">
    <title>Гочиачиа статья</title>
    <para>Хайва-да эй Декларацияду нирувухэмбэ, хавой-да государстводо-ну, найсал хопандоачи-ну, па̄ди найдо-ну правосалба гучи свободасалба абанагоами тагоачи правова бувуриэм, отолими ачаси.</para>
  </article>
</udhr>
