<?xml version="1.0" encoding="UTF-8"?>

<!--© The Office of the High Commisioner for Human Rights-->

<udhr iso639-3='kha' xml:lang='kha' key='kha' n='Khasi' dir='ltr' iso15924='Latn' xmlns="http://www.unicode.org/udhr">
   <title>KA JINGPYNBNA-ÏAR SATLAK ÏA KI HOK LONGBRIEW MANBRIEW</title>
   <note>
      <para>Ba la pynbna bad pynjari da ka Dorbar Bah ka Synjuk Ki  katkum ka Rai 217A (III) ha ka 10 Tarik Nohprah 1948, ha Paris, France.</para>
   </note>
   <preamble>
      <title>PHYLLAW PONGSHAI</title>
      <para>Kumba ka jingithuh ïa ka kyrdan long tynrai bad ïa ki marryngkat bad bashongkhien jong baroh ki dkhot longïing u  dei ka tlong jong ka jinglaitluid, ka jingbishar hok, bad ka jingsuk shisnieh pyrthei,</para>
      <para>Kumba ka jingibeiñ bad jingbymsuidkhai ïa ki hok longbriew manbriew la pynkha ïa ki kam riewkhlaw kiba la pynkhih win ïa ka jingïatiplem u bynriew, bad ka jingkylla ka pyrthei ha kaba u khun bynriew un leh kmen laitluid ha ka kren ka khana bad jingngeit bad jinglaitluid na ka tieng ka syier bad ka kyrduh la pynbna kum ka jingangnud ba ha khlieh tam jong u luk u lak,</para>
      <para>Kumba ka long kaba donkam ba ïa u/ka briew ym dei ban pynbor ban shim ki lynti, kum ka khen khatduh, da ka jingïaleh pyrshah ïa ka jingbanbeiñ bad jingsynshar runar, ba ïa ki hok longbriew manbriew dei ban ïada da ka aiñ ka kanun,</para>       <para>Kumba ka long kaba donkam ban kyntiew ïa ka jingroi ka jingïadei lok para ri,</para>
      <para>Kumba ki briew jong ka Synjuk Ki Ri ha ka Kyrmit ki la pynskhem ia la ka jingngeit ha ki tynrai ki hok longbriew manbriew, ha ka kyrdan bad dor longbriew bad ha ki hok marryngkat la kynthei ne shynrang bad la kut jingmut ban pyntei pynsan ïa ka imlang sahlang bad ïa ka kyrdan jingim ba khambha ha ka jinglaitluid ba khamïar,</para>
      <para>Kumba ki Ri-Long-Dkhot ki la smai ban kynjoh, da ka jingbynrap lang bad ka Synjuk Ki Ri, sha ka jingkyntiew ïa ka jingïaburom salonsar bad ka jingpeitngor ban pyntrei kam ïa ki hok longbriew manbriew bad ki jinglaitluid ba tynrai,</para>
      <para>Kumba ka jingsngewthuh-ïar ïa kine ki hok bad ki jinglaitluid ka dei ka jingdonkam ba khraw eh na ka bynta ban pyn pura ïa kane ka jingsmai.</para>
      <para>Namarkata, Mynta,</para>
      <para>Ka Dorbar Bah,</para>
      <para>Ka la pynbna bad pynjari ïa kane ka Jingpynbna-ïar Satlak Ïa Ki Hok Longbriew Manbriew kum ka jingthew ba biang pylla lang ïa baroh ki bynriew bad baroh ki ri, ba kumta man la u/ka briew bad man ki kynhun jong ka imlang sahlang, da kaba ïai tyngkai khop ïa kane ka Jingpynbna-ïar, kin ïaleh da kaba hikai bad pynnang pynstad ban kyntiew irat ïa ka jingburom ïa kine ki hok bad ki jinglaitluid bad da ki lad pynsan, la shi Hima ne para Hima, ban pynïoh ïa ka jingtyngkai bad jingithuh salonsar ba seisoh, hapdeng ki briew jong ki Ri-Long-Dkhot hi bad hapdeng ki briew jong ki Ilaka synshar jong ki hi.</para>
   </preamble>
   <article number="1">
      <title>Jinis 1</title>
      <para>Ïa ki bynriew baroh la kha laitluid bad ki ïaryngkat ha ka burom bad ki hok. Ha ki la bsiap da ka bor pyrkhat bad ka jingïatiplem bad ha ka mynsiem jingsngew shipara ki dei ban ïatrei bynrap lang.</para>
   </article>
   <article number="2">
      <title>Jinis 2</title>
      <para>Uwei pa kawei ki don ïa baroh ki hok kynti bad jinglaitluid ba la mang ha kane ka Jingpynbna-ïar, khlem jingpynïapher eiei, kum ka jaitbynriew, ka rong ka sniehdoh, kynthei ne shynrang, ka ktien ka thylliej, ka niam ka rukom, ka saiñ pyrthei ne ka mut ka khan, ka thymmei ri ne ka imlang sahlang, ka jingdon jingem, ka jingkha ne kano kano ka jinglong.</para>
       <para>Shuh shuh, ka jingpynïapher ïa ki briew kam dei ban long halor ka nongrim ka jinglong ka saiñ pyrthei, ka jylli synshar khadar jong ka ri kaba ki briew ki long trai, la ka long ka ri kaba laitluid, kaba shaniah ha kiwei, ka bym synshar hi lane kaba hap ha u pud u sam jong ka jingsynshar ba ha khlieh duh jong kawei pat ka ri.</para>
  </article>
   <article number="3">
      <title>Jinis 3</title>
      <para>Uwei pa kawei ki don ka hok ban im, ban ioh laitluid bad ban ïoh jingïada.</para>
   </article>
   <article number="4">
      <title>Jinis 4</title>
      <para>Ym don uwei ne kawei ki ban shah teh mraw ne long mraw hano hano; la khang pyrshah ïa ka jinglongmraw bad ka jingkhaïi mraw la ki dei ha kano kano ka dur ne rukom.</para>
   </article>
   <article number="5">
      <title>Jinis 5</title>
      <para>Ym don uwei ne kawei kiba lah ban shah thom sha ka saja, ne ban shah lehbeiñ bymkheiñ briew ne shah pynhiar dor ïa ka kyrdan longbriew manbriew ne jingpynshitom.</para>
   </article>
   <article number="6">
      <title>Jinis 6</title>
      <para>Uwei pa kawei ki don ka hok ban ïoh ïa ka jingithuh hakhmat ka aiñ ha man ki jaka.</para>
   </article>
   <article number="7">
      <title>Jinis 7</title>
      <para>Baroh ki long marryngkat ha khmat ka aiñ bad ki don ka hok ba khlem da ñiew shiliang khmat ha ka ban ïoh ïa ki jingïada ba markumjuh hakhmat ka aiñ. Baroh ki don ka hok ban ïoh jingïada ba markumjuh pyrshah ïa kano kano ka jingleh shiliang ha ka jingpynkheiñ ïa kane ka Jingpynbna-ïar lane pyrshah ïa kano kano ka jingkynshoit ïa kita ki jingleh shiliang.</para>
   </article>
   <article number="8">
      <title>Jinis 8</title>
      <para>Uwei pa kawei ki don ka hok sha ka jingmaramot ne ka jingpynbha ba seisoh da ka Kashari ne ki tnad Sorkar ri ba la ai bor bad ba laitluid na ka bynta ki kam be-aiñ pyrshah ïa ki hok tynrai ba la pynkhamti da ka riti synshar ne da ka aiñ hi.</para>
   </article>
   <article number="9">
      <title>Jinis 9</title>
      <para>Ym don uwei ne kawei ki ban shah kem, shah set slung ne shah pynryngkangpar be-aiñ.</para>
   </article>
   <article number="10">
      <title>Jinis 10</title>
      <para>Uwei pa kawei ki don hok marbiang pura ïa ka jingpynsngew paidbah bahok da ka Kashari ne ki tnad Sorkar ri ba laitluid, ha kaba rai kut ïa ki hok bad jingteh ka aiñ bad ïa kano kano ka jingkynnoh bymman pyrshah ïa u/ka.</para>
   </article>
   <article number="11">
      <title>Jinis 11</title>
      <orderedlist>
         <listitem>
            <para>Uwei pa kawei ba la shah mudui ha ka jingleh be-aiñ ki don ka hok ban shah ñiew kum kiba lui lui tad haduh ba la pynshisha ïa ka pap katkum ka aiñ bishar paidbah bad hadien ba ki la ïoh lut ïa ki lad jingïada ba tikna ban ïada ïalade.</para>
         </listitem>
         <listitem>
            <para>Ym don uwei ne kawei ki ban shah pynrem bymman ha kano kano ka kam be-aiñ tang namar ka jingleh ne jingbymleh kaba ym ïahap kum ka kam be-aiñ, katkum ka aiñ jong ka ri ne ka aiñ shityllup, ha ka por ba la leh ïa ka. Lymne ban daiñ ka kuna ba kham khia ban ïa kaba dei ban daiñ mynba ïa ka kam be-aiñ la leh.</para>
         </listitem>
      </orderedlist>
   </article>
   <article number="12">
      <title>Jinis 12</title>
      <para>Ym don uwei ne kawei ki ban shah tuklar ne shah mushlia be-aiñ halor ka kam shimet, ka longïing longsem ne ka jingïadei; lymne ban ktah matïong pyrshah ïa ka burom jong ki. Uwei pa kawei ki don ka hok ban ïoh ïa ka jingïada halor kita ki jingtuklar ne jingleh jubor.</para>
   </article>
   <article number="13">
      <title>Jinis 13</title>
      <orderedlist>
         <listitem>
            <para>Uwei pa kawei ki don ka hok ba laitluid ha ka ïaid ka ïeng bad ka shong ka sah hapoh u pud u sam jong man la ka Ri.</para>
         </listitem>
         <listitem>
            <para>Uwei pa kawei ki don ka hok ban mih na kano kano ka ri, kynthup na la ri hi, bad ban wan phai pat sha la ka ri.</para>
         </listitem>
      </orderedlist>
   </article>
   <article number="14">
      <title>Jinis 14</title>
      <orderedlist>
         <listitem>
            <para>Uwei pa kawei ki don ka hok ban wad jaka sah bad ban leh kmen ha kiwei pat ki ri ban riehtngen bad ban ïoh jingïada na ka jingshah pynshitom be-aiñ.</para>
         </listitem>
         <listitem>
            <para>Ïa kane ka hok ym lah ban khyllie ha ka jingïadei ka jingtian bishar ba la mih na ki kam be-aiñ ki bym ïasnoh bad ka saiñ pyrthei lane na ki kam ba pyrshah ïa ki jingthmu bad nongrim jong ka Synjuk Ki Ri .</para>
         </listitem>
      </orderedlist>
   </article>
   <article number="15">
      <title>Jinis 15</title>
      <orderedlist>
         <listitem>
            <para>Uwei pa kawei ki don ïa ka hok jong ka jinglong trai shnong.</para>
         </listitem>
         <listitem>
            <para>Ym don uwei ne kawei ki ban shah pynduh jubor ïa la ka hok jong ka jinglong trai shnong lymne ban shah kyntait ïa ka hok ban kylla ïa la ka jinglong trai shnong.</para>
         </listitem>
      </orderedlist>
   </article>
   <article number="16">
      <title>Jinis 16</title>
      <orderedlist>
         <listitem>
            <para>Ki Shynrang bad kynthei ba la kot rta, khlem da buh pud kum ka kheiñ jaitbynriew, jinglong trai shnong ne niam, ki don ka hok ban ïa poikha bad ban seng ïa la ka longïing. Ki don ka hok ba marryngkat ha ka poikha, ka shongkha, bad ha ka jingpynwai noh ïa ka.</para>
         </listitem>
         <listitem>
            <para>Ka Jingïapoikha ka dei ban long tang da ka jingmynjur ba pura bad ba laitluid jong ki shijur.</para>
         </listitem>
         <listitem>
            <para>Ka longïing ka dei ka jnit kynhun ba tynrai bad manbriew jong ka imlang sahlang bad ka don ïa ka hok ban ïoh jingïada na ka imlang sahlang bad na ka Ri.</para>
         </listitem>
      </orderedlist>
   </article>
   <article number="17">
      <title>Jinis 17</title>
      <orderedlist>
         <listitem>
            <para>Uwei pa kawei ki don ka hok ban long trai halor ki jingdon jingem shimet bad kumjuh ruh kum ka kynhun bad kiwei pat.</para>
         </listitem>
         <listitem>
            <para>Ym don uwei ne kawei ki ban shah pynduh hok be-aiñ ïa ka jingdon jingem jong ki.</para>
         </listitem>
      </orderedlist>
   </article>
   <article number="18">
      <title>Jinis 18</title>
      <para>Uwei pa kawei ki don ka hok ba laitluid ha ka pyrkhat pyrdaiñ, ka jingïatiplem bad ka niam; kane ka hok ka kynthup ïa ka jinglaitluid ban kylla niam ne jingngeit, la ka dei ha la marwei hi ne ha ka kynhun bad kiwei, haba paw ne barieh, ban phla ïa ka niam ne jingngeit ha kaba hikai, leh ne trei da ka kam, mane blei bad leh niam.</para>
   </article>
   <article number="19">
      <title>Jinis 19</title>
      <para>Uwei pa kawei ki don ka hok ba laitluid ban pyni nia bad pynpaw nia; kane ka hok ka kynthup ïa ka jinglaitluid ban pynïeng nia khlem da shah mushlïa bad ban wad, pdiang bad ai jingtip bad jingmut lyngba ki lad pathai khubor khlem da kheiñ eh ïa ki khappud.</para>
   </article>
   <article number="20">
      <title>Jinis 20</title>
      <orderedlist>
          <listitem>
            <para>Uwei pa kawei ki don ka hok ba laitluid ban ïalum jingïalang ne ïasnohkti ha kano kano ka lympung ha ka nongrim ba jai jai bad da ka basuk basaiñ.</para>
         </listitem>
         <listitem>
            <para>Ym don uwei ne kawei ki ban shah pynbor ban long dkhot ha kano kano ka seng.</para>
         </listitem>
     </orderedlist>
   </article>
   <article number="21">
      <title>Jinis 21</title>
      <orderedlist>
         <listitem>
            <para>Uwei pa kawei ki don ka hok ban ïa don bynta ha ka riti synshar jong ka ri, la marmet hi ne lyngba ki nongmihkhmat ba la jied laitluid.</para>
         </listitem>
         <listitem>
            <para>Uwei pa kawei ki don ka hok ban ïoh kabu katjuh ha kaba shakri paidbah ïa la ka ri.</para>
         </listitem>
         <listitem>
            <para>Ka mon u paidbah ka dei ka nongrim jong ka bor synshar sorkar; ïa kane ka mon lah ban pynpaw na ki por sha ki por ha ki ilekshon ba shisha ba la pynlong da jingjied paidbah salonsar ha ka rukom ba la buhrieh ne da kiwei pat ki rukom jied kiba ïa ryngkat dor bad kiba laitluid.</para>
         </listitem>
      </orderedlist>
   </article>
   <article number="22">
      <title>Jinis 22</title>
      <para>Uwei pa kawei, kum ki dkhot ka imlang sahlang, ki don ka hok ban ïoh ïa ka jingshongshngaiñ ha ka imlang sahlang bad ki don ruh ïa ka hok, lyngba ki bor ri bad jingïasynrop ki ri katkum ka jingsaiñdur bad ka jingdon jingem jong man kawei pa kawei ka Ri, halor ka ïoh ka kot, ka imlang sahlang, ki riti-dustur kiba ym lah ban pynïakhlad na ka burom bad ka jingsan laitluid ka longbriew manbriew jong ki.</para>
   </article>
   <article number="23">
      <title>Jinis 23</title>
      <orderedlist>
         <listitem>
            <para>Uwei pa kawei ki don ka hok ban trei ne bylla, ban jied laitluid ïa ka jingtrei ne jingbylla, ban ïoh ïa ka rukom long jong ka jingtrei katkum ka jingsngewbit jong ki bad ka jingïada na ka jingsah khlem kam.</para>
         </listitem>
         <listitem>
            <para>Uwei pa kawei, khlem jingpynïapher, ki don ka hok ban ïoh ïa ka bainong marryngkat katkum ka kam ba marryngkat.</para>
         </listitem>
         <listitem>
            <para>Uwei pa kawei kiba trei ki don ka hok ïa ka jingsiew kaba ïahap dor bad babit babiang ban pynskhem ïalade bad ka ïing ka sem ïa ka jingim ba ïahap dur bad ka kyrdan briew, bad bynrap de, lada donkam, da kiwei ki lad jingïada jong ka imlang sahlang.</para>
         </listitem>
         <listitem>
            <para>Uwei pa kawei ki don ka hok ban seng bad long dkhot ha ki Seng Nongtrei na ka bynta ki jingïada ïa ki jingbha jong ki.</para>
         </listitem>
      </orderedlist>
   </article>
   <article number="24">
      <title>Jinis 24</title>
      <para>Uwei pa kawei ki don ka hok ban ïoh shongthait bad pynbyrngia, da kaba kynthup ïa ki kynta treikam ba shongnia ryngkat ka bainong ha ki sngi shuti hateng hateng.</para>
   </article>
   <article number="25">
      <title>Jinis 25</title>
      <orderedlist>
         <listitem>
            <para>Uwei pa kawei ki don ka hok sha ka nisan jingim ba biangthew na ka bynta ka bha ka miat shimet bad ka longïing jong ki hi, kynthup ka bam ka dih, ka kup ka sem, ka ïingshong ïingsah, ka koit ka khiah, bad ki kam imlang sahlang badonkam, bad ki hok sha ka jingshongshngaiñ ha ki khen jingduhkam, jingpang, jinganna, jinglong riewkynthei, jingnoh tymmen, lane jingduna kamai kajih ha ki khep bym lah kot bor shuh.</para>
         </listitem>
         <listitem>
            <para>Ka jinglongkmie bad jinglong khyllung ki don ka hok ban ïoh ïa ka jingïarap bad jingsumar-sukher bakyrpang. Baroh ki khynnah, la ki dei kiba la kha na ka jingïashong kurim ba long aiñ ne ka jingshong kurim shabar jong ka aiñ, ki don ka hok ban ïoh ïa kajuh ka jingïada ha ka imlang sahlang.</para>
         </listitem>
      </orderedlist>
   </article>
   <article number="26">
      <title>Jinis 26</title>
      <orderedlist>
         <listitem>
            <para>Uwei pa kawei ki don ka hok ban ïoh ïa ka jingnang jingstad. Ka jingnang jingstad ka dei ban long khlem jingsiew la kumno kumno ha ki kyrdan pule ba dang shu sdang bad ba tynrai. Ka Jingpule ba sdang ka dei ban long kaba kongsan tam. Ïa ka jingpule laiñ ne ka jingpule ba dei ïa ka jingtrei jingktah da ki buit stad dei ban pynïoh paidbah, bad ïa ka jingpule kham shajrong dei ban ai lad marryngkat halor ka nongrim ka jingshonghok.</para>
         </listitem>
         <listitem>
            <para>Ka jingnang jingstad ka dei ban kdew sha ka jingpynsan pynpura ïa ka maiñ longbriew manbriew bad sha ka ban pynkhlaiñ ïa ka jingburom ïa ka hok longbriew manbriew bad jinglaitluid tynrai. Ka dei ban kyntiew ïa ka jingshemphang, jingïaishah bad jingïalong lok para hima sima, ki kynhun niam ne jaitbynriew, bad ban pynïaid shaphrang shuh shuh ïa ki kam ka Synjuk Ki Ri ban pynneh ïa ka suk ka saiñ.</para>
         </listitem>
         <listitem>
            <para>Ki kmie ki kpa ki don ka hok ba hakhmat eh ban jied ïa ka jait jingpule kaba ki lah ban ai ha la ki khun ki kti.</para>
         </listitem>
      </orderedlist>
   </article>
   <article number="27">
      <title>Jinis 27</title>
      <orderedlist>
         <listitem>
            <para>Uwei pa kawei ki don ka hok laitluid ban ïashim bynta ha ki kam kolshor jong ka jaitbynriew, ban lehkmen ha ki sap ki phong bad bhah bynta lang ha ka jingmanroi ka saïan lem ki jingmyntoi jong ka.</para>
         </listitem>
         <listitem>
            <para>Uwei pa kawei ki don ka hok ban ïada ïa ki snap jinglong babha bad ba kynja met kiba mih na ki soh ka saïan, ka thoh ka tar, ne ka buit-thaw ïa kiba ma ki hi ki long ki nongthaw.</para>
         </listitem>
      </orderedlist>
   </article>
   <article number="28">
      <title>Jinis 28</title>
      <para>Uwei pa kawei ki don ka bhah ban pynneh pynsah ïa ka suk ka sain jong ka imlang sahlang ha shityllup ka pyrthei ha kaba ïa ki hok bad ki jinglaitluid ba shynna yn lah ban pynurlong pura katkum ba la buh ha kane ka Jingpynbna-ïar.</para>
   </article>
   <article number="29">
      <title>Jinis 29</title>
      <orderedlist>
         <listitem>
            <para>Uwei pa kawei, ki don ki deiti sha ka jaitbynriew bad dei tang ha ka hi ba ka jingpynroi laitluid bad pynpura ïa ka maiñ longbriew manbriew ka long ba lah ban long.</para>
         </listitem>
         <listitem>
            <para>Ha ka jingpyntrei kam ïa ki hok bad ki jinglaitluid, uwei pa kawei kin hap ban pyndem tang ha kito ki pud ba la rai da ka aiñ thik na ka bynta ban pynïoh ïa ka jingithuh bad ban burom ïa ki hok bad ki jinglaitluid jong kiwei pat bad ha ka ban pynïoh ïa ki jingdonkam ba dei hok jong ka jingïaid beit ïaid ryntih, ka suk ka sain bad ka jingmanbha kyllum ha ka imlang sahlang ha ka synshar paidbah.</para>
         </listitem>
         <listitem>
            <para>Ïa kine ki hok bad ki jinglaitluid yn ym lah ban pyndonkam da kumwei pat ka ban long marpyrshah ïa ki jingthmu bad nongrim ka Synjuk Ki Ri.</para>
         </listitem>
      </orderedlist>
   </article>
   <article number="30">
      <title>Jinis 30</title>
      <para>Ym don kano kano ha kane ka Jingpynbna-ïar ba lah ban batai da kumwei pat kum ban ïalam bakla ïa kano kano ka Ri, ki kynhun  ki riewshimet halor kano kano hok ban ïateh ha kino kino ki  ban leh, ban pynjot ne pynduh pyndam ïa ki hok bad ki jinglaitluid kiba la buh ha Ka.</para>
   </article>
</udhr>
