<?xml version="1.0" encoding="UTF-8"?>

<!--© The Office of the High Commisioner for Human Rights-->

<udhr iso639-3="slr" xml:lang="slr" key="slr" n="Salar"  dir="ltr" iso15924="Latn" xmlns="http://www.unicode.org/udhr">
   <title>Dunya Kish Haklari Beyannamesi</title>
   <preamble>
      <title>Girish</title>
      <para>Kish oyenihxi heme üyelerinde dogal haysiyet ma adil ma degishmez haklarne tanishi, dunyade hürriyet, adalet ma barishnihxi temeli der,</para>
      <para>Kish haklarine aldirmagusi ma gücendirgusi barbar eylemler volji, bular kishlernihxi vicdanne kirletji. Heme kishler konushma ma inanch hürriyeti varber dihxen, korku ma kitlik yokhber dihxen duyan gelgusi, kishlernihxi bikhiden bikhi hayal der, bildirji,</para>
      <para>Kishler zulüm ma baskihxe azitmesishe vule, hukuk kish haklarine korugi,</para>
      <para>Ülkelernihxi dostlukine gelishtirgi,</para>
      <para>Birleshmish milletlernihxi kishleri Birleshmish Milletler Tüzükinde temel kish haklari, kish haysiyeti ma değeri ma er gatin adil hakihxe inanchne bildirji, goder bije jatakh hürriyetde toplum ma hayat gelishmesine kolaylashtirgar,</para>
      <para>Üye ülkeler ma Birleshmish Milletler ishbirligiden kish haklari ma temel hürriyetne ortak uygusi ma etgusine desteklegusine küfretji,</para>
      <para>Bu haklar ma hürriyetlerne ortak bilgusi bu küfretgusine tam gerchekleshtirgusihxe jatakhchukh ehemmiyet var,</para>
      <para>Inji,</para>
      <para>Jatakh Montaj,</para>
      <para>Bu Dunya Kish Haklari Beyannamesine yayinlar, heme kishler ma heme ülkelernihxi emekden gerchekleshtirhxur dihxen ortak standart volerer. Heme kishler ma heme toplum bünyeleri hergun bu beyannamene gilage, emekden orhxetgusi ma egitimden haklar ma hürriyetlerne uygusi desteklehxi, ulusal ma uluslararasi ilerici adimlerden bu haklar ma hürriyetler heme üye ülkelernihxi kishlerinde ma yerlerinihxi kishlerinde ortak ma etkili tanima ma etgusine dehxirgi.</para>
   </preamble>
   <article number="1">
      <title>Ber</title>
      <para>Heme kishler hür der, haysiyet ma haklarde adil der, mantik ma vicdan var, kardeshlikden davraneshge.</para>
   </article>
   <article number="2">
      <title>Igi</title>
      <para>Heme kishler bu beyannamede pidihxen heme haklar ma hürriyetler varber dihxen hak var, irk, renk, cinsiyet, dil, din, siyasi ene bashga fikir, yurttash ene sosyal menshe, mal, dalagusi ene bashga durumden ayirt etmehxi.</para>
      <para>Kishnihxi ülkesi ene yerinihxi siyasi, yargi ene uluslararasi farklarden ayirt etmehxi, bu yer hür, ishletin, otonomy yokhder ene bashga egemenlik sinirlamasi var, yeshamahxe. </para>
  </article>
   <article number="3">
      <title>Uj</title>
      <para>Heme kishler hayat, hürriyet ma emniyet varber dihxen hak var.</para>
   </article>
   <article number="4">
      <title>Diot</title>
      <para>Heme kishler esaret ene kullukde varmahxe. Heme bichimnihxi esaretleri ma esir ticaretleri varmahxe.</para>
   </article>
   <article number="5">
      <title>Besh</title>
      <para>Heme kishler ishkence, zalim, merhametsiz ene küchültücü muamelelerne ene cezalarne almahxe.</para>
   </article>
   <article number="6">
      <title>Alte</title>
      <para>Kishler gada heme hukuk ilisinihxi kishlikine taninber dihxen hak var.</para>
   </article>
   <article number="7">
      <title>Yide</title>
      <para>Hukuk iliside heme kishler adil der, hukuknihxi adil korumasi varber dihxen hak var, nang fark volsa varmahxe. Bu beyannamene bozber dihxen nang ayirt vosa ma bu ayirtne ayartber dihxen nang eylem vosanihxi zararine kachinishe vule, kishler adil koruma varber dihxen hak var.</para>
   </article>
   <article number="8">
      <title>Sekis</title>
      <para>Kem vosa anayasaden ene hukukden algan temel haklar bozenji, uygun ulusal mahkemeden bu bozeshe uygun charene etber dihxen hak var.</para>
   </article>
   <article number="9">
      <title>Doqus</title>
      <para>KIshne rastgele yakalamahxe, tutuklamahxe ene chikarmahxe.</para>
   </article>
   <article number="10">
      <title>On</title>
      <para>Haklarine ma yükümlülüklerine belirleshe vule, kishler hür ma fedakar mahkemeden adil ma kamu deneme etinber dihxen hak var.</para>
   </article>
   <article number="11">
      <title>On ber</title>
      <orderedlist>
         <listitem>
            <para>(Ber) Ceza ücretleri algusi, hukukden ma kamu denemeden such var onaylamaji, such yokhder sumurlanber dihxen hak var. Deneme heme cevap garantiler vargoge.</para>
         </listitem>
         <listitem>
            <para>(Igi) Cezade kem vosanihxi eylemi ene ihmali, olgande ulusal ene uluslararasi hukukden heme such volmesesh, such yokhder. Cezalandirma cinayet ishlehxende jaregan hukuk hükümine ashmahxe.</para>
         </listitem>
      </orderedlist>
   </article>
   <article number="12">
      <title>On igi</title>
      <para>Kem vosanihxi gizlilikine, oyene, yurtine ene yazishmasine rasgelechukh karishmahxe, onurine ma itibarine bozmahxe. Bu karishishne ma bozeshne kachinishe vule, kishler hukukden korungi.</para>
   </article>
   <article number="13">
      <title>On uj</title>
      <orderedlist>
         <listitem>
            <para>(Ber) Heme kishler heme ülkelerde jilenber dihxen ma otber dihxen hürriyet var.</para>
         </listitem>
         <listitem>
            <para>(Igi) Kish nang ülke vosaden chikhgur dihxen hak var, bularde ülkesi var, ülkesihxe yangur dihxen hak var.</para>
         </listitem>
      </orderedlist>
   </article>
   <article number="14">
      <title>On diot</title>
      <orderedlist>
         <listitem>
            <para>(Ber) Zulümne kachinishe vule, kem vosa bashga ülkede barinakne ishdehxur dihxen ma dehxhxur dihxen haklar var.</para>
         </listitem>
         <listitem>
            <para>(Igi) Jingchukh siyaset dishi suchden ene Birleshmish Milletlernihxi amachlarine ma esaslarine bozhxan eylemlerden talep etingende, bu hakne jaremahxe.</para>
         </listitem>
      </orderedlist>
   </article>
   <article number="15">
      <title>On besh</title>
      <orderedlist>
         <listitem>
            <para>(Ber) Kem vosa milliyet varhxan hak var.</para>
         </listitem>
         <listitem>
            <para>(Igi) Kishnihxi milliyetine rasgelechukh chekhmehxi, milliyetine chorelhxan hakne reddetmehxi.</para>
         </listitem>
      </orderedlist>
   </article>
   <article number="16">
      <title>On alte</title>
      <orderedlist>
         <listitem>
            <para>(Ber) Er kishler ma gatin kishler, irki, milliyet ene din sinirlamalari yokhder, evlengur dihxen ma oy volhxur dihxen hak var, evlilikde, evlengende ma boshangande, adil haklar var.</para>
         </listitem>
         <listitem>
            <para>(Igi) Igisi serbestchukh ma tamchukh anlashji, evlenilhxur.</para>
         </listitem>
         <listitem>
            <para>(Uj) Oy dogal ma temel sosyal birimi der, sosyal ma ulusal korumane dehxgi.</para>
         </listitem>
      </orderedlist>
   </article>
   <article number="17">
      <title>On yide</title>
      <orderedlist>
         <listitem>
            <para>(Ber) Kem vosa tek mal haki var, ma kish mal haki varish.</para>
         </listitem>
         <listitem>
            <para>(Igi) Kem vosanihxi mal hakine rasgelechukh chekhmehxi.</para>
         </listitem>
      </orderedlist>
   </article>
   <article number="18">
      <title>On sekis</title>
      <para>Heme kishler sumurlash, inanch ma din hürriyetinihxi haki var. Bu hak dinine ene inanchine chorelhxan hürriyet var, yalnizchukh ene kuyrukchukh, kamuchukh ene gizlichukh sanash, etish, dua ma riayet dinine ene inanchine belirtgur dihxen hürriyetler var.</para>
   </article>
   <article number="19">
      <title>On Doqus</title>
      <para>Kishler sumurlash ma ifade hürriyetinihxi haki var. Bu hak fikir varer ma girishim dekhmes dihxen hürriyetler var, nang medya vosa la ma ulusal sinirlarne sormes, bilgine ma sumurlashne yihxhxen, dehxhxen ma verhxen hürriyetler var.</para>
   </article>
   <article number="20">
      <title>Yihxirme</title>
      <orderedlist>
         <listitem>
            <para>(Ber) Kishler barish montaj ma dernek hürriyetleri var.</para>
         </listitem>
         <listitem>
            <para>(Igi) Kem vosa zorunluchukh derneke girermahxe.</para>
         </listitem>
     </orderedlist>
   </article>
   <article number="21">
      <title>Yihxirme ber</title>
      <orderedlist>
         <listitem>
            <para>(Ber) Kem vosa direktchukh ene hürchukh shüenjü etgen temsilci la ülkesine becherhxur dihxen hak var.</para>
         </listitem>
         <listitem>
            <para>(Igi) Kem vosa adil firsat la ülkesinihxi hizmetine etgur dihxen hak var.</para>
         </listitem>
         <listitem>
            <para>(Uj) Kish niyeti devlet güchinihxi temeli der. Bu niyet devresel ma jing shüenjü la kanitlahxe, shüenjü ortak ma adil oy hakiden, isimne pidimes ene benzer oy la etgi.</para>
         </listitem>
      </orderedlist>
   </article>
   <article number="22">
      <title>Yihxirme igi</title>
      <para>Kish toplumnihxi üyesi der, toplum garantisine dekhhxur dihxen hak var, haysiyeti ma kishiliki hürchukh gelishtirish dekhhxur dihxen iktisat, toplum ma kültür haklarine uygulashen dekhhxur dihxen hak var, bu ulusal ma uluslararasi tarzlar la, ulusal bünye ma kaynakden etgen.</para>
   </article>
   <article number="23">
      <title>Yihxirme uj</title>
      <orderedlist>
         <listitem>
            <para>(Ber) Heme kishler etgur dihxen, hürchukh ishne sechgur dihxen, adil ma uygun durumne dekhhxur dihxen ma ishsizlik sigortasine dekhhxur dihxen haklar var.</para>
         </listitem>
         <listitem>
            <para>(Igi) Heme kishler ish adil gunzi adil hak var, fark yokhder.</para>
         </listitem>
         <listitem>
            <para>(Uj) Kish etgende, adil ma yugun gunzi la iz ma oye kish haysiyetine koruhxan hayat varhxan hak var, gerekli vakhde bashga toplum korumasine dekhgi.</para>
         </listitem>
         <listitem>
            <para>(Diot) Faizine korushe vule, kem vosa sendikane etgur dihxen ma sendikahxe girhxur dihxen haklar var.</para>
         </listitem>
      </orderedlist>
   </article>
   <article number="24">
      <title>Yihxirme diot</title>
      <para>Heme kishler khollangur dihxen ma bosh vakit haklari var, etgen vakh makul sinirlama varhxur dihxen ma gunzi varhxur dihxen devirli izinne dekhhxur dihxen haklar var.</para>
   </article>
   <article number="25">
      <title>Yihxirme besh</title>
      <orderedlist>
         <listitem>
            <para>(Ber) Anihxi ma oychilernihxi sihhatine ma bollukine tutishe vule, kem vosa besgi hayat seviyesine dekhhxur dihxen hak var, ozukh,begerakh, oy, vakhish ma gerekli toplum hizmeti var. Ishsizlik, hastalik, sakatlik, dulluk, khare volesh ene bashga baskisiz durumlerden gechimne yalatgande, korumane dekhhxur dihxen hak var.</para>
         </listitem>
         <listitem>
            <para>(Igi) Analar ma balalar has bangnashne ma korumane dekhhxur dihxen hak var. Heme balalar, evlilik ishiside ene dashiside dalahxan, adil toplum korumasine dekhgi.</para>
         </listitem>
      </orderedlist>
   </article>
   <article number="26">
      <title>Yihxirme alte</title>
      <orderedlist>
         <listitem>
            <para>(Ber) Heme kishler orhxetin haki var. Orhxetesh yarmakh yokhdergi, azden az ilk ma temel evrelerde besgi der. Ilk orhxetesh zorunlu der. Teknik ma mesleki orhxeteshler umumichukh etgi. Bikhi orhxetesh erdemden heme kishlere adilchukh achge.</para>
         </listitem>
         <listitem>
            <para>(Igi) Orhxeteshnihxi amachi tamchukh kishilikne gelishesh, kish haklarine ma temel hürriyetlerne uyishne artirish der. Orhxetesh ülkeler, irkler ene din gruplernihxi bilishne, katlanishne ma dostlukne artirgi, Birleşmiş Milletler barishne tutgur dihxen eylemlerne artirgi.</para>
         </listitem>
         <listitem>
            <para>(Uj) Ada ana ohxeli gezinihxi dekhhxur dihxen orhxetesh türihxe, eski sechhxen hak var.</para>
         </listitem>
      </orderedlist>
   </article>
   <article number="27">
      <title>Yihxirme yide</title>
      <orderedlist>
         <listitem>
            <para>(Ber) Heme kishler hürchukh toplumnihxi kültürel hayate girhxur dihxen, sanatne sevhxur dihxen, bilimsel gelişme ma yararlarine dekhishgur dihxen haklar var.</para>
         </listitem>
         <listitem>
            <para>(Igi) Kem vosa ilmi, edebi ene artistik üretimleriden chikhhxen manevi ma maddi faizlere korumane dekhhxur dihxen hak var.</para>
         </listitem>
      </orderedlist>
   </article>
   <article number="28">
      <title>Yihxirme sekis</title>
      <para>Heme kishler sosyal ma uluslararasi emirne ishdehxur dihxen hak var, bu emirde, bu beyannamede pidihxen haklarine ma hürriyetlerine tamchukh anlahxur.</para>
   </article>
   <article number="29">
      <title>Yihxirme doqus</title>
      <orderedlist>
         <listitem>
            <para>(Ber) Heme kishler toplume vergi var. Yahxuz toplumde kishiliki hürchukh ma tamchukh gelishtirhxur.</para>
         </listitem>
         <listitem>
            <para>(Igi) Kish haklarine ma hürriyetlerine jarehxande, yahxuz hukuk sinirleri var. Bu sinirlerne saglahxan amach yahxuz kishnihxi haklarine ma hürriyetlerine tamchukh tanish ma uyish, demokratik toplumde ahlak, asayish ma umumi refahnihxi adil icaplarne uydurish.</para>
         </listitem>
         <listitem>
            <para>(Uj) Bu haklarne ma hürriyetlerne jaresh, nang durum vosade Birleşmiş Milletlernihxi amachlarine ma ilkelerine bozmahxe.</para>
         </listitem>
      </orderedlist>
   </article>
   <article number="30">
      <title>Odtus</title>
      <para>Bu beyannamede pidish, nang ülke vosa, nang topluluk vosa ene kem vosa nang faaliyet vosa ene nang eylem vosa la bu beyannamede pidihxen haklarne ma hürriyetlerne bozhxan hak var, yeshamahxe.</para>
   </article>
</udhr>
