<?xml version="1.0" encoding="UTF-8"?>

<!--© The Office of the High Commisioner for Human Rights-->

<udhr iso639-3="zdj" xml:lang="zdj" key="zdj" n="Comorian, Ngazidja" dir='ltr' iso15924='Latn' xmlns="http://www.unicode.org/udhr">
   <title>ANZIMIYO LA KILEMWENGU UHSU ZE HAKI ZAKI BINADAMU</title>
   <preamble>
      <title>Mukadima</title>
      <para>1- Ha mwakinisho ukaya ho ukubali ye sheo shaho wo ubinadamu piya pvamwedja ne ze haki za wadjibu zaho usawa, zahao, uwo ndo mshindzi waho uhuria, no mlidzanyiso haki, ne amani yahe duniya kamili.</para>
      <para>2- Ha mwakinisho ukaya wo upuzi no uwoneya ze haki zaki binadamu zika tsongeza yazitrendwa zaki djinga za utunkiza na ukaya wo mzalihano wa duniya yidjo ustehi wo uhuriya wamakaulu, na imani, duniya yidjo upukana na mashangaza na usikini siki, uirendeha bombeyo la mwando la hayini mwanadamu.</para>
      <para>3- Ha mwakinisho ukaya zo muhimu ho uhifadhwi zehaki zaki binadamu harumwa daula yi rumiyao shariya yili ye mwanadamu yatsi djihundre harumwa wadjibu yauhima ha shari kinyume no urendzwa mvuu, no ukadamiziwa.</para>
      <para>4- Ha mwakinisho ukaya zo muhimu ho utriya djitihadi wo mparano no uwandzani baina yahe ze daula.</para>
      <para>5- Ha mwakinisho ukaya harimwa le katiba mshindzi lahe lekukumanyo lamadola ye ze umma zi tekeleza hamara yasaya wo amini zehaki mshindzi zahe mwanadamu, harumwa mastehi na mpvamo wo undru waki binadamu, pvamwedja na usawa wahe zehaki zaho wanadamu wanawashe no wanadamu wanaume. Tsibahi ze umma yizo zitekelza wo utaanrifu wahazo wausayidiya wo mpuwo ngayo wa maesha yaki mudjtamaan na usimiza sharutwi ndjema zayidi za maesha harumwa unafasiya mwindji.</para>
      <para>6- Ha mwakinisho ukaya ze daula wanashama zidjitoleya udhwamini pvamwedja ne lekungumanyo lahe djumwiya ya madola, womstehilwa ha kweli no ulemengu kamili, wahe ze haki zaki binadamu ne ze nyihuriya mshindzi zahahe.</para>
      <para>7- Ha mwakinisho ukaya mwelewano sawa wapwadzima wahe ze haki ne ze nyihuria yizo ndrongo muhimu hakuwu harumwa utekeleza haudjimilfu ye anhadi yamdjitoleyo yinu.</para>
      <para>8- Le Barazaka Kuu lahe Djumuyian ya madola ngotekelezao ha dji kuwu ukaya le Katiba lakilemengu lahe zehaki zaki binadamu ndo faliki yahe ze umma ne ze daula zowontsi yili hayina mwanadamu hau kugumanyo la wanadamu harimwa wo mudjtamaan wadjo ukana le Katiba linu ho rohoni, wakazane ha ndziya zaho msomo ne malezi, wayeneze ho mstehilwa wahe zehaki ne ze nyihuriya zinu, warudi wasane wayeneze ha tartibu za furswa zaki daula za upole na zaki madaula za mpatano wo ukubaliwa no mtrilwa dziyani ha msinadi ne ze raanyia zahe ze daula wanashama na ne ze raanyia zahe ze ntsi ziliyo hotsini mwa ze dhamana zahazo.</para>
   </preamble>
   <article number="1">
      <title>Faslu ya handa</title>
      <para>Wo wanadamu piya wo uzalwa na uhuriya na usawa waki undru na uhaki. Wo upwawa ankili na urambuzi hayizo yilazimu warwaliyane hazitrendwa na fikira zaki unanya.</para>
   </article>
   <article number="2">
      <title>Faslu ya pvili</title>
      <para>Hayna mwanadamu gudjo djuwa udjinasbisha ne zehaki ne ze nyihuria zoontsi za tekeleziwa harimwa lekatiba linu, pvatsina ubaguzi utsoka wontsi, tsi wakabila, warange, wa udru ume hau udru ushe, wa lugha, wa dini wa fikira zasiyasa hau ubaguzi mdrwadji wutsokao wontsi.</para>
      <para>Na wadjawu kayitsu lazimu pvakaye ubaguzi wa mwanadamu yalawa harumwa ntsi hau yipande sha arudhwi hasibabu ndo mkayo wahe yentsi hau ye ardhwi yiyo waki siyasa, shariya hau djirma harumwa wo ulemengu waki madola. Reka ntsi yiliyo uhuru, hau yatawaliwa hau yaleziwa daula nyidrwadji, hau yitso udjimiliki, hau yatsu timu uhuria hezedjiha piya.</para>
  </article>
   <article number="3">
      <title>Faslu ya raru</title>
      <para>Hayina mdru ngena haki yaenshi, yeke huriya, wo undru wa hahe upvamwa.</para>
   </article>
   <article number="4">
      <title>Faslu ya ne</title>
      <para>Kapvatsi mdru yalazimu yarendwa mtrwana hau mrumwa ; wo uitrwana ne biyashara ya watrwana yiharamishiwa he ze surwaya piya.</para>
   </article>
   <article number="5">
      <title>Faslu ya tsanu</title>
      <para>Kapvatsi ruhusa ya wu uonndowa mwanadamu, hau umfanyiliya zitrendwa zapewu zakinyama hau za upvanguwa wo ubinadamu hahahe.</para>
   </article>
   <article number="6">
      <title>Faslu ya sita</title>
      <para>Hayina mwana damu ngena haki yaukubaliwa ye mahala piya yadjihudrao wo undru waki shariya wahahe.</para>
   </article>
   <article number="7">
      <title>Faslu ya fukare</title>
      <para>Wo wanadamu piya wo sawa ho usoni mwe shariya nao gwaona yehaki yauhafadhwiwa ne shariya. Wo wanadamu piya ngwaona haki yauhifadhwiwa hausawa na haini ubaguzi wudjo utaandiya le katiba na haina ntsongeza ya ubaguzi.</para>
   </article>
   <article number="8">
      <title>Faslu ya nane</title>
      <para>Haina mwanadamu ngena haki yauhundra maredjeyi yakweli usoni mwa yeze mahakama zalazimu haudayi zehaki mshindzi yakubaliwa zo ne shariya mshindzi hau ze shariya mbali na mbali.</para>
   </article>
   <article number="9">
      <title>Faslu ya shenda</title>
      <para>Kapvatsi mwanadamu udjodjuwa ubaliliwa, ya fungwa hau yatolwa sistani hadji layezi.</para>
   </article>
   <article number="10">
      <title>Faslu ya kume</title>
      <para>Haina mdru ngena haki, harumwa usawa watimiya yayishiliwa ha uandilifu harumwa trengwe ni mahakama yalona uhuriya pvatisna pendzeleya. Mahakama yadjo utekeleza yese haki ne ze wadjibu zahahe, hau yadjo uwonesa wo ukweli wahe yizo yatuhumlwa nizo harumwa upande wamahakama ya zitrendwa zidziro.</para>
   </article>
   <article number="11">
      <title>Faslu ya kume na mwedja</title>
      <orderedlist>
         <listitem>
            <para>Haina mdru ya tuhumlwa na yitrendwa sha taandiya ye shariya yekadji uka dhwamana wa hasho raha wo udwamana uwo wedja pwenulwa kihaki harumwa ma hakama ya mubaha yamnika ze haki zalazimu zau djidafiu.</para>
         </listitem>
         <listitem>
            <para>Kapvatsi mdru udjo djuwa ufungwa ha zitrendwa hau mpuzi ndrongowo wa zaya hatwari, yikawo kazidjaka za ziyilwa ne shariya shahe ntsi yahahe hau ye sha kilemengu. Wo wakati she yitrendwa hau wo mpuzi drongowo uwo wa fanyishiha. Tsibahi yemdru uwo kana udjuwa uhukumlwa zifungo zidziro za zayidiya yizo zakahuendeleya wo wakataki she yintrendwa sha fanyishiha.</para>
         </listitem>
      </orderedlist>
   </article>
   <article number="12">
      <title>Faslu ya kume na mbili</title>
      <para>Kapvatsi ruhusa ya mwnadamu udjilwa kiyigozi sha mvuu harumwa yemayesha ya ndani yahahe, yahe fami yahahe ne ledaho lahahe hau yemawaswiliyano yahahe ha upulwa sheo na sharafu. Haina mdru ngena haki ya hifadhwilwa ne shariya ha upukana na zitrendwa djezi.</para>
   </article>
   <article number="13">
      <title>Faslu ya kume na draru</title>
      <orderedlist>
         <listitem>
            <para>Haina mdru ngena ruhusa ya uzuguliya ha unafasi na utzunguwa yemakazi yahahe harimawa ye ntsi.</para>
         </listitem>
         <listitem>
            <para>Haina mdru ngena haki ya udjuwa ya lawe harumwa haina ntsi baishe nde yahahe yarudi ya yiredjeyi.</para>
         </listitem>
      </orderedlist>
   </article>
   <article number="14">
      <title>Faslu ya kume na nne</title>
      <orderedlist>
         <listitem>
            <para>Haina mdru ya dungwa ha shari, ngena haki ya utsaha hifadwi ha upuwa makayo yili ya yihundre harumwa ntsi zidrwadji.</para>
         </listitem>
         <listitem>
            <para>Ye haki yinu kayina ufayi yeka ye mdru ha tuhumlwa na utsahwa hasababu zitrendwa za hukumlwa uka zapewu ne shariya shirumiliwao wo wandru piya hau hasibabu zitrendwa kinyume ne ze faliki ne ze fikira mshindzi zahe Djumuyia Ya Madola.</para>
         </listitem>
      </orderedlist>
   </article>
   <article number="15">
      <title>Faslu ya kume na tsanu</title>
      <orderedlist>
         <listitem>
            <para>Haina mdru ngena haki ya ukana urayiya wa daula.</para>
         </listitem>
         <listitem>
            <para>Kapvatsi mdru wu djo djuwa upvohwa wo urayiya wahe, hau yehaki ya ubadili urayiya pvatsina ustehi shariya.</para>
         </listitem>
      </orderedlist>
   </article>
   <article number="16">
      <title>Faslu ya kume na sita</title>
      <orderedlist>
         <listitem>
            <para>Haina mdru ya blighi mdrume hau mdrumshe pvatsina ubaguzi wa kabila, wa uranyia hau wa dini, nge ahaku ya fanye ndola ya wunde fami. Mdrumshe na mdrume ngwaona haki za sawa ho fungwa ye ndola, harumwa wo muda wa myeshi hayo, no mtsambaliyo hayo.</para>
         </listitem>
         <listitem>
            <para>Ye ndola kaina udjuwa ufungiha pvatsina wo mkubali ha radhwi ya muyo wahe ye mbwana ne bibi harusi wadjoka ulolana.</para>
         </listitem>
         <listitem>
            <para>Ye fami nde nguzo yihimisao wo mudjtamaan niyo ngiyo ahaku yi hifadwilwa no mudjtamaan ne daula.</para>
         </listitem>
      </orderedlist>
   </article>
   <article number="17">
      <title>Faslu ya kume na mfukare</title>
      <orderedlist>
         <listitem>
            <para>Hayina mdru ngena haki ya umiliki mpbahidru wayedje hawu ha upvamodja na wandru.</para>
         </listitem>
         <listitem>
            <para>Kapvatsi mdru udjodjuwa upvoha ye miliki yahahe ha dziya zitso za haki.</para>
         </listitem>
      </orderedlist>
   </article>
   <article number="18">
      <title>Faslu ya kume na nane</title>
      <para>Haina mwanadamu ngena uhuriya wa fikira, na hisi, na wa dini. Wo uhuriya uwo utsanganya wo mdru udjuwa ubadili dini hau yakini pvamwedja na utekeleza yedini hau ye yakini yahahe wayetche hau pvamwedja na wandru, harumwa trengwe hau ho ndani hahe, msomo na zitrendwa, na utekeleza ze nguzo zahayo na ne zedasturi.</para>
   </article>
   <article number="19">
      <title>Faslu ya kume na shenda</title>
      <para>Haina mwana damu ngena haki ya uhuria wa uwoni na udjitekeleza, yizo ngazifasiriyo ukaya nkana udjuwa utaambishiwa hasibabu ndo uoni wahahe. Naye ngena haki ya utsaha, na uhundra, na utrangaza pvatsina yizingiri ya mipaka ya ntsi, ye ze taanrifa, ne ze fikira he zendziya zoontsi za matrangazo na mtamkuo.</para>
   </article>
   <article number="20">
      <title>Faslu ya yishirini</title>
      <orderedlist>
          <listitem>
            <para>Haina mdru ngena haki ya hu udjiliyana na na utsnaganyiha na wandru ha amani.</para>
         </listitem>
         <listitem>
            <para>Kapvatsi haki yamdru urendzwa vuu ya ndjiye harumwa shama shitsokao.</para>
         </listitem>
     </orderedlist>
   </article>
   <article number="21">
      <title>Faslu ya yishirini na mwedja</title>
      <orderedlist>
         <listitem>
            <para>Haina mdru ngena haki ya udjuwa utrendeya ze ndrongowo zaki daula zahe ye ntsi yahahe, reka ndaye waye, reka hau wakili wandru yawa tsunguwa ha unafasi.</para>
         </listitem>
         <listitem>
            <para>Haina mdru ngena haki ya undjiya harumwa ze hazi zaki daula ha sharutwi za sawa.</para>
         </listitem>
         <listitem>
            <para>Ye mawoni ya tekeleziwa ne ma rayia yo ndo mshindzi waho mwendeso ye enzi wahe madhwamana wa daula. Ye mawoni yayo wadjibu ya tekeleziwa pandza hata pandza, ha voti ndrahafu, za huntsanya ye marayia piya wapasiwa nizo ha usawa, na ustehi ye siri ya voti hau ha udunga ndziya zi fanao nizo zidjo ustehi wo uhuriya wa uvoti.</para>
         </listitem>
      </orderedlist>
   </article>
   <article number="22">
      <title>Faslu ya yishirini na mbili</title>
      <para>Haina mdru ngena haki, holiho yeye mwana shama, harumwa wo mudjitamaan ya hundre ye hifadhwi yalawana nuwo; ngena ruhusa wadjawu ya uhundra mtekelezo wahe ze haki zaki tumo na ankiba zaki daula, na ne zehaki zaki mudjtamaan na utamaduni ziliyo wadjibu ho djumwa wo mkayo mdru hahe na ne zenkuliyo zaho wo ubinadamu wahahe. Yizo mpiya ha tartibu na djitihadi zahe daula yahahe hau wo msaanda wahe ze daula zindrwadji, ha upvimisa ze ntchida zaki mali zahe ze ntsi.</para>
   </article>
   <article number="23">
      <title>Faslu ya yishiri na draru</title>
      <orderedlist>
         <listitem>
            <para>Haina mdru ngena haki ya fagne hazi tsena ngena wo uhuria wa utsunguwa ye hazi ya dzao harumwa masharutwi ya hazi ya haki yadjo humdjipviya yarude ya hifadhwiwa no ubure.</para>
         </listitem>
         <listitem>
            <para>Wo wandru piya ngwaona haki pvatsina ubaguzi utsokao walipwa mshahara wa sawa harumwa hazi za sawa.</para>
         </listitem>
         <listitem>
            <para>Haina mdrwahazi ngena haki yalipwa mshahara wakiasi udjo humtosha udhwamini maesha yaki binadamu yahahe ne ahli yahahe udjo udugwa yeka zilazimu ne ze hifdwi zidrwadji za lazimu.</para>
         </listitem>
         <listitem>
            <para>Haina mdru ngena haki ya trunge sindika ndayena wandru wasaya, hau yadjiye harimwa sindika hau dafiou ze haki zaki maesha zahahe.</para>
         </listitem>
      </orderedlist>
   </article>
   <article number="24">
      <title>Faslu ya yishirini na nne</title>
      <para>Haina mdru ngena haki ya uvumzi na udjifwariya mbapvi hususwa ndo udjimiza muda wa hazi wakiyasi na konje zamdru ulipvwa zidjo uka za muda hata muda.</para>
   </article>
   <article number="25">
      <title>Faslu ya yishirini na tsanu</title>
      <orderedlist>
         <listitem>
            <para>Haina mdru ngena haki yakane maesha ya utosha ya kingiye ye swiha, mkayo ndro wahahe ne ahli yahahe, hususwa upande wa shahula, mavazi, nyumba, unono, pvwamedja na uhifadhwiwa wo undru wahahe wakati yatso hazini, yalo mwade, hau yatso ushinda, hau yafiwa ne mshe hau ye mdrume hau yeka hapuziziwa ne ze tchida za uenshi hasibabu ndrongo zamdjiriya yatsu zitsonga yemwinyi.</para>
         </listitem>
         <listitem>
            <para>Wo uzazi no ulezi yilazimu zi sayidiwa ha msada mahsusu. Wo wana piya wa zalwa harimwa nikahi hau pvatsina nikahi ngawona haki wahifadwiwa sawa.</para>
         </listitem>
      </orderedlist>
   </article>
   <article number="26">
      <title>Faslu ya yishirini na sita</title>
      <orderedlist>
         <listitem>
            <para>Haina mdru ngena haki ya uhundra msomo na malezi yabure, hususwa ndo msomo wa ntsini no msomo mshindzi. Wo msomo waki technik no msomo wahazi ngelazimuyo uyeneye. Wo msomo wadjuwu ngelazimuyo yibuliwa wo wandru piya hau sawa na udunga ye wo udjuzi wa haina mdru.</para>
         </listitem>
         <listitem>
            <para>Wo msomo nga ulazimuwo ukane faliki za ubasawa wo ubinadamu wahe mwana na utriya mvuu ho ustehi ze haki zakibinadamu ne ze nafasi mshindzi. Ngelaziwuwo wo msomo wu triye mvuu wo mwelewano, wo mdjuliyano, no uwandzani baina yahe ze daula ne zikuru zaki makabila hau dini, pwamwedja no wsayidiyo ze hazi zahe Ye Djumuyian ya Madola za usimiza ye amani.</para>
         </listitem>
         <listitem>
            <para>Wo wanduze waho wana, ngwano ha mwando ye haki ya utsauwa ye malezi wandzao wanike wo wanahao.</para>
         </listitem>
      </orderedlist>
   </article>
   <article number="27">
      <title>Faslu ya yishirini na mfukare</title>
      <orderedlist>
         <listitem>
            <para>Haina mdru ngena haki ya ndjiye harumwa ye maensha yaki tamaduni yaho mudjitamaan, yahundre ze fayida zaho udjizi waki swanaa yarudi tsena ya ndjiye harumwa yemayedelo yaki sayansi ne ze fayida zahayo.</para>
         </listitem>
         <listitem>
            <para>Haina mdru ngena haki yahondrane na hifadhwi yahe ze fayida zaki muyo na za maensha za lawana na haina mtrungo wahahe milki, waki sayansi, maandzishi, hau waki swanaan.</para>
         </listitem>
      </orderedlist>
   </article>
   <article number="28">
      <title>Faslu ya yishrini na nane</title>
      <para>Haina mwanadamu ngena haki pvakaye myenshi harumwa wo mudjtamaan wakilemengu wa hawa ya urusu uhifadhwi ze haki ne ze nyihuria za tekeleziwa harumwa lekatiba linu.</para>
   </article>
   <article number="29">
      <title>Faslu ya yishiri na shenda</title>
      <orderedlist>
         <listitem>
            <para>Ye mwanadamu ngena wadjau ze wadjibu zahahe ho djumwa wo mudjamaan yikao ndo uruhusuo uwotche wo mlamho ne ze kuliyo zaho undru wahahe hau nafasi watimu ukubali.</para>
         </listitem>
         <listitem>
            <para>Ze haki ne ze nafasi za haina mdru nkazitsina yizingiri yitso nde zahantsiwa ne sharia wizotche yili uhifadhwi, ukubali na ya ustehi ze haki ne ze nafasi zaho wo wandru wadrwadji na udjibu ze wadjbu zaki malezi yabinadamu, na ustehi wo utrulivu, no mkayo ndro walazimu mudjtamaan wki demokrasi.</para>
         </listitem>
         <listitem>
            <para>Ze haki ne ze nafasi yizo nkazina udjuwa, haina namna yoontsi, zende kinyume ne ze faliki ne ze anzma zahe Ye Djumuyian ya Madola.</para>
         </listitem>
      </orderedlist>
   </article>
   <article number="30">
      <title>Faslu ya mengo miraru</title>
      <para>Kapvatsi faslu yahe le Katiba linu lidjo udjuwa li fasiriwa ni Daula, Yikundi sha wandru, hau mdru yitsokao ha udhumaniya ndrongowo hau yitrendwa yili utriya shaka ha umenya yeze haki ne ze nafasi zatekeleziwa harimwilo.</para>
   </article>
</udhr>


