<?xml version="1.0" encoding="UTF-8"?>

<!--© The Office of the High Commisioner for Human Rights-->

<udhr iso639-3="yrk" xml:lang="yrk" key="yrk" n="Nenets" dir="ltr" iso15924="Cyrl" xmlns="http://www.unicode.org/udhr">

  <title>Сив яʼ латдан илена ненэцяиʼʼ права лэтрамбава еэмня сертавы декларация</title>

  <note>
    <para>Межрегиональная общественная организация  Информационно-образовательная  Сеть коренных народов «Льыоравэтльан»</para>
    <para>Тикаӈэ резолюцияда 217 A (III) Генеральной Aссамблея ӈарка пэвдя Иры юдимтей яля 1948 похна нямвы</para>
    <para>Москва Издательство «Права человека» 2009</para>
    <para>Издание является некоммерческим и распространяется бесплатно Издано при финансовой поддержке  Управления Верховного комиссара ООН по правам человека</para>
    <para>Художник Данильченко Д. Сив яʼ латдан илена ненэцяиʼʼ права лэтрамбава еэмня сертавы декларация   Перевод с русского. – М.: Права человека, 2009. 12 с.</para>
    <para>© МОО «Льыоравэтльан»,2009 © Яптунэ Раиса Пехедомовна, перевод, 2009 © Издательство «Права человека», художествен- ное оформление, 2009</para>
  </note>

  <preamble>
    <title>Преамбула</title>
    <para>Сив яʼ латдан илена ненэця эт амгари тэнзʼ ӈэвта ӈод тнянанту соямариханта нгоб пирсавна илеванзь таславы, ет хибяри ненэць права вули малангэ ӈоб пирс.</para>
    <para>Хурина ет хибяри нямта ӈылтамбавада, тад тикад сэхкута илева тарця илебцо агэртан сидна ни тэвраӈгу. Мня харна помнана пилипон поёна сова ӈэсь илеванзь таславэва, правана ӈоб толасаӈэ падвы, тад тикад е хибяри явна ядерта ненэць мэманта вадамта тай секадёси хибян хэтван харвабта мэӈамта, ӈод пяныд сер тикамта хэтыбавта сава ӈы нив, хибяртан нись пин, амгэртан нись тоса тай лахная.</para>
    <para>Тад тикад ненэцяи права власть закон вадавна лэтрамба тара ним, ет хибярт ситя нись та ӈыламтабю.</para>
    <para>Мня явна ядерта сямян ненэцяи тэнзаӈэ ӈыхи сомарина поёна помнана сава ӈэсь ет ханярина илебана тара нив.</para>
    <para>Тикы эмня ненэцяи Обьединенная нация таславы Устав тня нив ханяна мня правана, тад тикад обязанностина сероту сер паду ним. Тикы уставхана ӈоб тарем хасаваʼ, неʼ права ӈоб пираса ӈы ним.</para>
    <para>Ӈадьбада государства — член ӈоб сер тикыду ӈэванзь таславыʼОрганизация Обʼединенных Наций Уставхана тарем падыʼ.</para>
    <para>Генеральная Aссамблея ӈадьбада тарця декларация ненэцяи права нямна ӈэдам нямвысь, падвыысь тняна, ханяна сямян ненэць права ӈоб толсаӈэ, ӈоб пирсаӈэ ӈэванзь тасла падвы. Декларация тикы ненэцяи права таславы статьяʼвана пады, тад тикад юрисдикция тасла падвэмна. Статья тнянанта тарем помнанту тасла падвы.</para>
  </preamble>

  <article number="1">
    <title>Cтатья № 1</title>
    <para>Ет хибяри ненэць соямарианта хуркари правада тнява, ӈобой ненэця ниду нись токалба, ӈыбтамба илевату тара.</para>
  </article>
  <article number="2">
    <title>Статья № 2</title>
    <para>Декларация тад тикад падвы вадана сямян ненэць ет амгари тэнзанта ӈэб, ӈаянта серма амгари толха ӈэбта нгод, хасава, не ӈэбнанта права ӈоб пирсаӈэ ӈэванзь таславы ет ханярина ӈэда государство терʼ ӈэбта ӈэя.</para>
    <para>Тамна тикы хавна ет хуркари политической, международной статусм мэта ӈэбнанта суверинитетда ӈани ӈоб пирасӈэ таславы.</para>
  </article>
  <article number="3">
    <title>Статья № 3</title>
    <para>Ет хибяри ненэць харта инзя сер илеванзь таславы, ханярина мэвамта, илевамта хурина ӈоб тарем харта тасламбавамта сава.</para>
  </article>
  <article number="4">
    <title>Статья № 4</title>
    <para>Ненэць нямта тари тарем ниняда харванаханта манзарима ӈобтарем тарця правада ӈани юӈгу, рабставаӈэ тарця сер толёда ням манзаранима.</para>
  </article>
  <article number="5">
    <title>Статья № 5</title>
    <para>Тад тикад тикы декларация падвы вадана ненэць нямта ладорпа, ет хибяри няханта тари тарем пэӈгвада ӈоб тарем тарця правада юӈгу.</para>
  </article>
  <article number="6">
    <title>Статья № 6</title>
    <para>Тад тикад ет ханярина ненэць амгэв серт еремта ӈэбта правосубьектностьнада ӈоб тарем тнява, ситя тай няванзь правовой вади тасламба.</para>
  </article>
  <article number="7">
    <title>Статья № 7</title>
    <para>Тад тикад ет хибяри яхна илена ненэць амгэв серм сертана ӈэбта закон вадана вули малаӈэ ӈоб пирасавна сероду таславы. Закон няад серт еремта ненэць нядмадамта хаман харвабабта ӈани права ӈоб тарем тнява.</para>
  </article>
  <article number="8">
    <title>Статья № 8</title>
    <para>Тад тикад хуркари национальной суд тай ненэцяи права лэтрамбада ӈоб тарем няданзебту тара нив. Тикы права тамна ет ханяӈыри государство Конституция вадана падвы.</para>
  </article>
  <article number="9">
    <title>Статья № 9</title>
    <para>Тари тарем хибяртм арестовайнзь, сертанада серта савовна таславтавэй правада юӈгу, харта тамна амгэв внутренней органы власть манзарана ӈэхартабта.</para>
  </article>
  <article number="10">
    <title>Статья № 10</title>
    <para>Хурина судан еремта ненэць пили нерде правада, тад тикад обязанностьда нянта техэ серта минрена манэлабтавта тара, уголовной серта тай пява нерня. Судхана серта мазарманту ёльцянгана ӈоб тарем правада нянта намтара сава.</para>
  </article>
  <article number="11">
    <title>Статья № 11</title>
    <orderedlist>
      <listitem>
	<para>Тад тикад хурина амгэв уголовной серт еремта тикарихна савовна правада таславдавэй тай минха судан ситя мипа пявту ӈоб тарем права нянта пили нерде намтара тарава, тикыда пыда харта толабада савава, тад хурина суд ӈэва ёльцяӈгана ӈоб тарем тиканта теневавта тара нив амгэ толха правада тнява. Тамна тикы хавна ет хибяри харта государстванта падвы Конституцияхана вадавна тасламбада.</para>
      </listitem>
      <listitem>
	<para>Наказанияда техэ харта государстванта няна ханзер пады тикы толха ӈэбта тараӈгу нив.</para>
      </listitem>
    </orderedlist>
  </article>
  <article number="12">
    <title>Статья № 12</title>
    <para>Ненэць мята мюй илам, тад тикад харта ӈылбад иланта ханзер ӈэвам хэвняад хибяв табекова, тасламбава ханяхартана ни паду. Тад тикад мэтада мята мю тари тарем пыда ниняда харванаханта хибярт тня тюлеван нибта харва тикана хибярт хэвняад серта юӈгу, корреспондециямта ӈоб тарем хибярт хэвняад нямарпа правада юӈгу, пыда харта ӈылбад амгэда. Тикы правада закон вадана ӈоб тарем таслахья падвы.</para>
  </article>
  <article number="13">
    <title>Статья № 13</title>
    <orderedlist>
      <listitem>
	<para>Ет хибяри ханяна илеван харва, амгэ государствам иле яданта тасла, ханя хэван харва харта инзя сер тасламта, тикы правада ӈоб тарем тнява.</para>
      </listitem>
      <listitem>
	<para>Яӈганя государства няна илена ненэць харта яханта илеванзь тован харвавада ӈоб таре марта серта, харта тасламбавата сава, тикы правахананта падвы.</para>
      </listitem>
    </orderedlist>
  </article>
  <article number="14">
    <title>Статья № 14</title>
    <orderedlist>
      <listitem>
	<para>Ненэць хэвняна ӈэда государство няна лыӈгдамта пюлван харвабананта тикы государство ӈоб тарем ситя амгэрт секадёси нямвата тара.</para>
      </listitem>
      <listitem>
	<para>Нивавна ненэцям хибяв тари тарем амгэв еэмня нюракуман харвабата тарця ненць лыӈгад ет ханярина ӈэда государство мима сер ӈоб тарем ненэць тарся правада тнява.</para>
      </listitem>
    </orderedlist>
  </article>
  <article number="15">
    <title>Статья № 15</title>
    <orderedlist>
      <listitem>
	<para>Юʼсидантет поданта хэвы хасава ет амгари тэнз ӈэбта ӈод, ӈаянта серма амгари толха ӈэбта ӈод мале недамта мэсь пирӈа, тад тикад не ӈэбнанта хаюпа хэсь пирӈада. Тикы статьяхана хасаваʼ, неʼ праваду малаӈэ ӈоб толас.ʼ</para>
      </listitem>
    </orderedlist>
  </article>
  <article number="16">
    <title>Статья № 16</title>
    <orderedlist>
      <listitem>
	<para>Ӈобт тэвван харвана ненэця вули хибярт тудаʼян мэсь права юӈгу.</para>
      </listitem>
      <listitem>
	<para>Тамна тарць хавна ненэця мяд тер права ӈоб тарем государство лэтрамбида, ет ханярина Конституция вадана падрабтавыʼ.</para>
      </listitem>
    </orderedlist>
  </article>
  <article number="17">
    <title>Статья № 17</title>
    <orderedlist>
      <listitem>
	<para>Ненэць мята мюня мытида авэда арта инзя сер ханзер мэман харвэйда, тарем мэйда, харта тамна хэвня миман харвабата амгэрт сер ниӈа.</para>
      </listitem>
      <listitem>
	<para>Хибяв ет амгэ нянта аварии няданта тай тари тарем хана амгэрт права ӈоб тарем юӈгу.</para>
      </listitem>
    </orderedlist>
  </article>
  <article number="18">
    <title>Статья № 18</title>
    <para>Сямян яʼ латдан илена ненэця харта религиямта мэман харвабада мэӈамта, тад тикад тамна яӈганя рилигиям мэманзь идебада ӈоб тарем ӈани харта серта, ситя хэвняад ибярт табеда ни пирас. Тикы хавна хибяв нямта пыда рилигиямта нямван харвнанта тикы нямта нядамта.</para>
  </article>
  <article number="19">
    <title>Статья № 19</title>
    <para>Тад тикад ненэць харта инзя сер амгэв вадам яӈганя тэнз вадам тоолаван харвабада харта серта, тикы права ӈо тарем тнява международной декларацияхана падвы, тамна амгэвм падван харвабата ӈани хибярт хэвняад тавла правада юӈгу.</para>
  </article>
  <article number="20">
    <title>Статья № 20</title>
    <orderedlist>
      <listitem>
	<para>Ненэця харту помнанту амгэв ассоциацияхана ӈобкана мэва харвабнанту ӈани сер ниӈа.</para>
      </listitem>
      <listitem>
	<para>Ӈопой тикы ассоциациян харта инзя сер хэвта сава, тай хибярт ситя хэвняад нись наволпю.</para>
      </listitem>
    </orderedlist>
  </article>
  <article number="21">
    <title>Статья № 21</title>
    <orderedlist>
      <listitem>
	<para>Ет хибяри ненэць янта ила нямна амгэв сава серо тай минреван харвабада хибярт ситя ни нямбю, мунзялтамтаба права юӈгу.</para>
      </listitem>
      <listitem>
	<para>Тад тикад государственной службахна манзараван харвабата ситя тай маремба ӈоб тарем хибярт правада юӈгу.</para>
      </listitem>
      <listitem>
	<para>Тад тикад амгэв выборхана тэраӈгова ёльцяӈгана ӈоб тарем пыда избирательной правамта хибярт маремба, нямба правада юӈгу, пыда харта ватонта тяха.</para>
      </listitem>
    </orderedlist>
  </article>
  <article number="22">
    <title>Статья № 22</title>
    <para>Сямян ненэць Социальной обеспечение нямна мытиду праваду ӈани ӈоб пирас, правада тнява. Пыда тамна государство няад харта культурамта мэман еэмня хуркари поддержка нямарпавта сава, тикы ӈоб тарем правада тнява. Тикы права ет ханярина ӈэда сямян яхна тняна государство закон вадана тасла падвы.</para>
  </article>
  <article number="23">
    <title>Статья № 23</title>
    <orderedlist>
      <listitem>
	<para>Хурина ет ибяри манзара есядамта недвопа манзара нив, иланта тикариид пере нив. Ӈадьбада манзаядамта пюрта хуркари правада ӈоб тарем тня ним.</para>
      </listitem>
      <listitem>
	<para>Тад тикад амгари тэнз ӈэбта ӈод ет ханярина илеван, манзараван харбавада недбя есяда сяӈокувна таславы таӈок есям нямарпавта тари нив.</para>
      </listitem>
      <listitem>
	<para>Савовна манзарана ненэць ет амгэ толха ӈэбта ӈод амгэв вознаграждение нямва тола ӈэбта тикы правамта ибярт тай мэсь нидя пирас, хуркари социальной обеспечение ӈэдакы.</para>
      </listitem>
      <listitem>
	<para>Тад тикад ненць профессиональной союз ӈоб сер сертава ӈани сер ниӈа, тикыӈэ ненэць права тай защищаемба сертабада ӈэхвабту.</para>
      </listitem>
    </orderedlist>
  </article>
  <article number="24">
    <title>Статья № 24</title>
    <para>Ет хибяри ненэць харта инзя сер ныланавамта, хяняав ядермамта таслаламта, ситя таяд, хэвняад табедамбада юнгоя. Тамна тикы авна манзарана ненэць нылана мэтада отпускада тнява манзаяхʼданта. Тад тикад манзара мэта яляда нгани таславы часхана таславы.</para>
  </article>
  <article number="25">
    <title>Статья № 25</title>
    <orderedlist>
      <listitem>
	<para>Сямян ненэць харта индзя сер яʼмикад амгэ толха ӈавар тэнз ӈормада, мэтада мята, паныда, медицинский уход ӈэя, социальной обслуживанияда, нивада хаӈурманта тикыда ӈоб тарем таславы делакрация падаркана. Тад тикад манзаясипой хаёбананта, лакри хаӈгулавта, инвалидӈэ хэбнанта, сэримбата, вэсэйманта, пухванта ёльцяӈана социальной обеспечениеда ӈоб тарем таславы, есяда пилипон минт нивʼ.</para>
      </listitem>
      <listitem>
	<para>Тад тикад ню вадабада не, едэй соявы ӈацекы яӈга таславы попеченияду ӈоб тарем тня, тамна тикы хавна сэван ӈадимы ӈацекы ет амгари толха ӈэбнанта ӈод ӈоб пирсавна вадедабванзь таславы, праву ӈоб толас.</para>
      </listitem>
    </orderedlist>
  </article>
  <article number="26">
    <title>Статья № 26</title>
    <orderedlist>
      <listitem>
	<para>Ет хибяри сив яʼ латдан илена ненэць образваниям нямванзь права ӈани ӈоб пирасаӈэ таславы декларация падаркана. Тад тикад начальной образванияда пили нерде нямарпадада амгэрт есям нись салдабта нямаванзь таславы, тарця праваду ненэця малаӈэ ӈоб пирас.</para>
      </listitem>
      <listitem>
	<para>Технической няби профессинальной образования ет хибяри няма правада тнява, тад тикад высшее образваниям хибяв нямван харвабата тикада ӈани амгэрт есясипой тари ну ед сертавы.</para>
      </listitem>
      <listitem>
	<para>Ет хибяри ненэць нюмзя амгэв толха специальность нямва ӈоб тарем харта инзя сер тасламбамта.</para>
      </listitem>
    </orderedlist>
  </article>
  <article number="27">
    <title>Статья № 27</title>
    <orderedlist>
      <listitem>
	<para>Сямян ненэць ханярина илебата ӈод социальной, международной порядок правахнанта ет хатери илевамта харта инзя сер тасламбавада тюку Декларацияхна серота сер падвы.</para>
      </listitem>
    </orderedlist>
  </article>
  <article number="28">
    <title>Статья № 28</title>
    <para>Тамна тадкад права хавна мня сив яʼ тахна илена ненэцяӈэ ноб тарем обязанностьна тня ним, тикы ет ибяри ненэць ӈоб тарем сероту сер тенева тара ним, тикыду тасламба илевату тарава.</para>
  </article>
  <article number="29">
    <title>Статья № 29</title>
    <orderedlist>
      <listitem>
	<para>Хурина ненэць ӈобойриӈэ амгерт серм тасла, серта харта вуни пирас, ӈадьбана илева тяхад ӈоб сер иле таславэва ӈы нивам, сидат няна нятид нид няць. Тикыд поӈана илевант сер ӈоб арем права хавна ненэцяи обществана илевант сер хуркари тюку декларация вадана падда обязанность ӈоб тарем неда илевана тара нив ет ибярива.</para>
      </listitem>
      <listitem>
	<para>Тикы правана, харна ина сер илебзева тасламба илевава, тад хуркари правана, обязанностьтяна ӈарханта Организация Обʼединенных Наций декларация тасла пады.</para>
      </listitem>
    </orderedlist>
  </article>
  <article number="30">
    <title>Статья № 30</title>
    <para>Декларация тасла падвы вадана амгэрт государство, тад тикад амгэв ненцяи сертабада, ӈадимзембада группа декларация падвы ненэцяи права, яʼ тир ниня хибяри инзя сер илевам тай хэвня тэра, навылзʼ правада юӈгу, сомбовна тюку декларациям талсавдавэй, ханяна мня правана сероту сер падвы.</para>
  </article>
</udhr>

