<?xml version="1.0" encoding="UTF-8"?>

<!--© The Office of the High Commisioner for Human Rights-->

<udhr iso639-3="hau" xml:lang="ha" key="hau_3" n="Hausa"  dir="ltr" iso15924="Latn" xmlns="http://www.unicode.org/udhr">
   <title>DOKOKIN KARE HAQQIN XAN’ADAM TA DUNIYA</title>
   <note>
      <para>Dokokin kare haqqin xan’adam ta duniya, shiryayyen tsari ne mai tarihi.. An gudanarda qudurin tare da haxin kan wakilai da masana gudanar da dokoki da al’adu dabandaban daga sassan duniya. An qaddamar da waxannan dokoki a zaman taron Majalisar Xinkin Duniya wanda aka gudanar a Faransa, ranar 10 ga watan Disambar shekarar 1948, qarqashin dokar sasantawa mai lamba 217 (111) A, a matsayin tsararren cigaba ga dukkan mutane da qasashe. An tsara su ne a matsayin abu na farko da ya shafi kare haqqin xan’adam a faxin duniya.</para>
   </note>
   <preamble>
      <title>Gabatarwa</title>
      <para>Tabbatar da adalci da ganin qima da samar da daidaito tsakanin al’umma shi ne tushen samar da ‘yanci da gaskiya da kuma zaman lafiya a duniya.</para>
      <para>Idan har aka yi watsi tare da raina ‘yancin xan’adam, hakan zai iya haifar da halayen ta’addanci waxanda za su mamaye tunanin al’umma. Hakan ka iya haifar da tunanin samar da sabuwar duniya da mutane za su sami ‘yancin faxin albarkacin bakinsu da ‘yancin bauta da kuma daina jin tsoron kowa, domin waxannan sune burin kowanne talaka.</para>
      <para>Yana da muhimmanci kar a tilastawa mutum yin tunanin samarwa kansa mafita ta hanyar yin tawaye a kan zalunci da mulkin danniya da ake masa. Domin haka za a kare haqqin xan’adam ne kawai ta hanyar shimfixa dokoki.</para>
      <para>Yana da muhimmanci a bunqasa cigaban kyakkyawar alaqa ta zumunci tsakanin al’umma.</para>
      <para>Mutanen da ke cikin Majalisar Xinkin Duniya sun jaddada imaninsu kan muhimman haqqoqin xan’adam da suka haxa da ganin qima da daraja da bayar da daidaitacciyar dama tsakanin maza da mata da tabbatar da bunqasar cigaba da kuma samar da kyakkyawar rayuwa.</para>
      <para>Haka nan qasashen da ke cikin Majalisar Xinkin Duniya tare da haxin gwiwar majalisar, sun xauki alqawarin bunqasa tare da samar da dukkan abubuwan da suka shafi kiyaye haqqoqin xan’adam.</para>
      <para>Fahimtar waxannan haqqoqi da sanin ‘yanci shi ne babban muhimmin abin da ya sa a ka yi tunanin gabatar da wannan qudiri.</para>
      <para>Saboda haka:</para>
      <para>Babban Zauren Majalisar Xinkin Duniya ya yi Shelar Waxannan Dokoki Na Kare Haqqin Dan’adam a Duniya.</para>
      <para>Majalisar ta amince da cewa domin samar da cigaba ga dukkan al’umma, an buqaci kowanne mutum da ya kiyaye wannan quduri (dokokin ‘yanci) tare da sanya shi a ransa da kuma yin jihadi ta hanyar koyarwa da ilmantarwa domin a kiyaye waxannan haqqoqi da ‘yanci. Haka kuma a bi duk wasu hanyoyin cigaba da ake da su domin a yaxa wannan qudiri tun daga mataki na qasa da matakin qasa da qasa da ma duniya baki xaya, domin ya zamana an samu manufa ta bai-xaya. Haka zalika ana son duk wasu qasashe da ke cikin wannan majalisa da su gabatar da wannan quduri ga jama’ar da ke qarqashin mulkinsu.</para>
   </preamble>
   <article number="1">
      <title>Doka ta 1:-</title>
      <para>Duk ‘yan’adan ana haihuwarsu ne a matsayin ‘yantattun ‘ya’ya, kuma mutuncinsu da haqqoqinsu daidai yake da na kowa. Suna da tunani da cikakken hankali, saboda haka ake son duk mu’amalar da za su yi, ta kasance akwai ‘yan’uwantaka a tsakani.</para>
   </article>
   <article number="2">
      <title>Doka ta 2:-</title>
      <para>Kowa na da damar cin moriyar waxannan dokokin na‘yancin xan’adam, ba tare da nuna wani bambanci ba, kamar qabilanci da bambancin launin fata da na jinsi da na harshe da na addini da na siyasa ko kuma wani ra’ayi ko matsayi da ke da alaqa da qasar mutum ko wata qasar, mai ‘yanci ko marar ‘yanci, ko ma qarqashin kowanne irin mulki.</para>
  </article>
   <article number="3">
      <title>Doka ta 3:-</title>
      <para>Kowanne mutum na da damar gudanar da rayuwa tare da cikakken ‘yanci da samun tsaro na rayuka da dukiya.</para>
   </article>
   <article number="4">
      <title>Doka ta 4:-</title>
      <para>Dokar ta hana bauta da bautarwa, ta kuma haramta cinikin bayi.</para>
   </article>
   <article number="5">
      <title>Doka ta 5:-</title>
      <para>Ba a yarda a yi wa kowa qeta ko azaba ba, haka kuma an haramta yi masa horo na keta haddi.</para>
   </article>
   <article number="6">
      <title>Doka ta 6:-</title>
      <para>Doka ta ba wa kowa damar cin moriyar zamansa mutum, a duk inda ya sami kansa.</para>
   </article>
   <article number="7">
      <title>Doka ta 7:-</title>
      <para>A doka kowa xaya ne babu bambanci, haka kuma suna da kariya iri xaya ta fuskar shari’a. Sannan kuma kowa na da kariyar shari’a a kan kowane nau’in bambanci wanda ya sava wa waxannan dokoki</para>
   </article>
   <article number="8">
      <title>Doka ta 8:-</title>
      <para>Idan mutum ya ga za a aikata abin da zai hana shi haqqoqinsa ko ‘yancinsa da tsarin mulki ko dokar qasa ta tanadar masa, yana da damar kai qara gaban kotun musamman da qasarsa ta tanada domin yin hakan.</para>
   </article>
   <article number="9">
      <title>Doka ta 9:-</title>
      <para>Babu wanda za a tsare, ko a xaure, ko kuma a saka shi gudun hijira ba gaira ba dalili.</para>
   </article>
   <article number="10">
      <title>Doka ta 10:-</title>
      <para>Kowa na da ‘yancin a daidaita shi da kowa a lokutan zaman kotu, kuma a ba shi dama domin a saurare shi a gaban kowa don ya kare kansa dangane da laifukan da ake tuhumarsa.</para>
   </article>
   <article number="11">
      <title>Doka ta 11:-</title>
      <orderedlist>
         <listitem>
            <para>Duk wanda aka kai shi kotu ana tuhumarsa da laifi ba zai tabbata mai laifi ba har sai kotu ta kama shi da laifin, kuma yana da damar kare kansa.</para>
         </listitem>
         <listitem>
            <para>Babu wanda za a kama da aikata kuskure ko laifi in har dokar qasa ko ta duniya ba ta zartar da shi a matsayin laifi ba kafin ya aikata. Haka kuma ba za a zartar masa da hukunci ba fiye da wanda doka ta tanada.</para>
         </listitem>
      </orderedlist>
   </article>
   <article number="12">
      <title>Doka ta 12:-</title>
      <para>Babu wanda za a yi wa katsalandan ko leqen asirin abin da ya shafe shi ko iyalansa ko gidansa ko kuma kevantattun abubuwansa. Haka kuma ba za a keta alfarmarsa ko mutuncinsa ba domin yana da kariyar shari’a a kan ire-iren waxannan al’amura da suka shafe shi.</para>
   </article>
   <article number="13">
      <title>Doka ta 13:-</title>
      <orderedlist>
         <listitem>
            <para>Kowanne mutum na da ‘yancin kaiwa-da-komowa, haka nan yana da cikakkiyar damar zama cikin jahar da yake so.</para>
         </listitem>
         <listitem>
            <para>Mutum yana da ‘yancin barin kowacce qasa ciki har da qasarsa ta haihuwa, kuma yana iya dawo wa a duk lokacin daya buqaci hakan.</para>
         </listitem>
      </orderedlist>
   </article>
   <article number="14">
      <title>Doka ta 14:-</title>
      <orderedlist>
         <listitem>
            <para>Kowanne mutum yana da ‘yancin nema da samun mafakar siyasa a duk qasar da yake so.</para>
         </listitem>
         <listitem>
            <para>Wannan ‘yancin ba zai hana a tuhumi mutum ba matuqar an tabbatar da cewa ya aikata munanan laifuka na siyasa ko kuma wani laifi da ya sava wa dokokin Majalisar Xinkin Duniya.</para>
         </listitem>
      </orderedlist>
   </article>
   <article number="15">
      <title>Doka ta 15:-</title>
      <orderedlist>
         <listitem>
            <para>Kowanne mutum yana da ‘yancin zama xan wata qasar.</para>
         </listitem>
         <listitem>
            <para>Babu wanda za a qwace wa ‘yancinsa na zama xanqasa ba tare da qwaqqwaran dalili ba, haka ba za a hana shi damar canza qasa ba, idan yana so.</para>
         </listitem>
      </orderedlist>
   </article>
   <article number="16">
      <title>Doka ta 16:-</title>
      <orderedlist>
         <listitem>
            <para>Maza da mata da suka balaga suna da ‘yancin auren duk wanda suke so, kuma su hayayyafa ba tare da la’akari da bambancin launin fata ko na qasa ko kuma na addini ba. Haka kuma suna da ‘yancin cigaba da zaman aure suna kuma da damar rabuwa.</para>
         </listitem>
         <listitem>
            <para>Ba za a xaura aure ba sai da amincewar ma’auratan biyu (miji da mata).</para>
         </listitem>
         <listitem>
            <para>Iyali sune tushen samar da kowane rukuni na al’umma, domin haka hakkin jaha ne sama musu dukkan kariya.</para>
         </listitem>
      </orderedlist>
   </article>
   <article number="17">
      <title>Doka ta 17:-</title>
      <orderedlist>
         <listitem>
            <para>Doka ta ba wa kowa ‘yancin mallakar dukiya shi kaxai ko ta hanyar haxin gwiwa. </para>
         </listitem>
         <listitem>
            <para>Babu wanda za a qwace wa dukiya ba tare da hakki ba.</para>
         </listitem>
      </orderedlist>
   </article>
   <article number="18">
      <title>Doka ta 18:-</title>
      <para>Kowanne mutum na da ‘yancin yin tunani a kan kansa, yana kuma da ‘yancin bin addinin da yake so tare da bayar da gaskiya da shi, shi kaxai ko cikin haxaka, a voye ko a bayyane. Yana kuma da damar gudanar da dukkanin abubuwan da wannan addini ya yi umarni.</para>
   </article>
   <article number="19">
      <title>Doka ta 19:-</title>
      <para>Kowanne mutum yana da ‘yancin bayyana ra’ayinsa; wannan ‘yanci kuwa ya hana a yi masa shisshigi kan wannan ra’ayi nasa, yana kuma da damar nema da karva da kuma fitar da duk wasu bayanai ta hanyar amfani da kafofin yaxa labarai ba tare da yin iyaka ba.</para>
   </article>
   <article number="20">
      <title>Doka ta 20:-</title>
      <orderedlist>
         <listitem>
            <para>Kowa na da ‘yanci gudanar da taron qungiya cikin lumana.</para>
         </listitem>
         <listitem>
            <para>Babu wanda za a tilastawa shiga wata qungiya.</para>
         </listitem>
     </orderedlist>
   </article>
   <article number="21">
      <title>Doka ta 21:-</title>
      <orderedlist>
         <listitem>
            <para>Kowanne mutum na da ‘yancin taka rawa cikin sha’anin mulkin qasarsa da kansa ko ta hanyar wani wakili da ya zava.</para>
         </listitem>
         <listitem>
            <para>Duk xanqasa na da ‘yancin yin duk irin aikin da yake so a qasarsa.</para>
         </listitem>
         <listitem>
            <para>Ra’ayin jama’a shi ne zai zama tushen gudanar da mulkin qasa. Sannan kowa zai bayyana ra’ayin nasa ne ta hanyar gudanar da sahihin zave, wanda ake gudanarwa a wani lokacin da aka ambata. Kuma kowa na da ‘yancin yin wannan zave a asirce ta hanyar kaxa quri’a.</para>
         </listitem>
      </orderedlist>
   </article>
   <article number="22">
      <title>Doka ta 22:-</title>
      <para>Kowane mutum a matsayinsa na xanqasa, yana da ‘yancin more jin daxin rayuwarsa cikin kwanciyar hankali da kyakkyawan tsaro. Zai more wannan jin daxi ne da haxin kan qasarsa da sauran qasashen duniya daidai da qarfin tattalin arzikin qasarsa. Haka kuma bunqasa tattalin arziki da jin daxin jama’a da inganta al’adu na cikin abubuwan da suke tabbatar da mutuncin mutum suna kuma qara masa qima.</para>
   </article>
   <article number="23">
      <title>Doka ta 23:-</title>
      <orderedlist>
         <listitem>
            <para>Duk mutum yana da ‘yancin yin irin aikin da yake da ra’ayi, kuma dole ya sami kariyar dukkan haqqoqinsa na aiki, da kuma samar masa kariya daga rasa aikin.</para>
         </listitem>
         <listitem>
            <para>Ba tare da nuna bambanci ba, dole ne a biya kowa haqqinsa na aikin da ya yi.</para>
         </listitem>
         <listitem>
            <para>Duk wani ma’aikaci sai an biya shi albashi mai tsoka wanda zai xauki xawainiyarsa da ta iyalansa, za kuma a kare musu qima da duk wasu matsaloli da kuma sama musu jin daxin rayuwa.</para>
         </listitem>
         <listitem>
            <para>Kowa na da ‘yancin shiga da kafa qungiyar kasuwanci domin kare mutuncinsa.</para>
         </listitem>
      </orderedlist>
   </article>
   <article number="24">
      <title>Doka ta 24:-</title>
      <para>Kowa na da ‘yancin samun hutu a wurin aiki da qayyadadden lokacin gudanar da aikin, haka kuma a qalla ya sami hutu na wani lokaci da aka tsara tare da albashinsa.</para>
   </article>
   <article number="25">
      <title>Doka ta 25:-</title>
      <orderedlist>
         <listitem>
            <para>Kowa na da haqqin samun kyakkyawar rayuwa da isasshiyar lafiya, samun alheri a kan kansa da iyalansa, wato samun abubuwa da suka shafi abinci da sutura da mahalli da kula da lafiya da duk wasu abubuwa na jin daxin rayuwa da samun kariya daga rashin ayyukan yi da cututtuka da kulawa da nakasassu da zawarawa da tsofaffi da taimakawa mutum kan duk wani abu da ya gagare shi.</para>
         </listitem>
         <listitem>
            <para>Mata da yara suna da damar samun kariya ta musamman. Duka yaran da aka haifa ta hanyar aure ko kafin aure za a sama musu kulawa iri xaya.</para>
         </listitem>
      </orderedlist>
   </article>
   <article number="26">
      <title>Doka ta 26:-</title>
      <orderedlist>
         <listitem>
            <para>Kowa na da haqqin samun ilimi. Ilimin ya zama kyauta a qalla a matakin firamare, kuma ilimin firamaren ya zama dole. Shi kuwa ilimin fasaha da na sana’a har ma da manyan makarantu ya kasance qofofinsu a buxe suke ga kowa muddin an cika qa’idojin samunsu.</para>
         </listitem>
         <listitem>
            <para>Dole ne manufar ilimi ta kasance ta xaukaka darajar xan’adam da qarfafa kiyaye haqqoqinsa da ‘yancinsa , haka zalika ilimi abu ne da zai taimaka wajen bunqasa fahimtar juna, da juriya da zumunci tsakanin al’umma, tare da kawar da bambance-bambancen launin fata da na addini. Haka kuma ya kawo cigaban ayyukan Majalisar Xinkin Duniya na tabbatar da zaman lafiya a duniya.</para>
         </listitem>
         <listitem>
            <para>Iyaye ke da alhakin zava wa ‘ya’yansu irin ilimin da za a koyar da su.</para>
         </listitem>
      </orderedlist>
   </article>
   <article number="27">
      <title>Doka ta 27:-</title>
      <orderedlist>
         <listitem>
            <para>Kowanne mutum na da ‘yancin bayar da gudummawa gwargwadon ikonsa ga dukkan al’adun al’ummarsa, tare da cin moriyar abubuwan da ake qagowa domin nishaxi. Haka kuma yana da damar taimakawa ga cigaban kimiyya da fasaha, ko kuma yin amgfani da binciken kimiyya da fasahar da al’ummarsa ta gano.</para>
         </listitem>
         <listitem>
            <para>Kowa na da hakkin kariyar kyawawan xabi’u da wasu muhimman lamura domin cin moriyar abin da ya qirqiro a fannin kimiyya da wallafe-wallafe ko wani aiki na qirqira da shi ya wallafa.</para>
         </listitem>
      </orderedlist>
   </article>
   <article number="28">
      <title>Doka ta 28:-</title>
      <para>Hakkin kowa ne gani an samar da doka cikin gida da waje, domin tabbatar da cewa waxannan dokoki na haqqin xan’adam da Majalisar Xinkin Duniya ta tsara sun sami shiga a duk faxin duniya.</para>
   </article>
   <article number="29">
      <title>Doka ta 29:-</title>
      <orderedlist>
         <listitem>
            <para>Nauyin mutum ne gudanar da ayyuka ko bautawa al’ummarsa wadda a cikinta ne yake da tabbacin samun cigaba.</para>
         </listitem>
         <listitem>
            <para>Domin morewa ‘yanci da haqqoqi, ba a son mutum ya wuce iyaka. Wato ana so mutum ya kiyaye haqqoqin sauran jama’a, tare da nuna halayyar xa’a da kiyaye doka da sauransu kamar yadda yake a tsari na al’ummar da take gudanar da tsari na dimokraxiyya.</para>
         </listitem>
         <listitem>
            <para>Ba a yarda a yi amfani da waxannan dokokin ‘yanci da kare haqqi ba, ko a gabatar da su ta wata siga savanin yadda Majalisar Xinkin Duniya ta shimfixa.</para>
         </listitem>
      </orderedlist>
   </article>
   <article number="30">
      <title>Doka ta 30:-</title>
      <para>Babu wata doka da ta ba wa wata qasa ko wata qungiya ko wani mutum damar rushe waxannan dokoki da Majalisar Xinkin Duniya ta zartar.</para>
   </article>
</udhr>
