<?xml version="1.0" encoding="UTF-8"?>

<!--© The Office of the High Commisioner for Human Rights-->

<udhr iso639-3='wol' xml:lang='wo' key='wol' n='Wolof' dir='ltr' iso15924='Latn' xmlns="http://www.unicode.org/udhr">
  <title>BATAAXAL GU MAG GI ËMB SAÑ-SAÑI DOOMI AADAMA</title>
  <preamble>
    <para>Ñu jàpp te nangu ne sagu doomi aadama ak sañ-sañam yépp-dañu yam te kenn mënukóo jalgati, te lu lépp nekk na cës laay ci taxufeex ci mbirum àtte ak jàmm ci biir àdduna.</para>
    <para>Ñu jàpp ne ñakk xam ak soofantal sañ-sañi doomi aadama indi na aymusiba yu tar tax képp kuy dund fippu. Temano egsi na ba mu nekk ci doomi aadama ñu mën a wax, xalaat, ci seen coobare, bundxatal, nàkk dëddu leen.</para>
    <para>Ñu jàpp ne am na solo lool ñu aar sañ-sañi doomu aadama ak ay matukaay ci wàllu yoon; ngir doomu aadama moomu kenn du ko sonal, muy fippu ci nootaange ak lu koy bunduxatal.</para>
    <para>Ñu jàpp ne am na solo lool ñu góor-goorlu ba gën a rataxal jokkalante gi diggante xeet yi.</para>
    <para>Ñu jàpp ne ci bataaxal boobule mbootaayu xeet yi yeesalaat na ay pas-pasam jëme ko ci sañ-sani doomi aadama yu tolloo, ci sag, ci bir lépp lu aju ci dundin diggante góor ak jigéen, ci biir tawfeex gu yaa.</para>
    <para>Ñu jàpp ne réew yi ci bokk jël nañu ay matukaay ngir dëgëral jokkalante gi ak mbootaayu xeet yi, ñu naw it bu baax sann-sañi doomi aadama ak tawfeex yu wóor ci biir àdduna yépp.</para>
    <para>Ñu jàpp ne ànd taxawal sañ-sañ yeek tawfeex yi nekk na lu am solo lool ngir, darajaal matukaay yooyu.</para>
    <para>Ndaje mu mag mi biral na ci bataaxal bii ne xeet yépp, réew yépp ak kurel yépp ñu jàpp li ci nekk, ci seen xel, te ñu góor-góorlu, ñu jaarale lii lépp ci njàng mi ak yar gi.</para>
    <para>Ñu lawal sañ-sañ yeek taawfeex yi jël aymatukaay ci biirak bitim réew.</para>
    <para>Ñu nangu te di doxal fépp ci anam gu wér ci biir xeet yi sosoo ci réew i bokk ci mbootaay gi ak gox yi bootu ci ñoom.</para>
  </preamble>
  <article number="1">
    <title>1. Matukaay bu jëkk bi</title>
    <para>Doomi aadama yépp danuy juddu, yam ci tawfeex ci sag ak sañ-sañ. Nekk na it ku xam dëgg te ànd na ak xelam, te war naa jëflante ak nawleen, te teg ko ci wàllu mbokk.</para>
  </article>
  <article number="2">
    <title>2. Naareelu matukaay</title>
    <para>Ku ne mën naa wax ne am na ay sañ-sañ ak ay tawfeex yu sosoo ci bataaxal bii te amul xeej ak seen, rawatina ci wàllu xeet, melo, awra, làkk, diiné, peete ci wàllu politig, xalaat, réew mbaa askan woo mën ti sosoo, ci it wàllu juddu alal ak lu mu mën ti doon.</para>
    <para>Rax sa dolli amul xeej ak seen ci politig, yoon, mbaa doxalin wu aju ci bitim réew mbaa suuf soo xamne nit ki fa la cosaanoo; réew moomu mbaa suuf soosu moom na boppam walla deet, mbaa ñu yamale yengu-yëngoom.</para>
  </article>
  <article number="3">
    <title>3. Ñatteelu matukaay</title>
    <para>Nit kune war naa dund ci tawfeex ak kaaraange.</para>
  </article>
  <article number="4">
    <title>4. Ñeenteelu matukaay</title>
    <para>Waruñoo def kenn jaam mbaa mbindaan. Njaam ak njaayum jaam nanguwunu ko ci anam gu mu mën ti doon.</para>
  </article>
  <article number="5">
    <title>5. Juróomeelu matukaay</title>
    <para>Waruñoo mbugal, tutal, mbaa teg kenn lu metti lool lu yelloo wul ak doomu aadama.</para>
  </article>
  <article number="6">
    <title>6. Juróom benneeli matukaay</title>
    <para>Nit ku ne am na sañ-sañ ñu war kaa nangul darajaam ci wàllu yoon.</para>
  </article>
  <article number="7">
    <title>7. Juróom benneeli matukaay</title>
    <para>Népp a yam ci kanamu yoon. Te it amul xeej ak seen, ku ne yoon woowu war na laa aar. Népp war nañu leen aar ci luy jalgati liñu tënk ci bataaxal bii ak bepp yëngu-gëngu buy indi par-parloo.</para>
  </article>
  <article number="8">
    <title>8. Juróom natteelu matukaay</title>
    <para>Nit ku ne am na sañ-sañ dem ci berebi àtte kaay yi ci reewam saa yoo xamne sañ-sañam yooyu dëppook sàrti réewam mba yoon jalgati nañu ko.</para>
  </article>
  <article number="9">
    <title>9. Juróom ñentteeli matukaay</title>
    <para>Menuñoo jàpp, tëj, mbaa genne kenn réewam te tegunu ko ci yoon.</para>
  </article>
  <article number="10">
    <title>10. Fukkeeli matukaay</title>
    <para>Ci lu wér, nit kune mën naa egg ci berebu atte kaay wax li ko naqari ci anam gu jub, te baña ànd ak par-parloo, ne dañu ko taxal.</para>
  </article>
  <article number="11">
    <title>11. Fukkeeli been matukaay ak benn</title>
    <orderedlist>
      <listitem>
	<para>Bépp nit bu ñu taqal cimbir mu tar jàppe nanu ko ku set ba loolu ñu ko taxal leer nàññ ginnaaw bi ñu ko attee. Te ñu taxawu ko ci lépp lu koy aar ci atte boobule.</para>
      </listitem>
      <listitem>
	<para>Duñu tëj kenn ci ay jëfam mbaa lu mu fàtte mbete loolu mu jëf ci jamono jooju nekkul mbir mu tar ci wàllu yoon, ci biir ak bitim réew. Foofu it yoon du ko teg lu dul limengóok li mu def ci jamono jooju.</para>
      </listitem>
    </orderedlist>
  </article>
  <article number="12">
    <title>12. Fukkeeli matukaay ak ñaar</title>
    <para>Kenn warula xuus ci dundinu doomu aadama, bu njabootam, ci lu jëm ci këram mbaa lu mengóok moom, di damm it jarajaam. Buñu jalgatee yii nit kune am na sañ-sañ ñu aar ko ci wàllu yoon.</para>
  </article>
  <article number="13">
    <title>13. Fukkeeli matukaay ak ñatt</title>
    <orderedlist>
      <listitem>
	<para>Nit kune am na sañ-sañ wëndeelu ni mu ko neexe, tànn it dekkuwaayam ci biir réew bu mu mën ti doon.</para>
      </listitem>
      <listitem>
	<para>Nit kune am na sañ-sañ génn réew mu mu mën ti doon. Fimu dëkk it bokk na ci-ak it dellusi ci réewam.</para>
      </listitem>
    </orderedlist>
  </article>
  <article number="14">
    <title>14. Fukkeeli matukaay ak ñent</title>
    <orderedlist>
      <listitem>
	<para>Nit kune bu ñu ko mbugalee am na sañ-sañ làqu ji, mbaa ñaan ñu làq ko ci yeneni réew.</para>
      </listitem>
      <listitem>
	<para>Su fekkee ne nit ki dañu koy toppu ginnaaw bi mu defee jëyyi, mbaa yëngu-yëngóon méngóowul ak li mbootaayu xeet yi tëral, sañ-sañ boobu.</para>
      </listitem>
    </orderedlist>
  </article>
  <article number="15">
    <title>15. Fukkeeli matukaay ak juróom</title>
    <orderedlist>
      <listitem>
	<para>Nit ku ne am na sañ-sañ xeetoo cim réew.</para>
      </listitem>
      <listitem>
	<para>Mënuñu ne nit ki xeetoowul cim réew te teguñu ko fenn, mbaa ñu xañ ko sañ-sañ su bëggee soppi xeetoom ak réewan.m</para>
      </listitem>
    </orderedlist>
  </article>
  <article number="16">
    <title>16. Fukkeeli matukaay ak juróom benn</title>
    <orderedlist>
      <listitem>
	<para>Jigéen mbaa jóor saa yu matee amul xaaj ak seen, ak waaso bu mu mën ti bokk, réew, mba diiné am na sañ-sañ sëy ak it sos njaboot. Ñoo yam it sañ-sañ, balaa ñuy sëey, ci biir sëy ak it bu seen sëy tasee.</para>
      </listitem>
      <listitem>
	<para>Sëy kenn menunuko fas, xanaa lu jiitu ku ne ci way-dencante yi joxe xalaatam.</para>
      </listitem>
      <listitem>
	<para>Njaboot nekk na menneef gu am solo ci askan wi.</para>
      </listitem>
    </orderedlist>
  </article>
  <article number="17">
    <title>17. Fukkeeli matukaay ak juróom ñaar</title>
    <orderedlist>
      <listitem>
	<para>Ngay dund yaw doww mbaa ak mbooloo am nga sañ-sañ am loo moomal sa bopp.</para>
      </listitem>
      <listitem>
	<para>Menuñoo xañ kenn am aman.</para>
      </listitem>
    </orderedlist>
  </article>
  <article number="18">
    <title>18. Fukkeeli matukaay ak juróom ñatt</title>
    <para>Nit kune am na sañ-sañ xalaat ak sa goom ci wàllu diine, soppi it diineem mba ngëmam, am na it tawfeex feeñal diineem, mbaa ngëmam, ak mbooloo, mbaa moom doww, fu àdduna daje mbaa deet, jarali ko ci njàngale mi, ci ay jëf, ci jaamu yi ak xarbaax.</para>
  </article>
  <article number="19">
    <title>19. Fukkeeli matukaay ak juróom ñent</title>
    <para>Nit ku ne am na sañ-sañ wax mbaa bind lu ko soob. Ci waxam yooyule kenn menuko ce bundu xatal. Te it am na sañ-sañ di gëstu, di jot, di wasare ci anam gu yaa ay xabaaraki xalaat ak ay jumtukaay yu mi Men ti jefandikóo.</para>
  </article>
  <article number="20">
    <title>20. Ñaar fukkeeli matukaay</title>
    <orderedlist>
      <listitem>
	<para>Nit kune am na sañ-sañ woote ab ndaje, mbaa sos mbootaay ci jàmm.</para>
      </listitem>
      <listitem>
	<para>Mënuñoo bokk loo kenn ci mbootaay te àndu ci.</para>
      </listitem>
    </orderedlist>
  </article>
  <article number="21">
    <title>21. Ñaar fukkeeli matukaay ak benn</title>
    <orderedlist>
      <listitem>
	<para>Nit ku ne am na sañ-sañ bokk ci ñiy doxal mbiri réewam. Mu teewal fa boppam, mbaa mu yabal ab ndaw mu teewal ko fa.</para>
      </listitem>
      <listitem>
	<para>Nit ku ne am na sañ-sañ, amul xeej ak seen liggéey ci bépp béréb buy doxal mbiri réewam.</para>
      </listitem>
      <listitem>
	<para>Pas-pasu askan mooy cëslaay buy dëgëral lépp luy doxal réew. Pas-pas gile war na feeñ ci palin yu yiw yu ñu wara amal léeg-léeg ci tannin gu yaa te am sutura,mbaa topp yoon wu wóor wu andak taw feex ci wàllu pal.</para>
      </listitem>
    </orderedlist>
  </article>
  <article number="22">
    <title>22. Ñaar fukkeeli matukaay ak ñaar</title>
    <para>Nit ku ne meññeefu askan wi am na sañ-sañ ñu aar ko ci giru dundam. Ci dundam war na ci am xol bu sedd ci sañ-sañam yooyu, lu aju ci koom-koomam, ci dundinam ak ci lépp lu aju ci aadaam te di ko jox maanaa ak yookkute gu ànd ak tawfeex ci wàllu darajaam, loolu lépp nag ku ne doomu réew mi indi dooleem ak di jokkalante ak bitim réew te mu méngook tërërin ak am-amu réew mu ne.</para>
  </article>
  <article number="23">
    <title>23. Ñaar fukk ak ñatteeli matukaay</title>
    <orderedlist>
      <listitem>
	<para>Nit ku ne am na sañ-sañ liggéey, tànn it ci eanam gu ko neex liggéeyamm te mu dëppóok ay sàart yu yam te baax ci wàllu liggéey. Te it ñu aar ko ci ñàkkub liggéey.</para>
      </listitem>
      <listitem>
	<para>Amul xeej ak seen ku néppam nanu sañ-sañ ñu fay leen, te loolu méngóok li mu aliggéey.</para>
      </listitem>
      <listitem>
	<para>Keépp kuy liggéey am na sañ-sañ ñu jox ko pay gi mu yellool, baax te mën koo dundal ak njabbotam te mu yellook sagu doomu aadama, mu mottaliku it ak yeneeni pexe su mënee am ngir aar dundinam.</para>
      </listitem>
      <listitem>
	<para>Nit ku ne am na sañ-sañ samp mbaa bokk ci ay kurel yu koy taxawu ci wàllu liggéeyam.</para>
      </listitem>
    </orderedlist>
  </article>
  <article number="24">
    <title>24. Ñaar fukk ak ñenteeli matukaay</title>
    <para>Nit ku ne am na sañ-sañ noppalu, feexal xolal ak it di yamale diirub liggéeyam ak it léeg-léeg muy për, bër gu ànd ak xaalis.</para>
  </article>
  <article number="25">
    <title>25. Ñaar fukk ak juróomeeli matukaay</title>
    <orderedlist>
      <listitem>
	<para>Nit ku ne am na sañ-sañ am dundingu yamamaay ngir dëgëral wér-gi-yaramam, raataageem ak bu njabootam, lrawatina ci wàllu lekk col, dëkkuwaay, lépp lu aju ci wàllu paj ak bépp yëngu-yëngu gu am farata ci wàllu dundam. Am na it sañ-sañ ñu aar ko bu liggeeyatul bu feebaree, bu amee laago, ñàkk saxnaam mbaa sërinam, mbaa màgget, mbaa mu ñàkk li muy suturloo ci anam yu dul ci cootareem.</para>
      </listitem>
      <listitem>
	<para>War nañu beral loxo, dimbali képp ku tollu ci am doom ak it gune yi. Bépp xale bu juddu ci sëy, mbaa bu judduwul ci sëy ñoo bokk benn anam buñ leen di aare.</para>
      </listitem>
    </orderedlist>
  </article>
  <article number="26">
    <title>26. Ñaar fukk ak juróom benneeli matukaay</title>
    <orderedlist>
      <listitem>
	<para>Nit ku ne am na sañ-sañ ñu jàngal ko, njàng mi waruñu ci fayaku lu mu bon bon ci njàng mu suufe mi te am solo. Njàng mu suufe mi lu war la. Njàng mu xarala mi, te it aju ci wàllu liggéey war nanu koo wasaare. Amul xeej ak seen njàng mu kawe mi ubbil nañu ko képp ku ko yelloo.</para>
      </listitem>
      <listitem>
	<para>Njàng war naa indi naataange gu yaa ci doomi aadama te it war na dëgëral ñu naw sañ-sañi doomi aadama aki tawfeexam ci anam gu yaa-wat na it rataxal déggóo gi ak yokkute mbootaayu xeet yi ngir jàmm sax.</para>
      </listitem>
      <listitem>
	<para>Waajur yi ñoo jëkk am sañ-sañ ci anam gi ñuy yare seeni doom.</para>
      </listitem>
    </orderedlist>
  </article>
  <article number="27">
    <title>27. Ñaar fukk ak juróom nenteeli matukaay</title>
    <orderedlist>
      <listitem>
	<para>Nit ku ne am na sañ-sañ bokk ci dépp lu aju ci caaday askan wi, di bànneexu ci lu cu aju ak it bokk ci lépp luy suqali xarala gi ak lu ciy meñ.</para>
      </listitem>
      <listitem>
	<para>Nit ku ne am na sañ-sañ ñu aaral ko lépp lu aju ci lu mudefar ci wàllu la xarala, mbind mbaa lu aju ci wàllu caala.</para>
      </listitem>
    </orderedlist>
  </article>
  <article number="28">
    <title>28. Ñaar fukk ak juróom natteeli matukaay</title>
    <para>Nit ku ne war naa tawaxu dëpp lu aju a askan wi, ak lu aju ci bitim réewam ba sañ-sañ ak tawfeex yi bataaxalu xeet gi ëmb mën a sax.</para>
  </article>
  <article number="29">
    <title>29. Ñaar fukk ak juróom nenteeli matukaay</title>
    <orderedlist>
      <listitem>
	<para>Nit ku ne am na ay wareef yu ko war digganteem ak dëkkandoom yi ngir dëgëral ci anam gu ya darajaam.</para>
      </listitem>
      <listitem>
	<para>Nit ku ne buy doxal ay sañ-sañam aki tawfeexam war naa sallook li ko yoon may, ngir mu mën a nangu, naw, sañ-sañ nawleem ba léepp lu aju ci yiw, teey ak naataange gu yaa sax ci askan wi.</para>
      </listitem>
      <listitem>
	<para>Sañ-sañ yeek tawfeex yi mënuñukoo doxal ci anam gu deppoo-wul li mbootaayu xeet yi misër mbaa taxawal.</para>
      </listitem>
    </orderedlist>
  </article>
  <article number="30">
    <title>30. Fanweereeli matukaay</title>
    <para>Ci fànn gu mu mën ti doon ci bataaxal bii, bépp réew, mbootaay mbaa nit, warul doxal mbaa def luy yàq sañ-sañ yeek tawfeex.</para>
  </article>
</udhr>
