<?xml version="1.0" encoding="UTF-8"?>

<!--© The Office of the High Commisioner for Human Rights-->

<udhr iso639-3='nya' xml:lang='ny' key='nya_chechewa' n='Nyanja (Chechewa)' dir='ltr' iso15924='Latn' xmlns="http://www.unicode.org/udhr">
   <title>Chikalata Cha Mgwirizano Chofotokoza Za Ufulu Wa Chibadwidwe Wa Munthu Aliyense</title>
   <note>
      <para>Chidavomerezedwa ndi kulengezedwa ndi msonkhano waukulu mu mfundo 217A (III) ya pa 10th December, 1948.</para>
   </note>
   <preamble>
      <title>Mau Otsogolera</title>
      <para>Popeza kuzindikira kuti kudzilemekeza ndi kufanana kwa anthu pa chibadwidwe ndiwo maziko aufulu, chilungamo ndi mtendere pa dziko lapansi,</para>
      <para>Popeza kusalabadira ndi kunyoza ufulu wa munthu kwachititsa mchitidwe wa nkhaza womwe wakhumudwitsa chikumbumtima cha anthu, ndipo kukhazikitsa kwa dziko m'mene anthu adzasangalale ndi kulankhula za kukhosi ndiponso kukhulupilira mopanda mantha ndi kusowa kwalengezedwa ngati chinthu cha mtengo wapatali chimene anthu wamba amalakalaka.</para>
      <para>Popeza nkofunikira ngati munthu saumilizidwa kutero, ngati chinthu chamapeto, kugaukira ulamuliro wankhanza ndi kuponderezedwa, kuti ufulu wa munthu utetezedwe ndi malamulo,</para>
      <para>Popeza nkofunikira kupititsa mtsogolo ubale wa pakati pa maiko,</para>
      <para>Popeza anthu a mu bungwe la mgwirizano wa maiko (United Nations) m'chikalata chawo (Charter of United Nations) anatsikimikizira chikhulupiliro chawo mu ufulu wa munthu ndi kusasiyanitsa pakati pa mwamuna ndi mkazi ndiponso atsimikiza kupititsa mtsogolo chikhalidwe cha anthu ndi umoyo wao,</para>
      <para>Popeza maiko mgwirizano alonjeza kukwaniritsa mogwirizana ndi bungwe la mgwirizano wa maiko (United Nations) kupititsa mtsogolo kulemekeza ndi kutsatira malamulo a ufulu wa munthu,</para>
      <para>Popeza kumvetsetsa ufulu umenewu nkofunika kwambiri kuti lonjezo limeneli likwaniritsidwe,</para>
      <para>Choncho, tsopano,</para>
      <para>Msonkhano, Waukulu,</para>
      <para>ukulengeza malamulo omwe ali m'chikalata cha mgwirizano chofotokoza za ufulu wa chibadwidwe wa munthu aliyense ngati muyeso wa chikwaniritso kwa anthu onse ndi maiko onse, pachifukwa ichi aliyense ndi bungwe lililonse m'dziko, poganizira za chikalatchi, lidzayesetsa pophunzitsa, maphunziro ndi njira zina zotsogola kupititsa mtsogolo kulemekeza ufulu wachibadwidwe ndi ufulu wina m'dziko kudzanso pakati pa maiko, poonetsetsa kuti mfundozi zikuzindikiridwa ndiponso kutsatidwa pakati pa anthu ndi maiko a mu mgwirizano ndi anthu a m'madera amene maikowo akulamulira.</para>
   </preamble>
   <article number="1">
      <title>Ndime 1</title>
      <para>Anthu onse amabadwa aufulu ndiponso ofanana mu ulemu ndi ufulu wao. Iwowa ndi wodalitsidwa ndi mphamvu zoganiza ndi chikumbumtima ndipo achitirane wina ndi mnzake mwaubale.</para>
   </article>
   <article number="2">
      <title>Ndime 2</title>
      <para>Aliyense ali ndi ufulu wa chibadwidwe ndi ufulu wina omwe walembedwa m'chikalata chino, mosasiyanitsa m'mjira iliyonse monga mtundu, maonekedwe a khungu, mwamuna kapena mkazi, chiyankhulo, chipembedzo, ndale kapena maganizo ena, dziko lochokera kapena chikhalidwe, katundu ndi chuma, kubadwa kapena m'mene munthu alili.</para>
      <para>Poonjezerapo pasakhale kusiyanitsa poganizira ndale, malamulo kapena m'mene dziko kapena dera lomwe munthu akuchokera lilili, kaya ndi loima palokha, lodalira ena, losadzidalira, kapena lomwe likupingidwa m'njira zina.</para>
   </article>
   <article number="3">
      <title>Ndime 3</title>
      <para>Aliyense ali ndi ufulu kukhala ndi moyo, mtendere ndi chitetezo chathupi.</para>
   </article>
   <article number="4">
      <title>Ndime 4</title>
      <para>Palibe munthu amene adzasungidwe mu ukapolo kapena mwaukapolo; ukapolo ndi malonda a akapolo adzathetsedwa m'njira zonse.</para>
   </article>
   <article number="5">
      <title>Ndime 5</title>
      <para>Palibe amene adzachitiridwe nkhaza kapena kuzunzidwa kapena kupatsidwa chilango monyozedwa.</para>
   </article>
   <article number="6">
      <title>Ndime 6</title>
      <para>Aliyense ali ndi ufulu kuzindikiridwa ngati munthu kulikonse pamaso pa lumulo.</para>
   </article>
   <article number="7">
      <title>Ndime 7</title>
      <para>Aliyense ndi ofanana pamaso pa lamulo ndipo ali oyenera kutetezedwa mosasiyanitsa ndi lamulo. Aliyense ali oyenera kutetezedwa ku tsankho la mtundu uliwonse lomwe likututsa chikalata chino kudzanso kuyambitsa tsankho lililonse la mtundu wotere.</para>
   </article>
   <article number="8">
      <title>Ndime 8</title>
      <para>Aliyense ali ndi ufulu wolandira chithanzizo chokwanira ndi bwalo la milandu lodalirika pa zochita zophwanya ufulu wa munthu womwe waperekedwa kwa iye ndi malamulo a dziko.</para>
   </article>
   <article number="9">
      <title>Ndime 9</title>
      <para>Palibe amene adzamangidwe, kusungidwa osazengedwa mlandu kapena kuumirizidwa kuchoka m'dziko lake mosatsatira lamulo.</para>
   </article>
   <article number="10">
      <title>Ndime 10</title>
      <para>Aliyense ali ndi ufulu womveredwa mosasiyanitsa ndi bwalo la milandu loyima palokha ndipo losakondera, poganizira ufulu wa munthu ndi udindo wake ndiponso mlandu uliwonse womukhudza.</para>
   </article>
   <article number="11">
      <title>Ndime 11</title>
      <orderedlist>
         <listitem>
            <para>Aliyense wozengedwa mlandu asaganiziridwe kuti ndi wolankwira lamulo ndipo asam'zenge mlandu potsatira malamulo ena amene ali ovomerezeka m'dzikomo kapena pakati pa maiko, koma omwe pa nthawi yolakwirayo sanali ovomerezeka.</para>
         </listitem>
         <listitem>
            <para>Chimodzimodzinso chilango chokhwima kuposa chomwe chidalipo panthawi yolakwira lamuloyo chisaperekedwe.</para>
         </listitem>
      </orderedlist>
   </article>
   <article number="12">
      <title>Ndime 12</title>
      <para>Palibe amene adzasokonezedwe chinsinsi chake, banja lake, kwawo, kapena makalata ake, kapena zochitika zina zoyenera pa ulemu ndi mbiri yake. Aliyense ali ndi ufulu kutetezedwa ndi lamulo ngati zoterezi zichitika.</para>
   </article>
   <article number="13">
      <title>Ndime 13</title>
      <orderedlist>
         <listitem>
            <para>Aliyense ali ndi ufulu kuyenda ndi kukhala m'kati mwamalire a dziko lililonse.</para>
         </listitem>
         <listitem>
            <para>Aliyense ali ndi ufulu kuchoka m'dziko lililonse kuonjezerapo lake, ndiponso kubwerera ku dziko lake.</para>
         </listitem>
      </orderedlist>
   </article>
   <article number="14">
      <title>Ndime 14</title>
      <orderedlist>
         <listitem>
            <para>Aliyense ali ndi ufulu kupeza mpumulo ndi kusangalala m'maiko ena m'mene angatetezedwe ku nkhaza.</para>
         </listitem>
         <listitem>
            <para>Ufuluwu sungagwiritsidwe ntchito pa mlandu umene sukukhudza ndale, kapena mchitidwe omwe sugwirizana ndi zolinga ndi mfundo za bungwe la mgwirizano wa maiko (United Nations).</para>
         </listitem>
      </orderedlist>
   </article>
   <article number="15">
      <title>Ndime 15</title>
      <orderedlist>
         <listitem>
            <para>Aliyense ali ndi ufulu kukhala ndi mtundu.</para>
         </listitem>
         <listitem>
            <para>Palibe amene adzalandidwe mtundu wake kapena kuletsedwa kusintha mtundu wake mosatsatira malamulo.</para>
         </listitem>
      </orderedlist>
   </article>
   <article number="16">
      <title>Ndime 16</title>
      <orderedlist>
         <listitem>
            <para>Amuna ndi akazi okhwima m'maganizo ndi mu msinkhu, mosaganizira mtundu, maonkedwe a khungu kapena chipembedzo, ali ndi ufulu kukwatira kapena kukwatiwa ndi kuyamba banja. Iwowa ali ndi ufulu, ofanana pankhani za ukwati, pomwe ali mbanja kudzanso pothetsa banja.</para>
         </listitem>
         <listitem>
            <para>Ukwati udzamangidwa pokhapokha ngati anthu ofuna kumanga banjawo avomereza mosakakamizidwa.</para>
         </listitem>
         <listitem>
            <para>Banja ndi lofunika kwambiri pachikhalidwe cha anthu choncho n'kofunika kuti lipatsidwe chitetezo ndi dziko.</para>
         </listitem>
      </orderedlist>
   </article>
   <article number="17">
      <title>Ndime 17</title>
      <orderedlist>
         <listitem>
            <para>Aliyense ali ndi ufulu kukhala ndi katundu kapena chuma payekha kapena mogwirizana ndi ena.</para>
         </listitem>
         <listitem>
            <para>Palibe amene adzalandidwa katundu kapena chuma mosatsatira malamulo.</para>
         </listitem>
      </orderedlist>
   </article>
   <article number="18">
      <title>Ndime 18</title>
      <para>Aliyense ali ndi ufulu wamaganizo, chikumbumtima ndi chipembedzo; ufuluwu ukhudzanso ufulu wotha kusintha chipembedzo kapena chikhulupiliro, ndi mtendere, kaya payekha kapena mogwirizana ndi ena, pagulu kapena mwachinsinsi, kuonetsa chipembedzo kapena chikhulupiliro pophunzitsa, kuchita, kupembedza ndi kutsatira chipembedzocho.</para>
   </article>
   <article number="19">
      <title>Ndime 19</title>
      <para>Aliyense ali ndi ufulu kuganiza ndi kulankhula, zakukhosi, ufuluwu ukukhudzanso kukhala ndi maganizo popanda chopinga ndiponso kufufuza, kulandira ndi kufalitsa mauthenga ndi maganizo a mtundu uliwonse kudzera pa wailesi kapena njira ina iliyonse popanda malire.</para>
   </article>
   <article number="20">
      <title>Ndime 20</title>
      <orderedlist>
         <listitem>
            <para>Aliyense ali ndi ufulu kulowa bungwe lililonse ndi kusonkhana mwamtendere.</para>
         </listitem>
         <listitem>
            <para>Pasakhale munthu aliyense amene angakakamizidwe kulowa bungwe lililonse.</para>
         </listitem>
      </orderedlist>
   </article>
   <article number="21">
      <title>Ndime 21</title>
      <orderedlist>
         <listitem>
            <para>Aliyense ali ndi ufulu kutenga nawo mbali pa kayendetsedwe ka dziko lake, mwa iye mwini kapena kudzera mwa nthumwi yosankhidwa mosaumirizidwa.</para>
         </listitem>
         <listitem>
            <para>Aliyense ali ndi ufulu wofanana pofuna ntchito zoyendetsedwa ndi boma m'dziko lake.</para>
         </listitem>
         <listitem>
            <para>Chifuniro cha anthu ndicho chikhale magwero a mphamvu za boma; chifunirochi chidzaonetsedwa pochita chisankho choona kawirikawiri chomwe chidzakhale cha aliyense ndiponso chosakondera, ndipo chidzakhala cha chinsinsi kapena cha njira ina iliyonse yofanana ndi iyi.</para>
         </listitem>
      </orderedlist>
   </article>
   <article number="22">
      <title>Ndime 22</title>
      <para>Aliyense, monga m'modzi wa gulu la anthu, ali ndi ufulu kulandira chithandizo kuchokera ku boma ndipo adzakwaniritsa izi, kudzera m'mphamvu za dziko, ndi mgwirizano ndi maiko ena ndiponso motsatira kayendetsedwe ndi kapezedwe ka chuma ka dziko lililonse, chithandizo cha chuma, zofunikira pa moyo ndi chikhalidwe chake zomwe ndi mbali ya ulemu wake ndipo n'zofunika pa kakulidwe ka umunthu wake.</para>
   </article>
   <article number="23">
      <title>Ndime 23</title>
      <orderedlist>
         <listitem>
            <para>Aliyense ali ndi ufulu kugwira ntchito, kusankha ntchito yomwe akufuna, kukhala ndi zoyenereza pa ntchito, ndiponso kutetezedwa ku ulova.</para>
         </listitem>
         <listitem>
            <para>Aliyense, mopanda tsankho, ali ndi ufulu kulandira malipiro ofanana pa ntchito yofanana.</para>
         </listitem>
         <listitem>
            <para>Aliyense amene akugwira ntchito ali ndi ufulu kulandira malipiro oyenera otha kumupatsa iye ndi banja lake moyo wodzilemekeza ndiponso, ngati n'kofunika, apeze njira zina zodzitetezera pa umoyo wake.</para>
         </listitem>
         <listitem>
            <para>Aliyense ali ndi ufulu kukhazikitsa kapena kulowa mabungwe a anthu ogwira ntchito pofuna kuteteza zomupindulira zake.</para>
         </listitem>
      </orderedlist>
   </article>
   <article number="24">
      <title>Ndime 24</title>
      <para>Aliyense ali ndi ufulu kupuma ndi kupeza msangulutso kuonjezerapo kukhala ndi maola ogwilira ntchito oyenera ndiponso tchuthi cholipilidwa nthawi ndi nthawi.</para>
   </article>
   <article number="25">
      <title>Ndime 25</title>
      <orderedlist>
         <listitem>
            <para>Aliyense ali ndi ufulu kukhala ndi moyo wathanzi payekha kapena ndi banja lake, kuonjezerapo kukhala ndi chakudya, zovala, nyumba ndi chithandizo cha mankhwala ndi zina zofunikla pa umunthu wake, ndiponso ufulu wa chitetezo ngati iye sali pa ntchito, akudwala, walumala, wafedwa, wakalamba, kapena akusowa zofunika pa moyo wake pa zifukwa zimene iye sangathe kuchitapo kanthu.</para>
         </listitem>
         <listitem>
            <para>Umayi ndi umwana uyenera kuthandizidwa ndi kusamalidwa mwapadera. Ana onse obadwa m'banja lozindikirika mwalamulo kapena losazindikirika adzatetezedwa umoyo wao mofanana.</para>
         </listitem>
      </orderedlist>
   </article>
   <article number="26">
      <title>Ndime 26</title>
      <orderedlist>
         <listitem>
            <para>Aliyense ali ndi ufulu kuphunzira. Maphunziro akhale aulele makamaka ku pulaimale. Maphunziro a pulaimale akhale oumiliza. Maphunziro a zaluso ndi ena akhale opezeka ndipo maphunziro apamwamba a m'makoleji akhale opezeka kwa aliyense mofanana ndi nzeru zake.</para>
         </listitem>
         <listitem>
            <para>Maphunziro adzalinga kutukula umunthu, kulimbitsa ndi kulemekeza ufulu wa chibadwidwe wa munthu ndi ufulu wina ofunika. Adzapititsa mtsogolo kumvetsa, kulemekeza maganizo a anthu ena, ubale wa maiko, mtundu, kapena magulu a zipembedzo, ndipo adzapititsa mtsogolo ntchito za bungwe la mgwirizano wa maiko (United Nations) posungitsa bata.</para>
         </listitem>
         <listitem>
            <para>Makolo ali ndi ufulu woyamba kusankha mtundu wa maphunziro amene akufunira ana awo.</para>
         </listitem>
      </orderedlist>
   </article>
   <article number="27">
      <title>Ndime 27</title>
      <orderedlist>
         <listitem>
            <para>Aliyense ali ndi ufulu kutenga nawo mbali pa zachikhalidwe cha anthu, kusangalala ndi zaluso ndiponso kugawana za sayansi ndi phindu lake.</para>
         </listitem>
         <listitem>
            <para>Aliyense ali ndi ufulu kutetezeredwa zomupindulira zonse zomwe zili zotsatira za ntchito ya sayansi, zolembalemba, kapena zaluso zina zomwe iye ndi mlembi wake.</para>
         </listitem>
      </orderedlist>
   </article>
   <article number="28">
      <title>Ndime 28</title>
      <para>Aliyense ali oyenera kukhala bata ndi mtendere pa zomuthandiza pa moyo wake m'dziko lake ndi m'maiko mwina momwe ufulu wa chibadwidwe ndi ufulu wina walembedwa m'chikalata chino ungakwaniritsidwe kwathunthu.</para>
   </article>
   <article number="29">
      <title>Ndime 29</title>
      <orderedlist>
         <listitem>
            <para>Aliyense payekha ali ndi udindo kwa anthu ena amene akukhala nawo popeza ndi mwaiwo m'mene angathe kukwaniritsa umunthu wake kwathunthu momasuka.</para>
         </listitem>
         <listitem>
            <para>Pokwaniritsa ufulu wake wachibadwidwe ndi ufulu wina, aliyense adzakhala ndi malire pokhapokha malamulo atero ndi cholinga chokwaniritsa kuzindikira ndi kulemekeza ufulu wachibadwidwe ndi ufulu wina wa ena ndiponso kukwaniritsa chilungamo, bata ndi kukhala bwino kwa anthu m'dziko lokomera anthu onse.</para>
         </listitem>
         <listitem>
            <para>Ufulu wa chibadwidwewu ndi ufulu wina usagwiritsidwe ntchito mosagwirizana ndi zolinga ndi mfundo za bungwe la mgwirizano wa maiko (United Nations).</para>
         </listitem>
      </orderedlist>
   </article>
   <article number="30">
      <title>Ndime 30</title>
      <para>Palibe chilichonse m'chikalata chino chomwe chingatanthauziridwe kuti dziko lililonse, gulu kapena munthu aliyense ali ndi ufulu kuchita chinthu ndi cholinga choononga ufulu wachibadwidwe ndi ufulu wina omwe wakhazikitsidwa m'chikalatachi.</para>
   </article>
</udhr>
