<?xml version="1.0" encoding="UTF-8"?>

<!--© The Office of the High Commisioner for Human Rights-->

<udhr iso639-3="duu" xml:lang="duu" key="020" n="Drung" dir='ltr' iso15924='Latn' xmlns="http://www.unicode.org/udhr">
   <title>Sixjiex Renvjuanv Xuanxyanv</title>
   <preamble>
      <title>Uxzzuf gax</title>
      <para>Avzangf Cymfddov juanvtif cenvyuanv syvnax alf zunxyanv ningx pingvdengf ningx myv gaifbianx juanvlix lev cenvrenx sax, sixjiex zyxyyv, zengxyix ningx hovpingv jixcuf,</para>
      <para>Renvjuanv lev myv ccangf ningx wufmiex yefmanv boxxingv ef lungx, ccax lev boxxingv avzangf lyangvxinx lev dianxwux lungx, avzangf syvnax yanvlunx ningx xinxyangf zyxyyv alf kongfjux ningx kuixfav myvalf sixjiex avblax sax, puftongx avzangf taiftaix mrangf yuanxwangx lanx lungx,</para>
      <para>Avzangf pox bux dev yif tingf arx zyf xianf boxzengx ningx yaxpox lev myv fanfpanx, renvjuanv fafzyx lev bofhux bixyox alf,</para>
      <para>Gox guiv gamf gwanxxiv cuxjin bixyox alf,</para>
      <para>Lyanvhov Guiv guivjiax renvminv Lyanvhov Guiv Xyanxzangx avnyx jixbenf renvjuanv, renvgev zunxyanv ningx jiaxziv ningx langxlaf pyvmax pingvdengf juanvlix lev xinxnianx congvsenx lungx, taif zyxyyv avnyx sexhuix jinxbux ningx sengxhov suifpingv sotxsotx gamf cuxcengv mitx lungx,</para>
      <para>Gox Huixyuanv guiv ningx Lyanvhov Guiv av syvnangx, renvjuanv ningx jixbenf zyxyyv pufbyanx zunxzongx ningx zunxxingv cuxjinx sixyuanx lungx,</para>
      <para>CCax lev juanvlix ningx zyxyyv lev pufbyanx sox sax ccax sixyuanx congxfenx sivxianx sax lev gyvmaif taix zongxyoxxinx alf,</para>
      <para>Tanx,</para>
      <para>Daxhuix,</para>
      <para>ccax Sixjiex Renvjuanv Xuanxyanv faxbux, renvminv ningx guivjiax nuflix sivxianx gongxtongv byoxzunf zzux, avzangf ningx sexhuix jixgyx avdangxmyvdangx ccax xuanxyanv lev mitx jyoxhuix ningx jyoxyux mix juanvlix ningx zyxyyv zunxzongx cuxjinx, guivjiax ningx guivjix jianxjinx coxsix mix, ccax lev juanvlix ningx zyxyyv huifyuanv guiv renvminv ningx jjiapx avmrax renvminv avnyx pufbyanx ningx xioxgof alf cengvrenx ningx zunxxingv lev byv tonx.</para>
   </preamble>
   <article number="1">
      <title>Dix yiv</title>
      <para>Avzangf max pyvccuf byv syvnax zyxyyv ef, lifxingx ningx lyangvxinx alf, taixrav angvnikxrav gwanxxix mix syv av duixdaix.</para>
   </article>
   <article number="2">
      <title>Dix arx</title>
      <para>Avzangf max syvnax ccax xuanxyanv avnyx brif juanvlix ningx zyxyyv lev alf jixgev alf, zongfzuv, fuxsex, xingxbyev, gax, zongxjyox ningx jivtax jianxjief, guivjiv ningx sexhuix cuxsenx, caivcanf, pyvccuf sax ningx jivtax senxfenx dengf lev myv krix.</para>
  </article>
   <article number="3">
      <title>Dix sanx</title>
      <para>Avzangf max syvnax sengxminx, zyxyyv ningx renvsenx anxjuanv alf juanvlix alf.</para>
   </article>
   <article number="4">
      <title>Dix six</title>
      <para>Avzangf nuvlix ningx nuvyix manx syv zzux nyv. Tangf xingvsix nuvlix zixdux ningx nuvlix moxyix syvnax manx zzux nyv.</para>
   </article>
   <article number="5">
      <title>Dix wuf</title>
      <para>Avzangf kuxxingv manx topx nyv, canvrenf, myv renvdox ningx wufrufxingx daixyux ningx xingvfav lev manx topx nyv.</para>
   </article>
   <article number="6">
      <title>Dix luv</title>
      <para>Avzangf max avraxdov syvnax faflix uxzzuf renvgev cenvrenx juanvlix alf.</para>
   </article>
   <article number="7">
      <title>Dix jix</title>
      <para>Faflix uxzzuf avzangf max syvnax pingvdengf, pingvdengf falix lev bofhux juanvlix alf.</para>
   </article>
   <article number="8">
      <title>Dix bax</title>
      <para>Avzangf xianxfaf ningx faflix lev bix jixbenf juanvlix jinxhaix topx jjinf, hevgev guivjiax faftingv lev ccax qinxhaiv xingvweiv xioxgof alf bufjyx zzux juanvlix alf.</para>
   </article>
   <article number="9">
      <title>Dix jyf</title>
      <para>Avzangf lev manx renfyif daixbuf, avbalx ningx dalx nyv.</para>
   </article>
   <article number="10">
      <title>Dix siv</title>
      <para>Avzangf juanvlix ningx yixwux panxdingx lev topx jjinf, xingvsix kongxgaox lev topx jjinf, duvlix ningx sixxinx myv alf faftingv lev gongxzengx gongxkaix senfpanx juanvlix alf.</para>
   </article>
   <article number="11">
      <title>Dix siv yiv</title>
      <orderedlist>
         <listitem tag="(Dix yiv)">
            <para>Xingvsix kongxgaox topx avzangf, faflix mix gongxkaix senfpanx zuix alf sax myv zenxsiv, zuix myv alf sax mitx nyv. Senfpanx davbyanx bofzangx lev lax bix.</para>
         </listitem>
         <listitem tag="(Dix arx)">
            <para>Avzangf xingvsix xingvweiv ningx myv xingvweiv, klotxxyv avlangf, guivjiax ningx guivjix faf mix syvnax zuivxingv myv ef, manx zuiv ef nyv. Xingvfav zuiv fanv avlangf faflix guixdingx lev avlif manx ef nyv.</para>
         </listitem>
      </orderedlist>
   </article>
   <article number="12">
      <title>Dix siv arx</title>
      <para>Avzangf yinfsix, cymfdov, cymf ningx tongxxinx lev renxyix manx ganxsex nyv. Avzangf faflix bofhux mix ccax ganxsex ningx gongxjix lev bixmianf juanvlix alf.</para>
   </article>
   <article number="13">
      <title>Dix siv sanx</title>
      <orderedlist>
         <listitem tag="(Dix yiv)">
            <para>Avzangf guivjiax avnyx zyxyyv celx ningx rongf juanvlix alf.</para>
         </listitem>
         <listitem tag="(Dix arx)">
            <para>Avzangf guiv klotxxyv juanvlix alf, avdyf guivjiax alf, guiv avblaf juanvlix alf.</para>
         </listitem>
      </orderedlist>
   </article>
   <article number="14">
      <title>Dix siv six</title>
      <orderedlist>
         <listitem tag="(Dix yiv)">
            <para>Avzangf poxhaix bixmyanf taixongf guivjiax avnyx bixhux lev gyx ningx topx juanvlix alf.</para>
         </listitem>
         <listitem tag="(Dix arx)">
            <para>Gaixsangx myv zengxzixxingx zuixxingv ningx Lyanvhov Guiv zongxzif ningx yuanvzev lev weivbeix xingvweiv cax jifsux jjinf, ccax juanvlix manx hhatx nyv.</para>
         </listitem>
      </orderedlist>
   </article>
   <article number="15">
      <title>Dix siv wuf</title>
      <orderedlist>
         <listitem tag="(Dix yiv)">
            <para>Avzangf guivjiv alf juanvlix alf.</para>
         </listitem>
         <listitem tag="(Dix arx)">
            <para>Avzangf guivjiv renxyix manx tulx nyv, guivjiv lev gaifbyanx juanvlix manx fyfrenx nyv.</para>
         </listitem>
      </orderedlist>
   </article>
   <article number="16">
      <title>Dix siv luv</title>
      <orderedlist>
         <listitem tag="(Dix yiv)">
            <para>Langxlaf ningx pyvmax, zongfzuv, guivjiv ningx zongxjyox lev myv xyanxzix, hunxjiax ningx cymfdov lev cengvlix juanvlix alf. Angning hunxyinx dov, hunx jiex avlangf ningx avnongx avlangf, pingvdengf juanvlix alf.</para>
         </listitem>
         <listitem tag="(Dix arx)">
            <para>Avzangf avnix ccox avddyf syvnaxnax tongvyix lungx, hunx jiex nif.</para>
         </listitem>
         <listitem tag="(Dix sanx)">
            <para>Cymfdov tyanxranv ningx jixbenf sexhuix danxyuanv ef, sexhuix ningx guivjiax lev bofhux sax ef.</para>
         </listitem>
      </orderedlist>
   </article>
   <article number="17">
      <title>Dix siv jix</title>
      <orderedlist>
         <listitem tag="(Dix yiv)">
            <para>Avzangf avdyf caivcanf alf ningx avzangf av alf juanvlix alf.</para>
         </listitem>
         <listitem tag="(Dix arx)">
            <para>Avzangf caivcanf renxyix manx tulx nyv.</para>
         </listitem>
      </orderedlist>
   </article>
   <article number="18">
      <title>Dix siv bax</title>
      <para>Avzangf sixxiangf, lyangvxinx ningx zongxjyox zyxyyv juanvlix alf; ccax juanvlix zongxjyox ningx xinxyangf lev gaifbyanx zyxyyv, danxduv ningx jivtif, gongxkaix ningx mixmix jyoxyix, sivjyanx, lifbaix ningx jiexlix mix zongxjyox ningx xinxyangf lev byofsix zyxyyv alf.</para>
   </article>
   <article number="19">
      <title>Dix siv jyf</title>
      <para>Avzangf yixjyanx lev zuxzangx ningx faxbyof zyxyyv; ccax juanvlix zuxzangx alf ganxsex lev myv topx zyxyyv, meivjiev mix guivjiex myv krix xiaoxxiv ningx sixxiangf lev gyx topx ningx bix zyxyyv alf.</para>
   </article>
   <article number="20">
      <title>Dix arx siv</title>
      <orderedlist>
          <listitem tag="(Dix yiv)">
            <para>Avzangf hovpingv jivhuix ningx jievsex zyxyyv alf juanvlix alf.</para>
         </listitem>
         <listitem tag="(Dix arx)">
            <para>Avzangf twanvtif manx syv zzangxxyv nyv.</para>
         </listitem>
     </orderedlist>
   </article>
   <article number="21">
      <title>Dix arx siv yiv</title>
      <orderedlist>
         <listitem tag="(Dix yiv)">
            <para>Avzangf avdyf ningx zyxyyv avsalf daixbyof mix guivjiax lev zixlif sax canxjiax juanvlix alf.</para>
         </listitem>
         <listitem tag="(Dix arx)">
            <para>Avzangf max pingvdengf jixhuix mix guivjiax gongxwux canxyif juanvlix alf.</para>
         </listitem>
         <listitem tag="(Dix sanx)">
            <para>Avzangf max yixzix zengxfuf juanvliv jixcuf ef; ccax yixzix dingxqix ningx gaixsangx avsalf sax mix byofxianx sax ef, avsalf sax pufbyanx ningx pingvdengf ef, angvbryngf myv brif tyvpyox ningx xiangxdangx zyxyyv tyvpyox cenvxix mix zzux sax ef.</para>
         </listitem>
      </orderedlist>
   </article>
   <article number="22">
      <title>Dix arx siv arx</title>
      <para>Avzangf sexhuix cenvyuanv ef, sexhuix bofzangx lev topx juanvlix alf, zunxyanv ningx renvgev zyxyyv faxzanf sax gyx jinxjix, sexhuix ningx wenvhuax juanvlix sivxianx sax topx juanvlix alf; ccax juanvlix sivxianx sax, guivjiax covsix ningx guivjix hovzox ningx gox guiv zuxzix ningx zixyuanv jingvkuangx mix zzux sax ef.</para>
   </article>
   <article number="23">
      <title>Dix arx siv sanx</title>
      <orderedlist>
         <listitem tag="(Dix yiv)">
            <para>Avzangf gongxzov, zyvyev lev zyxyyv avsalf, gongxzengx ningx hovsix gongxzov tyovjyanv ningx sixyex bofzangx topx juanvlix alf.</para>
         </listitem>
         <listitem tag="(Dix arx)">
            <para>Avzangf max syvnax tongv gongx tongv cyv juanvlix alf, manx jivsix nyv.</para>
         </listitem>
         <listitem tag="(Dix sanx)">
            <para>Gongxzov avzangf gongxzengx ningx hovsix boxcyv lev topx, avdyf ningx cymfdov avzangf max avzang zunxyanv fuvhov sengxhov tyovjyanx syv alf juanvlix alf, bixyox avlangf taixongf sexhuix bofzangx lev bix sax ef.</para>
         </listitem>
         <listitem tag="(Dix six)">
            <para>Avzangf gongxhuix lev zufzix ningx canxjiax lixyix lev weivhux juanvlix alf.</para>
         </listitem>
      </orderedlist>
   </article>
   <article number="24">
      <title>Dix arx siv six</title>
      <para>Avzangf ryvnaf ningx laixkax myv alf juanvlix alf, gongxzov avlangf hovlif xyanxzix alf juanvlix ningx guixdingx avlangf pox topx ryvnaf juanvlix alf.</para>
   </article>
   <article number="25">
      <title>Dix arx siv wuf</title>
      <orderedlist>
         <listitem tag="(Dix yiv)">
            <para>Avzangf avdyf ningx cymfdov avzangf max jyanxkangx ningx fuvlix lev weivjiv sengxhov suifzunx topx juanvlix alf, angvzzax, temxbox, cymf, manxwaf sax ningx bixyox sexhuix fuvwux alf; gongxzox myv alf, zzaf, canvfe, langxlaf xif, pyvringx sax ningx taixongf kongxzyx myv gnif laixkax dov myvsengx nengvlix myv alf avlangf, bofzangx lev topx juanvlix alf.</para>
         </listitem>
         <listitem tag="(Dix arx)">
            <para>Avmaif ningx jamxrav texsux zoxgux ningx syvnangx sax topx juanvlix alf. Jamxrav max, hunxyinx avnyx ningx taixongf pyvccuf sax, syvnax tongvyangx sexhuix bofhux lev topx sax ef.</para>
         </listitem>
      </orderedlist>
   </article>
   <article number="26">
      <title>Dix arx siv luv</title>
      <orderedlist>
         <listitem tag="(Dix yiv)">
            <para>Avzangf max syvnax jyoxyux topx juanvlix alf. Jyoxyux ngul manx gyx nyv, taiftaix jingf cuxjiv ningx jixbenf jiexduanx exwax sax ef. Cuxjiv jyoxyux yixwux xingx sax ef. Jixsux ningx zyvyex jyoxyux pufbyanx sexlix sax ef. Mrangf jyoxyux cengvjix cax avzangf max lev tanf sax ef.</para>
         </listitem>
         <listitem tag="(Dix arx)">
            <para>Jyoxyux muxdix congxfenx avzangf goxxingx lev faxzanf, avzangf juanvlix ningx jixbnef zyxyyv zunxzongx syv mrangf. Jyoxyux guivjiax ningx guivjiax, zongfzuv ningx zongfzuv, zongxjyox jivtuanv ningx zongxjyox jivtuanv av sox sax, av rongvrenf sax ningx gamf gwanxxix lev cuxjinx sax ef, Lyanvhov Guiv hovpingv lev weivhux hovdongx max lev cufjinf sax ef.</para>
         </listitem>
         <listitem tag="(Dix sanx)">
            <para>Avpaif avmaif angvjalf byvmaxjalf jyoxyux lev, uxzzuf avsalf juanvlix alf.</para>
         </listitem>
      </orderedlist>
   </article>
   <article number="27">
      <title>Dix arx siv jix</title>
      <orderedlist>
         <listitem tag="(Dix yiv)">
            <para>Avzangf max syvnax sexhuix wenvhuax sengxhov canxjiax, yixsux lev topx, koxxuev jinxbux ningx angf lev klotxxyv fuvlix lev topx juanvlix alf.</para>
         </listitem>
         <listitem tag="(Dix arx)">
            <para>Avzangf angf lev zzux koxxuev, wenvxuev ningx meifsux zoxpinf jingxsenv ningx wuxzix lixyix lev, bofhux sax topx juanvlix alf.</para>
         </listitem>
      </orderedlist>
   </article>
   <article number="28">
      <title>Dix arx siv bax</title>
      <para>Avzangf sexhuix ningx guivjix zyxxux lev gyx juanvlix alf. CCax zyxxux dov, ccax xuanxyanv lev brif juanvlix ningx zyxyyv syvna congxfenx sivxianx sax topx gnif.</para>
   </article>
   <article number="29">
      <title>Dix arx siv jyf</title>
      <orderedlist>
         <listitem tag="(Dix yiv)">
            <para>Avzangf sexhuix lev zevrenx alf, sexhuix dov goxxingx zyxyyv ningx congxfenx faxzanf lev topx gnif.</para>
         </listitem>
         <listitem tag="(Dix arx)">
            <para>Avzangf juanvlix ningx zyxyyv lev xingvsif avlangf, faflix lev jef xianxzyx. CCax xianxzyx lev juexdingx muxdix avzangf juanvlix ningx zyxyyv lev alf sax ef cenvrenx ningx zunxzongx bix sax bofzengx, minvzux sexhuix dov daoxdev, gongxgongx zyxxux ningx pufbyanx fuvlix zengxdangx gyx sax sixyingx sax jef ef.</para>
         </listitem>
         <listitem tag="(Dix sanx)">
            <para>CCax lev juanvlix ningx zyxyyv lev xingvsif, tangf jingvxingv dov syvnax Lyanvhov Guiv zongxzif ningx yuanvzev manx weivbeix nyv.</para>
         </listitem>
      </orderedlist>
   </article>
   <article number="30">
      <title>Dix sanx siv</title>
      <para>CCax xuanxyanv lev brif sax guivjiax max, twanvtif max ningx avzangf max hovdongx ningx xingvweiv mix ccax xuanxyanv avnyx brif juanvlix ningx zyxyyv lev syv myvgamf juanvlix alf sax manx gyx nyv.</para>
   </article>
</udhr>
