<?xml version="1.0" encoding="UTF-8"?>

<!--© The Office of the High Commisioner for Human Rights-->

<udhr iso639-3="chv" xml:lang="cv" key="chv" n="Chuvash"  dir="ltr" iso15924="Cyrl" xmlns="http://www.unicode.org/udhr">
   <title>Халӑх прависен пӗтӗмӗшле декларацийӗ</title>
   <preamble>
      <title>Кӳртӗм</title>
      <para>Этем прависен Пӗтӗмӗшле Декларацийӗ, Граждансен тата политика прависен Халӑхсен хушшинчи Килӗшӗвӗ тата Экономика, социаллӑ пурнӑҫпа культура прависен Халӑхсем хушшинчи Килӗшӗвӗ / пурӗ пӗрле Этем прависен Пӗтӗм тӗнчери Харитийӗ ятпа пӗрлешӗнсе тӑракансем/пӗтӗмӗшлине тата вӗсене пур ҫӗрте хисеплемелле, пурнӑҫламалла пулнине шута илсе,</para>
      <para>халӑхсен уйрӑм пурӑнма ирӗк пуррине шута илсен те, пур патшалӑх та этем прависене пӑхӑнманнине курса тата Этем прависен Пӗтӗм тӗнчери Хартийӗ хальӗхе пурте усӑ курмалла пулса тӑманнине шута илсе,</para>
      <para>уйрӑм ҫынсен тата халӑхсен культура, нацилӗх, чӗлхе тата этника тӗлӗшӗпе пӗр пек пулма ирӗк пуррине йышӑнсан кӑна этем прависене пурнӑҫа кӗртме май пуррине шута илсе, пӗр вӑхӑтрах тӗрлӗ халӑхсем пурӑнни кӑна пур культурӑна, чӗлхене, ӑс-хакӑл йӑли-йӗркине сыхласа хӑвармалли тата аталантармалли чӑннипех кирлӗ лару-тӑру пулнине шута илсе,</para>
      <para>халӑхсем, культурӑсем, чӗлхесем тата ӑс-хакӑл йӑли-йӗрки тӗрлӗрен пулни этем пурнӑтӗн чӑн-чӑн пуянлӑхӗ тата ҫут танталӑк тӗсӗсен нумай енлӗхӗ Ҫӗр ҫинчи пурнӑҫа тӑсма май пани пекех этемлӗх малашне пурӑнассин тата аталанассин ӑнӑҫлӑхӗ унран килнине шута илсе,</para>
      <para>ялан тенӗ пекех, халӑхсен ӗмӗрӗ этемлӗх историйӗнче патшалӑхсеннинчен вӑрӑмрах пулнине шута илсе,</para>
      <para>этемӗн тата халӑхсен пӗтӗмӗшле прависен пӗтӗм тӗнчери праван уйрӑлми пайӗ пулнине ПНОна кӗмен халӑхсен организацийӗн Генеральнӑй Ассамблейи ҫирӗплетет тата ҫакна чыслӑн пӗлтерет / Халӑхсен прависен Пӗтӗмӗшле Декларацине/:</para>
   </preamble>
   <article number="1">
      <title>1 статья</title>
      <para>Пур халӑх та уйрӑм пурӑнма пӗр тан праваллӑ. Ҫак правапа усӑ курса вӗсем хӑйсен политика статусне ирӗклӗн туса хураҫҫӗ, экономика, общество тата культура енӗпе ирӗклӗн аталанаҫҫӗ. Патшалӑхсен ҫак правӑна хисеплемелле, территори пӗр пӗтӗмлӗхӗн принципӗ унпа усӑ курма пӗр енлӗн чарса тӑракан чӑрмав пулмалла мар.</para>
   </article>
   <article number="2">
      <title>2 статья</title>
      <para>Пур халӑх та тивӗҫлӗ тата хисепре пурӑнма пӗр тан праваллӑ.</para>
      <para>Пур патшалӑхӑн та унта пурӑнакан халӑхсене пӗр тан тата тӗрӗс пӑхмалла.</para>
  </article>
   <article number="3">
      <title>3 статья</title>
      <para>Пур халӑхӑн та хӑй ӗмӗртенпе пурӑннӑ территорире пурӑнма ирӗк пур, унта вӗсем хӑйсем тӗллӗн пурӑнмалли правӑпа усӑ курма пултараҫҫӗ. Халӑх хӑй е кунти территори интересӗсем вӗсене те пырса тивекен халӑхсем килӗшмесен, ӑна никам та хӑйӗн территорийӗнчен хӑваласа кӑларса яоаймасть, ҫак территорие пӗтӗмӗшле е пайӑн-пайӑн тытса илеймест, мӗнле те пулин майпа улӑштараймасть.</para>
   </article>
   <article number="4">
      <title>4 статья</title>
      <para>Пур халӑхӑн та хӑй ӗмӗртенпе пурӑннӑ территорие таврӑнма ирӗк пур / енчен те вӗсене унтан хӑваласа янӑ е вӗсен территорине 3 статьяна пӑсса вӑйна тытса илнӗ пулсан/.</para>
   </article>
   <article number="5">
      <title>5 статья</title>
      <para>Пур халӑхӑн та хӑйӗн ҫут ҫанталӑк пуянлӑхӗпе тата ресурсӗсемпе никама та пӑхӑнмасӑр усӑ курма ирӗк пур. Ҫавӑн пекех пур халӑхӑн та ӑс-тӑн хапӑрлӑхӗпе усӑ курма ирӗк пур. Вӗсен ытти пур халӑхӑн ҫут ҫанталӑк пуянлӑхӗпе тата ресурсӗсемпе усӑ курмалли тавӑн пек правине хисеплеме тивӗҫлӗ.</para>
   </article>
   <article number="6">
      <title>6 статья</title>
      <para>Пур халӑхӑн та хӑйне йӗркеленме тата саккунлӑ представителӗсен органӗсене туса хума ирӗк пур. Унта вӗсем, кӑмӑл пулсан, хӑйсен диаспорине те кӗртме пултараҫҫӗ.</para>
   </article>
   <article number="7">
      <title>7 статья</title>
      <para>Уйрӑм пурӑнмалли правӑпа усӑ курнӑ май, халӑхсем, кӑмӑл тусан, хӑйсене хӑйсем тытса тӑма тата хӑйсен территорийӗнче тивӗҫлӗ хӑй тытӑмлӑх органӗсем туса хума пултараҫҫӗ.</para>
   </article>
   <article number="8">
      <title>8 статья</title>
      <para>Уйрӑм пурӑнмалли правӑпа никама пӑхӑнман патшалӑх туса хумасӑр май килмен чухне вӑл хӑйӗн шутне никама та пӑхӑнман патшалӑх туса хумалли ирӗке те кӗртет.</para>
   </article>
   <article number="9">
      <title>9 статья</title>
      <para>Пур халӑхӑн та хӑйне сыхласа хӑварма тата ҫут тӗнчере пурӑнма ирӗк пур. Сахал йышлӑ халӑхсем сиенлӗ демограуи политикин ирӗклӗ объекчӗ пулма пултараймаҫҫӗ, вӗсене вӑйпа куҫарса кайма тата ача ҫуратассине хытӑ тӗрӗслесе тӑма юрамасть.</para>
   </article>
   <article number="10">
      <title>10 статья</title>
      <para>Пур халӑхӑн та мирлӗ пурӑнма ирӗк пур. Патшалӑхӑн хӑйӗн уйрӑм пурӑнмалли ирӗкпе лӑпкӑн усӑ куракан халӑхсене тапӑнмалла мар. Халӑхсем, енчен те вӗсене хирӗҫ вӑйпа усӑ курсан, хӑйсене хӳтӗлеме ирӗклӗ.</para>
   </article>
   <article number="11">
      <title>11 статья</title>
      <orderedlist>
         <listitem>
            <para>Пур халӑхӑн та хӑрушлӑхсӑр пурӑнма тата тӗнчери ытти халӑхсен хӳттипе усӑ курма ирӗк пур.</para>
         </listitem>
         <listitem>
            <para>Вӗсене геноцидран, вӗсене хирӗҫ саккуна пӑсса вӑйпа усӑ курассинчен, вӑл шутра терроризмран та, сыхламалла.</para>
         </listitem>
      </orderedlist>
   </article>
   <article number="12">
      <title>12 статья</title>
      <para>Пур халӑхӑн та экологи енӗпе хӑрушлӑхсӑр пурӑнма тата пурӑнакан тавралӑха упраса хӑварма ирӗк пур.</para>
   </article>
   <article number="13">
      <title>13 статья</title>
      <orderedlist>
         <listitem>
            <para>Пур халӑхӑн та хӑйӗн территорийӗнче тынсене массӑллӑн пӗтермелли хӗт-пӑшала/ку шута ядерла хӗҫ-пӑшал, хими, бактериологи хӗҫ-пӑшалӗ кӗрет/ тума, тӗрӗслесе пӑхма, упрама, турттарма тата унпа усӑ курма чарма, хӑйӗн территорине хӗҫ-пӑшалсӑрлатассишӗн кӗрешме ирӗк пур.</para>
         </listitem>
      </orderedlist>
   </article>
   <article number="14">
      <title>14 статья</title>
      <orderedlist>
         <listitem>
            <para>Пур халӑхӑн та аталанма, ҫавӑн пекех йӑлана кӗнӗ пурнӑҫ йӗркине упраса хӑварма тата аталантарса пыма ирӗк пур</para>
         </listitem>
      </orderedlist>
   </article>
   <article number="15">
      <title>15 статья</title>
      <orderedlist>
         <listitem>
            <para>Пур халӑхӑн та хӑйне евӗрлӗ пулма, хӑйӗн культурине, историне, чӗлхине, тӗнӗпе йӑли-йӗркине пӗлме, вӗренме, упраса хӑварма тата аталантарса пыма ирӗк пур.</para>
         </listitem>
      </orderedlist>
   </article>
   <article number="16">
      <title>16 статья</title>
      <orderedlist>
         <listitem>
            <para>Пур халӑхӑн та патшалӑх политики ҫинчен пӗлсе тӑма ирӗк пур тата вӗсене хӑйсен пурнӑтӗпе прависене витӗм кӳрекен ҫивӗч ыйтусене тӗнче шайӗнче сӳтсе явма хутшӑнтармалла.</para>
         </listitem>
      </orderedlist>
   </article>
   <article number="17">
      <title>17статья</title>
      <orderedlist>
         <listitem>
            <para>Пур халӑхӑн та патшалӑхран, тӗнчери организацисенчен ҫак Декларацире кӑтартнӑ хӑйӗн пӗтӗм, ҫавӑн пекех кашнин правине пӑхӑнма тата хӳтӗлеме ыйтма ирӗк пур.</para>
         </listitem>
      </orderedlist>
   </article>
   <article number="18">
      <title>18 статья</title>
      <para>Кашни халӑхӑн ытти пур халӑхӑн пӗр тан прависене хисеплемелле, тавӑн пирки ҫак Декларацин пӗтӗм йӗркине пур халӑха та хисеплесе пӑхӑнса пурӑнмалла.</para>
   </article>
   <article number="19">
      <title>19 статья</title>
      <para>Ҫак Деклараци пур йӗркине те пӗтӗм тӗнчери этем прависем ҫинчен калакан саккунсемпе, уйрӑмлӑхсен шутне халӑхсен уйрӑм пурӑнма ирӗк пурине кӗртсе, ӑнлантарса памалла. ПНОна кӗмен халӑхсемпе нацисен организацийӗн 6-мӗш Генеральнӑй Ассамблейи йышӑннӑ.</para>
   </article>
</udhr>
