<?xml version="1.0" encoding="UTF-8"?>

<!-- © The Office of the High Commissioner for Human Rights -->

<udhr iso639-3='ike' xml:lang='iu' key='ike' n='Inuktitut, Eastern Canadian' dir='ltr' iso15924='Cans' xmlns="http://www.unicode.org/udhr">

  <title>ᓯᓚᕐᔪᐊᕐᒥᐅᑦ ᓇᓗᓇᐃᖅᓯᐅᑎᖓ ᑭᓇᒃᑯᑐᐃᓐᓇᐃᑦ ᐱᔪᓐᓇᐅᑎᖏᑦ</title>

  <note>
    <para>ᑎᓯᐱᕆ 10, 1948 ᑲᑎᕐᔪᐊᕐᓂᕐᒥ ᑲᑐᔾᔨᔨᐅᔪᑦ ᓯᓚᕐᔪᐊᕐᒥᐅᓄᑦ ᐊᑐᓂᖅᑎᑦᑎᓯᒪᓂᐊᑦ ᐊᒻᒪᓗ ᐱᑖᕈᑎᖃᕐᓯᒪᓂᐅᓂᑯ ᓯᓚᕐᔪᐊᕐᒥᐅᑦ ᓇᓗᓇᐃᖅᓯᐅᑎᖓᓂᒃ ᑭᓇᒃᑯᑐᐃᓐᓇᕐᓄᑦ ᐱᔪᓐᓇᐅᑎᖏᓐᓂᒃ ᑕᒪᒃᑭᑦᑎᐊᑦᑐᒥᒃ ᑎᑎᕋᕐᓯᒪᐅᑎᖃᕐᑎᓪᓗᒍ ᓴᖅᑭᑕᐅᓯᒪᓂᑯᑦ ᑭᖕᒍᓪᓕᕇᒃᖢᑎᒃ ᒪᒃᐱᖅᑐᕋᓕᐅᕐᓯᒪᕗᑦ.</para>
    <para>ᑭᖕᒋᓪᓕᕇᖕᒋᓐᓂ ᑕᒪᑐᒧᖕᒐ ᐅᓂᒃᑲᐅᓯᖕᒐᑕ ᐱᖁᔭᓕᐊᖕᒍᒪᓂᑯ ᑲᑎᒪᑦᔪᐊᖅᑐᓂ ᖃᐃᖅᑯᔭᐅᓯᒪᓂᑰᑎᓪᓗᒋᑦ ᐃᓚᒋᔭᐅᔪᑦ ᓄᓇᖃᑎᒌᙱᑦᑐᕐᔪᐊᓂᑦ ᐅᖃᓕᒫᒐᓕᐅᓚᐅᕐᓯᒪᖕᒪᑕ ᑎᑎᕋᕐᓯᒪᔪᖕᒋᓐᓂᒃ ᓇᓗᓇᐃᖅᓯᐅᑎᖕᒐ ᐊᒻᒪᓗ "ᐱᔾᔪᑎᖕᒐᓄᑦ ᓴᐃᒪᖅᑕᐅᓂᖃᖅᑎᑕᐅᖃᓪᓗᒍ, ᑕᑯᖁᔾᔨᔾᔪᑕᐅᖁᓪᓗᒍᓗ, ᐅᖃᓕᒫᑦᓂᒃᑯᑦ ᐊᒻᒪᓗ ᓇᓂᑐᐃᓐᓇᓕᖁᓪᓗᒍ ᑐᕌᖕᒐᓂᖃᑦᓗᑎᒃ ᐃᓪᓐᓂᐊᕐᕙᒃᑎᒍᑦ ᐊᒻᒪᓗ ᐊᓯᖕᒋᑎᒎᖕᒐᔪᒃᑯᑦ ᐃᓕᓐᓂᐊᖅᑐᓕᕆᓂᕐᒧᑦ ᐃᑲᔪᖅᑐᐃᕕᐅᔪᓂ, ᓴᖅᑭᑎᕆᐅᑎᑐᐃᓐᓇᐅᓇᓂ ᒐᕙᒪᓕᕆᐅᑎᒃ ᑎᑎᕋᖁᑎᒋᕙᑕᖕᒋᓐᓇ ᓄᓇᖅᑲᑎᒌᑦᑐᕐᔪᐊᑦ ᐅᕝᕙᓘᓐᓃᑦ ᓄᓇᑦᑎᐊᕐᒥᐅᓂ."</para>
  </note>

  <preamble>
    <title>ᓯᕗᓪᓕᖅ ᓇᓗᓇᐃᔭᐃᓯᒪᔪᖅ</title>
    <para>ᐃᒪᐃᒻᒪᑦ ᐃᓕᑕᖅᓯᒪᐅᑎᖃᑦᒪᑦ ᓯᕗᓕᕐᓂᓴᑐᖃᕐᓂᒃ ᓂᕐᓱᐃᓂᑦᒥᒃ ᐊᒻᒪᓗ ᐊᔾᔨᒌᒃᑎᑦᑎᓂᕐᒥᒃ ᐊᒻᒪᓗ ᐊᔪᙱᔾᔪᑕᐅᔪᓐᓇᖅᑐᓄᑦ ᐱᔪᓐᓇᐅᑎᓂᒃ ᑕᒪᐃᓐᓄᓕᒫᑦᑎᐊᖅ ᐃᓚᒋᔭᐅᔪᓄᑦ ᑕᒪᒃᑯᐊ ᐃᓈᔪᑦ ᐃᓚᒌᒍᓯᖕᒋᑎᒍᑦ ᑐᙵᕕᐅᓪᓚᕆᖕᒪᑦ ᐃᓱᒪᖅᓱᕐᓂᖅ, ᖃᓄᖕᒐᓴᖅᑕᐅᖕᒋᓐᓂᖅ ᐊᒻᒪᓗ ᓴᐃᓕᒪᓂᖃᕐᓂᖅ ᓯᓚᕐᔪᐊᕐᒥ,</para>
    <para>ᐃᒪᐃᒻᒪᑦ ᓱᖁᑎᒋᓇᒍ ᐊᒻᒪᓗ ᓈᓚᖕᓂᕐᓗᖕᓂᖅ ᐃᓅᔪᒧᑦ ᐃᔪᓐᓇᐅᑎᓄᑦ ᖃᐅᔨᓇᖅᓯᐅᑎᓯᒪᔪᖅ ᓇᕐᕈᓇᕐᓂᕐᐹᑎᑐᑦ ᐊᐅᓪᓚᓯᖃᑦᓂᖕᒋᑦ ᓂᙵᒃᓵᕆᔾᔪᑎᖃᕐᐸᒃᑐᑦ ᐃᓄᓪᓚᕆᐅᔫᒐᓗᐊᓂᒃ, ᐊᒻᒪᓗ ᓯᕗᓕᐅᕆᓪᓚᑎᒃ ᓯᓚᕐᔪᐊᕐᒥᒃ ᑕᒪᒃᑯᐊ ᐊᓂᖅᑎᕆᔪᑦ ᐃᓅᔪᑦ ᖁᕕᐊᓲᑎᖃᕐᓯᒪᑎᓪᓗᒋᑦ ᐃᓱᒪᖅᓱᕐᖢᑎᒃ ᐅᖃᐅᓯᕐᒥᒃᑎᒍᑦ ᐊᒻᒪᓗ ᐅᖃᐅᓯᕐᒥᒃᑎᒍᑦ ᐊᒻᒪᓗ ᐃᓱᒪᖅᓱᕈᓐᓇᕐᓂᒃᑯᑦ ᑲᑦᐱᐊᓱᐊᓂᕐᒧᑦ ᐊᒻᒪᓗ ᓇᒧᑐᐃᓐᓇᖅ ᑐᓴᖅᑎᑦᑎᐅᑎᒋᓪᓗᒍ ᐱᔪᒪᓯᒪᖕᒪᑕ ᓲᕐᓗᓕ ᖁᑦᑎᖕᓂᖅᐸᐅᓪᓗᑎᒃ ᐊᔾᔪᒥᒋᔭᒥᒃᑎᒍᑦ ᐃᓄᑐᐃᓐᓇᐅᒐᓗᐊᕆᓪᓗᑎᒃ ᑭᓇᒃᑯᑐᐃᓐᓇᕐᑎᑐᑦ,</para>
    <para>ᐃᒪᐃᒻᒪᑦ ᓲᖃᐃᒻᒪ, ᑭᓇᒃᑯᑐᐃᓐᓇᓕᒫᑦ ᐃᒃᓯᓐᓇᑯᑕᖃᖅᓯᒪᒃᐸᑦ ᐃᑲᔪᖅᑐᐃᐱᖃᖅᑎᑕᐅᓇᓂ, ᐱᕕᑐᐊᑦᑎᐊᕆᓕᕐᓗᒍ, ᐊᑭᒪᓇᓱᐊᕐᓗᓂ ᐊᑭᕋᕐᑐᕐᓂᕐᒥᒍᑦ ᐊᒻᒪᓗ ᐅᖁᒪᐃᓪᓕᐅᖅᓂᖁᑦ, ᑕᒪᓐᓇ ᐃᓅᔪᓄᑦ ᐱᔪᓐᓇᐅᖅᑎᖕᒋᑦ ᓴᐳᒻᒥᔭᒃᑕᐅᔪᒃᓴᐅᕗᑦ ᒪᓕᒐᖕᒐᒍᑦ ᐱᖁᔭᓕᐊᖕᒍᓯᒪᔪᖁᑦ,</para>
    <para>ᐃᒪᐃᒻᒪᑦ ᐱᕕᒃᓴᐅᕗᖅ ᐃᑲᔪᖅᑐᐃᔪᓐᓇᕐᓂᒃᑯᑦ ᐃᓅᖃᑎᖃᑦᑎᐊᕈᓐᓇᕐᓯᓴᕐᓂᒃᑯᑦ ᓯᓚᕐᔪᐊᕐᓂᐅᑦ ᐃᓄᖕᒋᓐᓄᑦ,</para>
    <para>ᐃᒪᐃᒻᒪᑦ ᑭᓇᒃᑯᑐᐃᓐᓇᐃᑦ ᓯᓚᕐᔪᐊᕐᒥᐅᓂᒃ ᓴᐳᔾᔨᔨᑦ ᔫᓇᐃᑕᓐ ᓇᐃᓴᖕᒍᓂᕋᕐᑕᐅᔪᑦ ᐱᖁᔭᓕᐅᕐᓯᒪᕗᑦ ᓇᓗᓇᐃᖅᓯᓯᒪᑦᑎᐊᕐᖢᑎᒃ ᐅᒃᐱᕐᓂᖃᕐᓂᕐᒥᒃ ᐃᓖᔭᕐᓱᐊᖃᕆᐊᖃᖕᒋᓐᓂᖅ ᐃᓅᖃᑎᒋᔭᓄᑦ ᐱᔪᓐᓇᐅᑎᖕᒋᑎᒍᑦ ᐊᑐᕐᓗᑎᒃ, ᐅᐱᒍᓱᖕᓂᖃᕐᓗᑎᒃ ᐊᒻᒪᓗ ᐊᑐᕈᓱᑦᑎᐊᕐᓗᑎᒃ ᐃᓐᓄᓂᖕᒐᓂᒃ ᐊᒻᒪᓗ ᐊᔾᔨᐅᑎᓪᓗᒋᑦ ᐱᔪᓐᓇᐅᑎᖃᕐᓂᒃᑯᑦ ᐊᖕᒍᑎᑦ ᐊᒻᒪᓗ ᐊᕐᓇᐃᑦ ᐊᒻᒪᓗ ᐃᓱᒪᒋᑦᑎᐊᕐᓗᒋᑦ ᓂᕐᓱᐊᕆᓗᒋᑦ ᐃᓅᓯᖕᒋᑦ ᐱᐅᓯᕙᒻᓕᐊᓂᖕᒋᓐᓄᑦ ᐊᒻᒪᓗ ᐱᐅᓯᕙᒻᓕᐊᓂᕐᒧᑦ ᖃᓄᐃᑦᑐᑐᐃᓐᓇᒃᑯᑦ ᐃᓅᓯᕐᒥ ᐊᖕᒋᓂᖅᐸᐅᔪᒥᒃ ᐃᓱᒪᖅᓱᕐᕕᖃᕈᓐᓇᕐᓂᖅᑯᑦ,</para>
    <para>ᐃᒪᐃᒻᒪᑦ ᐃᓚᒋᔭᐅᔪᑦ ᐊᑐᒐᕆᕙᒃᑕᖕᒋᑦ ᑕᑯᖅᑯᑎᕙᒃᐳᑦ ᓇᖕᒥᓂᖅ ᐊᓂᒍᐃᓯᒪᓂᕐᒥᕐᓂᒃ, ᑲᔪᓯᒪᑎᑦᑎᖃᑎᒌᖕᓂᖁᑦ ᓯᓚᕐᔪᐊᕐᒥᐅᓄᑦ ᐊᑕᐅᓯᐅᖃᑎᒌᒃᑎᑦᑎᓇᓱᐊᖅᑎᑦᑎᔨᑦ ᔫᓇᐃᑕᓐ ᓇᐃᓴᓐᓯᖕᒍᓂᕋᕐᑕᐅᔪᑦ, ᐃᑲᔪᖅᑐᐃᕗᑦ ᓯᓚᕐᔪᐊᕐᒥᐅᓂᒃ ᐊᓐᓂᕈᓱᓚᐅᒥᖂᓪᓗᒋᑦ ᐊᒻᒪᓗ ᓇᐅᑦᑎᕐᓱᐊᕆᓗᒋᑦ ᑕᒪᒃᑯᐊ ᑭᓇᒃᑯᑐᐃᓐᓇᕐᓄᑦ ᐊᔾᔨᐅᔪᒥᒃ ᐱᔪᓐᓇᖅᑎᑕᐅᑦᑎᐊᖁᓪᓗᒋᑦ ᐊᒻᒻᓗ ᑐᙵᕕᖃᑦᑎᐊᖁᓪᓗᒋᑦ ᐃᓱᒪᖅᓱᕈᓐᓇᕐᓂᕐᒥᒃ,</para>
    <para>ᐃᒪᐃᒻᒪᑦ ᑐᑭᓯᒪᓇᕋᔪᖕᒪᑦ ᑕᒪᒃᑯᐊ ᐱᔪᓐᓇᐅᑎᐅᔪᑦ ᐃᓱᒪᖅᓯᕈᓐᓇᐅᑎᐅᔪᓪᓗ ᐊᖕᒋᓂᕐᐸᐅᔪᒥᒃ ᐃᖅᑲᓇᖅᓂᕐᐸᐅᕗᑦ ᐅᔾᔨᕆᔭᐅᑦᑎᐊᓕᕐᓗᑎᒃ ᓇᖕᒥᓂᕆᔭᒥᖕᓂᒃ ᐊᑦᑕᕐᓇᔾᔭᐃᒃᑯᑎᖃᓕᖁᓪᓗᒋᑦ, ᒫᓇᒃᑯᑦ, ᐃᒪᐃᓕᖁᔨᓕᖅᐳᒍᑦ ᑲᑎᒪᕐᔪᐊᕐᓂᒥ ᐊᑐᕆᔭᐅᓕᖁᓪᓗᒋᑦ ᑕᒪᓐᓇ ᓯᓚᕐᔪᐊᕐᒥᐅᑦ ᓇᓗᓇᐃᖅᓯᐅᑎᖕᒐ ᑭᓇᒃᑯᑐᐃᓐᓇᐃᑦ ᐱᔪᓐᓇᐅᑎᖕᒋᓐᓄᑦ ᖃᓄᐃᑦᑐᑐᐃᓐᓇᒃᑯᑦ ᐊᓂᒍᐃᔭᐅᒐᔪᖕᒪᑦ ᑭᓇᒃᑯᑐᐃᓐᓇᓕᒫᑦᓯᐊᓄᑦ ᐊᒻᒪᓗ ᑕᒪᐃᓐᓄᓕᒫᑦᑎᐊᖅ ᓯᓚᕐᔪᐊᕐᒥᐅᑦ ᐃᓄᖕᒋᓐᓄᑦ, ᐃᓱᓕᓐᓂᐊᓄᑦ ᑕᒪᕐᒥᓕᒫᑦᑎᐊᖅ ᐃᓄᑑᓈᖅᑎᕐᑐᑦ ᐊᒻᒪᓗ ᑕᒪᕐᒥᓕᒫᖅ ᐃᓅᓯᓕᓕᒫᑦ, ᑕᒪᓐᓇ ᐸᐸᑐᐊᖕᒍᖁᓪᓗᒍ ᐃᓱᒪᒋᔭᐅᖕᒋᓐᓇᑦᑎᐊᕐᓗᓂ, ᖃᑭᒪᓇᓱᐊᖅᓂᖃᕐᓗᓂ ᐃᓕᓐᓂᐊᖅᑎᑦᑎᓂᒃᑯᑦ ᐃᓕᓐᓂᐊᕈᑎᓕᐅᖅᓂᒃᑯᑦ ᓂᕐᓱᐊᕆᓗᒍ ᓈᓚᒐᖃᑦᑎᐊᕐᓂᖅ ᑕᒪᒃᑯᓄᖕᒐ ᐱᔪᓐᓇᐅᑎᐅᔪᓄᑦ ᐊᒻᒪᓗ ᐃᓱᑦᓱᕈᓐᓇᕈᑎᐅᔪᓄᑦ ᐊᒻᒪᓗ ᐱᐅᓯᑎᕙᑦᓕᐊᓇᓱᐊᕐᓂᖕᒐ ᐆᒃᑐᕋᕐᓯᒪᑦᑎᐊᕐᓗᒋᑦ, ᑲᓇᑕᓕᒫᒥᐊᒻᒪᓗ ᓯᓚᕐᔪᐊᕐᒥᐅᓂ, ᐊᑦᑕᕐᓇᐃᕐᓯᒪᖃᓪᓗᒋᑦ ᓯᓚᕐᔪᐊᕐᒥᐅᖕᒍᖃᑎᒋᔭᑎᒃ ᐊᒻᒪᓗ ᐊᑐᕐᓂᖃᑦᑎᐊᕐᓗᓂ ᐃᓕᑕᕆᒪᓕᖁᓪᓗᒍ ᐊᒻᒪᓗ ᓇᐅᑦᕐᓱᐊᕆᓗᒍ, ᑕᒪᑎᒍᑦ ᐃᓄᖕᒋᑎᒍᑦ ᐃᓚᒋᔭᐅᔪᕗᑦ ᐅᖃᕐᓯᒪᔪᑦ ᓇᖕᒥᓂᕐᒥᒍᑦ ᐊᒻᒪᓗ ᐃᓅᖃᑎᒥᒃᑎᒍᑦ ᓄᓇᑦᑎᐊᕐᒥ ᑕᒪᒃᑯᐊ ᐊᑐᕐᓗᒋᑦ  ᒪᓕᒍᑎᒍᑦ ᑲᒪᕕᒋᔪᓐᓇᖅᑕᒥᒃᑎᒍᑦ.</para>
  </preamble>

  <article number="1">
    <title>ᐃᓚᖓ 1.</title>
    <para>ᐃᓅᔪᓕᒫᑦ ᐊᓂᖅᑎᕆᔪᓕᒫᑦ ᐃᓅᓚᐅᕐᒪᑕ ᐃᓱᒪᕐᓱᕐᖢᑎᒃ ᐊᒻᒪᓗ ᐊᔾᔨᐅᖃᑎᒌᒃᖢᑎᒃ ᓂᕐᓱᐊᖑᓂᒃᑯᑦ ᐊᒻᒪᓗ ᐱᔪᓐᓇᐃᑎᑎᒍᑦ. ᐃᓱᖃᖅᑐᖁᑎᖃᕐᑎᑕᐅᕙᓕᕐᐳᑦ ᐱᔾᔪᑎᖃᕐᓂᒃᑯᑦ ᖃᑕᙳᑎᒌᑦᑎᐊᕆᐊᖃᕐᓂᒃᑯᓪᓗ.</para>
  </article>

  <article number="2">
    <title>ᐃᓚᖕᒐ 2.</title>
    <para>ᑭᓇᒃᑯᑐᐃᓐᓇᓕᒫᑦᑎᐊᑦ ᐱᔪᒃᓴᐅᑕᐃᓐᓇᑦᑎᐊᖕᒍᕗᑦ ᑕᒪᐃᓐᓄᓕᒫᖅ ᐱᔪᓐᓇᐃᑎᓂᒃ ᐊᒻᒪᓗ ᐃᓱᒪᖅᓱᕈᓐᓇᐃᑎᓂᒃ ᐃᓕᖕᒐᓂᓕᐅᖅᑕᐅᓯᒪᔭᕇᖕᒪᑕ ᓇᓗᓇᐃᔭᐅᑎᖃᑦᑎᐊᑦᖢᑎᒃᓗ ᑖᒃᑯᑎᒎᓇᖅ, ᐊᔾᔨᐅᙱᖃᑎᒌᖕᓂᓕᕆᓗᐊᙱᓪᓗᑎᒃ ᓇᓪᓕᐊᒍᑐᐃᓐᓇᖅ, ᓲᕐᓗ ᓇᓂᕐᒥᐅᑕᐅᓂᕐᒥᒃᑎᒍᑦ, ᐅᕙᓂᖃᑎᒌᙱᓐᓂᕐᒥᖅᑎᒍᑦ, ᐊᕐᓇᐅᓂᖕᒍ ᐊᖕᒍᑕᐅᓂᖕᒐ ᐃᓱᒪᒋᓇᒍ, ᐅᖃᐅᓯᖃᖃᑎᒌᙱᓂᖅ, ᐅᒃᐱᕐᕕᖃᕐᓂᖅ ᑐᒃᓯᐊᕐᕕᖕᒥᖕᓂᒃ, ᒐᕙᒪᓕᕆᐅᑎᖃᕐᓂᖅ ᐅᕝᕙᓗ ᐊᓯᐊᒍᑦ ᑕᒪᒃᑯᐊ ᐃᓯᒪᒋᔪᓐᓇᖅᑕᖕᒋᑦ ᓯᖁᑎᒋᓇᒋᑦ, ᓇᓂᑐᐃᓐᓇᖅ ᓄᓇᒋᔭᐅᔪᒥᑦ ᐅᕝᕙᓘᓐᓃᑦ ᐊᓂᖅᑎᕆᔪᓐᓇᕐᓂᕐᒥᑎᒍᑦ, ᓄᓇᖃᖅᓂᒃᑯᑦ, ᐃᕐᓂᐊᖕᒍᓯᒪᓂᒃᑯᑦ ᐅᕝᕙᓘᓐᓃᑦ ᐊᓱᖕᒋᓐᓂᒃ. ᓯᓕᒃᑲᓐᓂᖅᑕᐅᖅ, ᐊᔾᔨᐅᙱᑎᑦᑎᔪᑕᐅᕙᒃᑐᑦ ᓴᓇᔭᐅᒪᔪᓐᓃᕐᓗᑎᒃ ᒐᕙᒪᐅᑎᓕᕆᔨᓄᐊᖅᑕᐅᕙᒃᑐᑦ, ᒪᓕᒐᑎᒍᑦ ᑲᒪᕕᒋᔪᓐᓇᖅᑕᖕᒐᒎᕈᑕᐅᕙᒃᑐᑦ ᐅᕝᕙᓘᓐᓃᑦ ᓯᕐᓚᔪᐊᕐᒥᐅᓄᑦ ᐊᑐᒐᐅᓕᖅᑕᖅᑐᑦ ᑎᑎᕋᕐᓯᒪᔪᑦ ᓄᓇᖓᓄᑦ ᓄᓇᖁᑎᒋᔭᐅᔪᒧᓪᓘᓐᓃᑦ ᓇᓪᓕᐊᕐᓄᑦ ᑖᓐᓇ ᐃᓄᒃᑐᖓ ᐊᑕᓪᓚᑦᑖᕐᒪᖔᑦ ᐸᓪᓗ, ᐃᓄᑑᔾᔨᓂᐊᕐᒪᖔᑦ, ᐊᖏᒐᒃᓴᐅᖕᒪᖔᑦ, ᓇᖕᒥᓂᖅ ᒐᕙᓕᐅᕿᒪᙱᑦᑑᖕᒪᖔᑦ ᐅᕝᕙᓘᓐᓃᑦ ᐅᖃᕐᓯᒪᓂᖓ ᓇᓪᓕᐊᑐᐃᓐᓇᖅ ᐊᓯᖏᑎᒍᑦ ᑭᒡᓕᓕᐅᕈᑕᐅᓯᒪᖃᑦᑕᖅᑐᑦ ᐱᖁᔭᕐᔪᐊᑦ ᐊᑕᔪᑐᖃᐃᑦ ᒪᓕᒃᖢᒋᑦ.</para>
  </article>

  <article number="3">
    <title>ᐃᓚᖓ 3.</title>
    <para>ᑭᓇᒃᑯᑐᐃᓐᓇᓕᒫᑦᑎᐊᑦ ᑕᒪᒃᑭᕐᖢᑎᒃ ᐱᔪᓐᓇᐅᑎᖃᕐᐳᑦ ᐃᓅᓯᕐᒥᓄᑦ, ᑭᓱᒡᒍᑎᖃᕆᐊᖃᕐᓂᖃᕋᓂ ᐃᓕᑕᕆᔭᐅᔾᔪᑎᒃᓴᒥᒃ ᐊᒻᒪᓗ ᒥᐊᓂᖅᓯᐅᑎᖃᕐᓂᒃᑯᑦ ᐃᓅᓯᖓᓄᑦ.</para>
  </article>
  <article number="4">
    <title>ᐃᓚᖓ 4.</title>
    <para>ᑭᓇᑐᐃᓐᓇᑦᑎᐊᖅᒥᒃ ᓯᐊᓛᓯᐊᖃᖅᑐᒃᓴᐅᔪᖃᙱᓚᖅ ᓱᒃᑯᔨᐊᕆᓗᒍ ᐅᕝᕙᓘᓐᓃᑦ ᐱᔨᑦᑎᕋᖅᑎᑐᐃᓐᓇᐅᓂᒃᑯᑦ; ᓯᐊᓛᖃᓗᐊᕐᓂᖅ ᐊᒻᒪᓗ ᓵᓚᑲᑐᒃᓴᕆᔭᐅᓂᐊᕐᑐᒥᒃ ᑕᐅᕐᓰᓂᖅ ᐱᑦᑕᐃᓕᑎᑕᐅᕙᖕᓂᐊᓕᖅᑐᖅ ᖃᓄᐃᑦᑐᑐᐃᓐᓇᒃᑰᕆᐊᖃᓪᖤᓕᕋᓗᐊᕐᐸᑦ ᓴᓇᒪᓂᓕᐅᖅᑕᐅᓂᒃᑯᑦ.</para>
  </article>

  <article number="5">
    <title>ᐃᓚᖓ 5.</title>
    <para>ᑭᓇᑐᐃᓐᓇᑦᑎᐊᖅᒥᒃ ᐋᓐᓂᐊᑎᑕᐅᕐᔪᐊᕌᓗᒃᑐᖃᖅᑐᒃᓴᐅᙱᓚᖅ ᑎᒥᖓᒍᑦ ᐅᕝᕙᓘᓐᓃᑦ ᐃᒃᐱᖕᓂᐊᓂᖃᙱᑦᑐᑎᑐᑦ ᐃᓅᕕᖃᖅᑐᒃᓴᐅᙱᓚᖅ, ᓲᕐᓗᓕ ᐃᓅᙱᑦᑐᖃᑎᖃᖅᑐᑎᑐᑦ ᐊᓂᕐᑎᕆᔪᒥᒃ ᐅᕝᕙᓘᓐᓃᑦ ᖃᓄᐃᑦᑐᑐᐃᓐᓇᒃᑯᑦ ᑲᒪᓇᓱᐊᕐᓂᒃᑯᑦ ᐅᕝᕙᓘᓐᓃᑦ ᐊᓄᓪᓚᒃᓯᐊᕆᓗᒍ ᐃᒻᒥᓂᖅᓲᑎᒋᑐᐃᓐᓇᕐᓗᒍ ᐱᔭᕆᐊᖃᙱᑦᑐᖅ.</para>
  </article>

  <article number="6">
    <title>ᐃᓚᖓ 6.</title>
    <para>ᑭᓇᒃᑯᑐᐃᓐᓇᑦᑎᐊᑦ ᐃᓕᑕᕐᓯᒪᐅᑎᖃᕐᐳᑦ ᓇᓂᑐᐃᓐᓈᑦᑎᐊᖅᑐᖃᓪᓚᕋᓗᐊᕈᓂ ᐃᓄᒃᑕᖓᓂᒃ ᐱᖁᔭᑎᒍᑦ ᐃᓕᑕᖅᓯᐅᑎᖃᕋᓱᑐᐃᓐᓇᙱᓪᓗᓂ.</para>
  </article>

  <article number="7">
    <title>ᐃᓚᖓ 7.</title>
    <para>ᑕᒪᕐᒥᑦᑎᐊᖅ ᐊᔾᔨᒌᒃᐳᑦ ᐱᖃᔭᐅᑉ ᓵᖓᓂ ᐊᒻᒪᓗ ᑕᐃᒎᓯᖃᖅᑐᐃᓐᓇᐅᓪᓗᑎᒃ ᐱᑕᖃᖅᑎᓐᓇᒍᐃᓅᖃᓐᓂᐊᕐᓂᖅ ᐊᔾᔨᐅᑎᑕᒃᓴᐅᓂᕐᒧᑦ ᓴᐳᒻᒥᔭᐅᑎᖃᕐᖢᓂ ᐱᖁᔭᑎᒍᑦ. ᑕᒪᕐᒥᓕᒫᕐᓗ ᑕᐃᒎᓯᖃᖅᑐᐃᓐᓇᐅᕗᑦ ᒥᐊᓂᕐᓯᐅᑎᖃᕐᖢᑎᒃ ᐊᑭᕋᕐᑐᓕᖅᑕᐅᖁᓇᒋᑦ ᐃᓅᖃᓐᓂᐊᕐᓂᒃᑯᑦ ᐃᓖᔭᖅᓱᐊᕆᓕᕐᓗᒋᑦ ᐋᓐᓂᖅᑎᕆᓂᒃᑯᑦ ᑕᒪᑐᒧᖓ ᓇᓗᓇᐃᕐᓯᐅᑎᖃᕐᐳᑦ ᐊᒻᒪᓗ ᐊᑭᕋᖅᑐᖅᑐᖅ ᓇᓪᓕᐊᖕᓂᑐᓐᓇᖅ ᐊᔪᕆᑦᑎᔪᖃᖅᑐᒃᓴᐅᙱᓚᖅ ᐃᓅᖃᓐᓂᐊᕐᓂᒃᑯᑦ.</para>
  </article>
  <article number="8">
    <title>ᐃᓚᖓ 8.</title>
    <para>ᑕᒪᕐᒥᑦᑎᐊᖅ ᐱᔪᓐᓇᐅᑎᖃᕐᐳᑦ ᐊᑑᑎᖃᑦᑎᐊᕐᑐᒥᒃ ᐊᖅᑯᑎᖃᖁᓪᓗᒋᑦ ᐊᑭᒪᓇᓱᐊᕐᓂᒃᑯᑦ ᓇᓂᑐᐃᓐᓇᖅ ᓄᓇᒋᔭᐅᔪᒥᑦ ᐃᑲᔪᖅᓯᔨᖃᕐᖢᑎᒃ ᐱᖁᔭᖓᒍᑦ ᑎᒥᖓᒍᑦ ᐃᓖᔮᖅᓱᐊᓕᒃᑕᖃᕐᓂᕐᐸᑦ ᐊᒻᒪᓗ ᑐᙵᕕᖃᖅᐳᑦ ᐃᓱᒪᖅᓱᕈᓐᓇᐅᑎᓄᑦ ᐱᖁᔭᕐᔪᐊᓕᐅᕐᓯᒪᓂᒃᑯᑦ ᐅᕝᕙᓘᓐᓃᑦ ᐱᖁᔭᒃᑯᑦ.</para>
  </article>

  <article number="9">
    <title>ᐃᓚᖓ 9.</title>
    <para>ᓴᒡᓗᕿᑦᓯᓂᒃᑯᑦ ᑎᒍᔭᐅᓂᖅᓗᒃᑎᑦᑎᔪᖃᖅᑐᒃᓴᐅᙱᓚᖅ, ᓱᑲᒃᑲᖓᓂᒃᑯᑦ ᐅᕝᕙᓘᓐᓃᑦ ᓄᓇᒥᖕᓂᑦ ᐊᓂᑎᑕᐅᔪᖃᖅᑐᒃᓴᐅᙱᓚᖅ.</para>
  </article>

  <article number="10">
    <title>ᐃᓚᖓ 10.</title>
    <para>ᑭᓇᒃᑯᓕᒫᑦᑎᐊᑦ ᐊᔾᔨᐅᑎᖃᑎᒌᑦᑎᐊᖅᑐᔅᓴᐅᕗᑦ ᐃᓚᐃᓐᓇᖅᓯᐅᙱᓪᓗᑎᒃ ᐊᒻᒪᓗ ᓇᓂᑐᐃᓐᓇᖅ ᑐᓴᖅᑕᐅᑎᑕᐅᔭᕆᐊᖃᕐᐸᑕ ᐃᓄᑐᐊᒧᑦ ᐅᕝᕙᓗ ᐃᖅᑲᖅᑐᐃᑎᑦᑎᔪᖃᕋᓱᐊᕐᑎᓪᓗᒍ, ᐃᓱᒪᒋᓱᒪᓗᒍ ᐱᔪᓐᓇᐅᑎᖏᓐᓂᒃ ᐊᒻᒪᓗ ᓈᓚᒐᕆᔭᕆᐊᖃᕐᑕᖏᓐᓂᒃ ᐊᒻᒪᓗ ᓇᓪᓕᐊᖕᓂᑐᐃᓐᓇᖅ ᐱᖁᔭᒃᑯᑦ ᓱᕋᐃᓂᕐᒧᑦ ᑎᒍᔭᐅᑎᑦᑎᕆᓂᕐᒥᒃ ᐊᑭᕋᕆᓂᒃᑯᑦ ᑖᑦᓱᒧᖓ ᐊᖑᑎᒧᑦ.</para>
  </article>

  <article number="11">
    <title>ᐃᓚᖓ 11.</title>
    <orderedlist>
      <listitem>
        <para>ᑭᓇᒃᑯᓕᒫᑦᑎᐊᑦ ᐃᖅᑲᖅᑐᐃᔨᒃᑯᑦ ᐸᓯᔭᐅᓯᒪᐅᑎᖃᕐᑐᑦ ᐊᓄᓪᓚᒃᓰᕕᒡᔪᐊᒨᖅᑎᑦᑎᓂᕐᒧᑦ ᐱᔪᓐᓇᐅᑎᖃᖅᑐᖅ ᐸᓯᔭᒃᓴᕈᖅᑐᒃᓴᐅᙱᓐᓂᖓᓄᑦ ᓈᓚᒃᑎᓪᓗᒋᑦ ᓈᓚᒃᑎᓄᑦ ᖃᐅᔨᓴᖅᑕᐅᓚᐅᙱᓂᕐᒥᓂ ᐸᓯᔭᒃᓴᕈᖅᑎᑕᐅᔪᒃᓴᐅᙱᓐᓚᖅ ᑕᖅᑲᒃᑯᐊᒥᐅᓄᑦ ᒪᓕᒐᕆᔭᐅᔪᑦ ᒪᓕᒃᓴᖅᑕᐅᓗᑎᒃ ᐊᒻᒪᓗ ᐃᖅᑲᖅᑐᕐᑕᐅᓂᖓᓂ ᐃᖅᑲᖅᑐᕐᑕᐅᓂᖓᓂ ᑕᒪᕐᒥᓕᒫᖅ ᓱᓕᓪᓚᕆᒍᑎᖃᕐᓂᖓᓄᑦ ᓴᐳᒻᒥᔭᐃᔾᔪᑎᖃᑦᑎᐊᕋᔭᕐᓂᖓᓂᒃ ᒪᓕᒐᓕᕆᔨᒥᒃ ᑭᒡᒐᖅᑐᕐᑕᐅᓗᓂ.</para>
      </listitem>
      <listitem>
        <para>ᑕᕝᕙᙵᑦᓴᐃᓐᓇᖅ ᖃᓄᐃᓕᔭᐅᒋᐊᕈᑎᓕᐅᖅᑐᖃᖅᑐᒃᓴᐅᙱᓚᖅ ᐱᕋᔭᐃᓂᕋᕈᑎᓂᒃ ᑎᒍᔭᐅᓂᐊᕈᑎᒃᓴᖓᓂᒃ ᓱᓕᓪᓚᕆᖕᓂᕋᐃᓗᑎᒃ ᐃᖅᑲᖅᑐᐃᔪᒃᓴᐅᙱᓚᑦ ᑕᑎᒋᓗᒋᑦ ᓇᓪᓕᐊᑐᐃᓐᓇᐃᑦ ᐱᖁᔭᐅᔪᑦ ᐅᕝᕙᓗ ᑭᖕᒍᕙᕆᐊᖅᑎᑕᐅᓂᒃᑯᑦ ᐱᖁᔭᕐᔪᐊᓕᐅᕐᓯᒪᙱᑦᑐᓂᒃ ᐊᑐᕐᓂᕐᓗᐃᔪᖃᖅᑐᒃᓴᐅᙱᓚᖅ, ᓇᓂᑐᐃᓐᓇᖅ ᓄᓇᒋᔭᐅᔪᒥ ᐅᖃᕐᓯᒪᓂᖏᑎᒍᑦ ᐅᕝᕙᓘᓐᓃᑦ ᓯᓚᕐᔪᐊᕐᒥᐅᑦ ᐱᖁᔭᖓᒍᑦ, ᑕᐃᒪᓕ ᐊᖏᖅᑕᐅᓯᒪᒻᒪᕆᓕᕐᐸᑦ. ᐃᓅᑦᑎᐊᙱᓐᓂᖓᒍᓪᓗ  ᑎᓕᐅᕈᑕᐅᓕᕐᓗᓂ ᐱᔪᒃᓴᐅᙱᓚᑦ ᑖᓐᓇ ᑭᓯᐊᓂ ᐱᔾᔪᑎᓪᓚᕆᐅᓯᒪᔪᖅ ᓵᔾᔪᑎᒋᓯᒪᓗᒍ ᐱᕋᔭᐃᓂᕋᕈᑕᐅᓯᒪᔪᖅ ᐊᖏᕈᑕᐅᓯᒪᑎᓪᓗᒍ.</para>
      </listitem>
    </orderedlist>
  </article>

  <article number="12">
    <title>ᐃᓚᖓ 12.</title>
    <para>ᑐᕌᖓᑎᑦᑎᔪᖃᖅᑐᒃᓴᐅᙱᓚᖅ ᐃᑲᔪᖅᑐᐃᔾᔪᑎᒧᑦ ᕿᐸᓇᖅᓯᐅᑎᒐᔭᙳᐊᖅᑐᒧᑦ ᓇᖕᒥᓂᖅ ᐃᓅᓯᖓᓄᑦ, ᐃᓚᖏᓐᓄᑦ, ᐊᖏᕐᕋᖓᓄᑦ ᐅᕝᕙᓘᓐᓃᑦ ᑎᑎᕋᕐᓯᒪᔪᒃᑑᖅᓂᒃᑯᑦ, ᐅᐸᒃᑐᐃᔪᖃᖅᑐᒃᓴᐅᖏᓚᕐᓗ ᓇᕐᓱᐊᖑᓂᖓᒍᑦ ᐅᕝᕙᓗ ᐃᓄᑦᑎᐊᕙᖁᑎᒋᔭᐅᔾᔪ ᑎᖓᓄᑦ. ᑭᓇᒃᑯᑐᐃᓐᓇᓕᒫᑦᑎᐊᖅ ᐱᔪᓐᓇᐅᑎᖃᕐᐳᑦ ᓴᐳᒻᒥᔭᐅᑎᖃᓂᕐᒧᑦ ᐱᖁᔭᒥᑦ ᐊᑭᕋᖃᕈᑕᐅᓕᕐᓗᓂ ᑕᒪᐅᓇᑐᐃᓐᓇᖅ, ᕿᐸᓕᖅᑎᑕᐅᓗᓂ ᐅᕝᕙᓖᓐᓃᑦ ᐅᐸᒃᑐᖅᑕᐅᓂᒃᑯᑦ.</para>
  </article>

  <article number="13">
    <title>ᐃᓚᖓ 13.</title>
    <orderedlist>
      <listitem>
        <para>ᑭᓇᒃᑯᑐᐃᓐᓇᓕᒫᑦᑎᐊᑦ ᐱᔪᓐᓇᐅᑎᖃᕐᐳᑦ ᐃᓱᒪᕐᓱᕈᓐᓇᐅᑎᒧᑦ ᐊᐅᓚᔭᕈᕐᓂᕐᒧᑦ ᐊᒻᒪᓗ ᐊᖏᕐᕋᖃᖃᑕᐅᔪᓐᓇᕐᓂᕐᒧᑦ ᑭᒃᓕᓕᐅᖅᑕᐅᓯᒪᔪᓂ ᐊᑐᓂᑦ ᓄᓇᖃᖅᕕᐅᔪᓂ.</para>
      </listitem>
      <listitem>
        <para>ᑭᓇᒃᑯᑦᑐᐃᓐᓇᑦᑎᐊᑦ ᐱᔪᓐᓇᐅᑎᖃᕐᐳᑦ ᕿᒪᐃᔪᓐᓇᕐᓂᕐᒥᒃ ᓄᓇᒥᒃ, ᐱᖃᓯᐅᑎᓪᓗᒍᓗ ᓇᖕᒥᓂᒃ ᓄᓇᒋᔭᒥᓂᒃ, ᐊᒻᒪᓗ ᐅᑎᕈᓐᓇᐃᓐᓇᕐᓗᓂ ᓇᖕᒥᓂᖅ ᑭᓇᒃᑯᑐᐃᓐᓇᐃᑦ ᓄᓇᓪᓚᕆᖕᒥᓄᑦ.</para>
      </listitem>
    </orderedlist>
  </article>

  <article number="14">
    <title>ᐃᓚᖓ 14.</title>
    <orderedlist>
      <listitem>
        <para>ᑭᓇᒃᑯᑐᐃᓐᓇᓕᒫᑦᑎᐊᑦ ᐱᔪᓐᓇᐅᑎᖃᕐᐳᑦ ᕿᓂᕐᓴᐃᓂᕐᒥᒃ ᐊᒻᒪᓗ ᖁᕕᐊᓲᑎᖃᕐᓂᕐᒥᒃ ᐊᓯᒥ ᓄᓇᖏᓐᓂ ᐊᔪᖅᓴᓗᐊᕐᓂᕐᒧᑦ ᐃᓅᔾᔪᑎᒃᓴᐅᓇᔭᖅᑐᒧᑦ ᓂᑲᒋᙱᓗᐊᕐᖢᒍ ᐊᓄᓪᓚᒃᑎᑕᐅᒋᐊᖅᓂᑰᓂᕐᒥᑦ.</para>
      </listitem>
      <listitem>
        <para>ᑖᓐᓇ ᐱᔪᓐᓇᐅᑎ ᐃᑲᔪᖅᑐᐃᔾᔪᑎᓕᐅᖅᓯᒪᙱᑐᐃᓐᓇᕆᐊᓕᒃ ᖃᓄᐃᓕᓯᒪᔪᖃᕐᑎᓪᓗᒍ ᐊᓄᓪᓚᒃᓯᖅᑎᑦᑎᓇᓱᐊᕐᑐᒧᑦ ᑕᒫᓂᑐᐃᓐᓇᖅ ᓴᖅᑭᓚᕿᓗᓂ ᒐᕙᒪᓕᐅᕈᑎᓕᐊᖑᓯᒪᙱᑦᑐᒥᑦ ᐱᖁᔭᓂᒃ ᓱᕋᐃᕐᓄᑦ ᐅᕝᕙᓘᓐᓂᑦ ᐱᖁᔭᓂᑦ ᑭᒡᓗᕐᒧᖔᖅ ᐱᔾᔪᑎᖃᕐᓗᓂ ᐊᒻᒪᓗ ᓱᕌᖓᓂᐅᓂᐊᖅᑐᑎᒍᑦ ᑖᒃᑯᑎᒎᓇᖅ ᐃᓅᖃᑎᒌᑦᑎᐊᕐᑎᑦᑎᔨᐅᓇᓱᐊᖅᑎᓄᑦ ᑲᑐᔾᔨᔨᐅᔪᑦ ᓯᓚᕐᔪᐊᕐᒥᐅᓄᑦ.</para>
      </listitem>
  </orderedlist>
  </article>

  <article number="15">
    <title>ᐃᓚᖓ 15.</title>
    <orderedlist>
      <listitem>
        <para>ᑭᓇᓪᓗᑐᐃᓐᓇᓕᒫᑦᑎᐊᑦ ᐱᔪᓐᓇᐅᑎᖃᕐᐳᑦ ᑭᓲᓂᕐᒥᒍᑦ (ᓲᕐᓗ ᐃᓅᓂᒃᑯᑦ, ᐊᓪᓚᐅᓂᒃᑯᑦ).</para>
      </listitem>
      <listitem>
        <para>ᐊᖅᓵᖅᑕᐅᑐᐃᓐᓇᕆᐊᖃᖅᑐᒃᓴᐅᙱᓚᖅ ᑭᓇᑐᐃᓐᓇᑦᑎᐊᖅ ᐊᖑᑎᐅᑉ ᐅᕝᕙᓘᓐᓃᑦ ᐊᕐᓇᐅᑉ ᑭᓲᓂᖓᒍᑦ ᓴᒡᓗᕿᑦᑎᓯᒪᔪᖃᖅᑐᒃᓴᐅᙱᓚᕐᓗ ᐱᔪᓐᓇᐅᑎᖓ ᐊᓯᔾᔨᕐᓗᒍ ᐊᖑᑎᐅᑦ ᐅᕝᕙᓪᓘᓐᓃᒃ ᐊᕐᓇᐅᑉ ᑭᓲᓂᕐᒐᓄᑦ.</para>
      </listitem>
    </orderedlist>
  </article>

  <article number="16">
  <title>ᐃᓚᖓ 16.</title>
  <orderedlist>
    <listitem>
      <para>ᐊᖑᑎᒃ ᐊᒻᒪᓗ ᐊᕐᓇᐃᑦ ᐃᓂᕐᓯᒪᓕᕐᑐᑦ ᐊᕐᕌᒍᒥᓂ, ᑭᒡᓕᓕᐅᖅᑕᐅᓯᒪᔪᒃᓴᐅᙱᓚᑦ ᐃᓅᖃᕐᕐᓂᐊᖅᑕᐅᓂᕐᒥᒍᑦ ᐊᐅᖃᑎᒋᙱᒧᑦ, ᑭᓲᓂᖓᒍᑦ ᐅᕝᕙᓘᓐᓃᑦ ᒪᓕᖕᓂᕐᒥᒍᑦ ᑐᑭᓯᐊᕐᕕᖕᒥᓂᒃ, ᐱᔪᓐᓇᐅᑎᖃᕐᐳᑦ ᐊᐃᑉᐸᖅᑖᕈᓐᓇᕐᓂᕐᒧᑦ ᐊᒻᒪᓗ ᐃᓚᓂᒃᑐᕈᓐᓇᕐᖢᑎᒃ. ᐃᓱᒪᖅᓱᕈᓐᓇᕈᑎᖃᕐᐳᑦ ᐊᔾᔨᐅᑐᐃᓐᓇᕐᓗᑎᒃ ᐱᔪᓐᓇᐅᑎᓄᑦ ᑲᑎᑎᑕᐅᔪᓐᓇᕐᓂᕐᒧᑦ, ᐊᐃᑉᐸᖅᑖᕐᓯᒪᓂᕐᒥᒍᑦ ᑲᑎᑎᑕᐅᒪᓪᓗᓂ ᐊᒻᒪᓗ ᐊᕕᑦᑎᓯᒪᓂᖓᓂ.</para>
    </listitem>
    <listitem>
      <para>ᑲᑎᑎᑕᐅᕕᖃᕈᓐᓇᕋᔭᕐᖢᓂ ᑭᓯᒥ ᐊᑦᑐᖏᖅᑕᐅᒪᙱᓐᓂᒃᑯᑦ ᑕᒪᑐᒧᖓ ᐊᒻᒪᓗ ᑕᒪᐃᑎᒍᑦ ᐊᖏᖅᑕᐅᒪᐅᑎᖃᑦᑎᐊᕈᓂ ᐊᐃᑉᐸᓂᒍᒪᓐᓂᑐᐊᕈᓂ.</para>
    </listitem>
    <listitem>
      <para>ᐃᓚᒌᑦ ᐱᓪᓚᑦᑖᖑᖕᒪᑕ ᐊᒻᒪᓗ ᑐᙵᕕᐅᓪᓗᑎᒃ ᐃᓅᖃᑎᒌᓄᑦ ᐊᑕᐅᓯᐅᓕᖓᐅᑎᐅᖕᒪᑕ ᐃᓅᓯᕐᒧᑦ ᐊᒻᒪᓗ ᓴᐳᒻᒥᔭᐅᑎᖃᕈᓐᓇᕐᓂᒃᑯᑦ ᐃᓅᖃᑎᒥᒃᑐᑎᒍᑦ ᓄᓇᒥᒃᑎᒍᓪᓘᓐᓃᑦ.</para>
    </listitem>
  </orderedlist>
  </article>

  <article number="17">
    <title>ᐃᓚᖓ 17.</title>
    <orderedlist>
      <listitem>
        <para>ᑭᓇᒃᑯᑐᐃᓐᓇᓕᒫᑦᑎᐊᖅ ᓇᖕᒥᓂᖃᖅᑐᒃᓴᐅᑎᐅᔪᓐᓇᖅᐳᑦ ᓄᓇᒥᒃ ᐃᓄᑑᑎᓗᒍ ᑕᒪᑐᒨᓇᓘᓐᓃᑦ ᑯᑐᔾᔨᖃᑎᖃᖅᓂᒃᑯᑦ ᐊᓯᑎᒍᑦ.</para>
      </listitem>
      <listitem>
        <para>ᐊᖅᓵᖅᑕᐅᑐᐃᓐᓇᕆᐊᖃᖅᑐᒃᓴᐅᙱᓚᖅ ᑭᓇᑐᐃᓐᓇᑦᑎᐊᖅ ᐊᖑᑎᐅᑦ ᓇᖕᒥᓂᕆᔭᖓᓂᒃ.</para>
      </listitem>
    </orderedlist>
  </article>

  <article number="18">
    <title>ᐃᓚᖓ 18.</title>
    <para>ᑭᓇᒃᑯᑐᐃᓐᓇᑦᑎᐊᑦ ᐱᔪᓐᓇᐅᑎᖃᕐᐳᑦ ᐃᓱᒪᖅᓱᕈᑎᖃᕐᖢᑎᒡᓗ ᐃᓱᒪᓂᕐᒥᒃ, ᐅᔾᔨᖅᓴᕐᓂᕐᒥᒃ ᐊᒻᒪᓗ ᑐᒃᓯᐊᕐᕕᒋᕙᒃᑕᒥᓂᒃᒥᓂᒃ; ᑖᓐᓇᓗ ᐱᔪᓐᓇᐅᑎ ᐱᖃᓯᐅᔾᔨᓯᒪᒋᓪᓗᓂ ᐃᓱᒪᖅᓱᕈᓐᓇᕐᓂᕐᒥᒃ ᐊᓯᐊᓄᑦ ᑐᒃᓯᐊᕆᐊᕐᕕᖃᕈᒪᓕᕈᓂ ᐅᕝᕙᓘᓐᓃᑦ ᐅᒃᐱᕐᕕᖃᕈᒪᓕᕈᓂ, ᐊᒻᒪᓗ ᓇᓂᑐᐃᓐᓇᖅ ᐅᕝᕙᓘᓐᓃᑦ ᐃᓄᑑᔾᔨᓗᓂ, ᐊᑐᕈᒪᒍᓂᐅᒃ ᑐᒃᓯᐊᕐᕕᒋᔭᒥᒍᑦ ᐅᕝᕙᓘᓐᓃᑦ ᐅᒃᐱᕐᓂᕆᔭᒥᒍᑦ ᐃᓕᓐᓂᐊᖅᑎᑦᑎᓂᒃᑯᑦ, ᐱᔭᕆᐅᖅᓴᐃᓂᒃᑯᑦ, ᓂᕐᓱᐃᓂᒃᑯᑦ ᐊᒻᒪᓗ ᓇᐅᑦᑎᖅᓱᐃᓂᒃᑯᑦ.</para>
  </article>

  <article number="19">
    <title>ᐃᓚᖓ 19.</title>
    <para>ᑭᓇᒃᑯᑐᐃᓐᓇᑦᑎᐊᑦ ᐱᔪᓐᓇᐅᑎᖃᕐᐳᑦ ᐃᓱᒪᖅᓱᕈᓐᓇᐅᑎᖃᕐᖢᑎᒡᓗ ᐃᓱᒪᓕᐊᕆᓯᒪᔭᑎᑦ ᐊᒻᒪᓗ ᐅᖃᓪᓚᐅᑎᒋᓯᒪᔭᕐᓄᑦ; ᑕᒪᓐᓇ ᐱᔪᓐᓇᐅᑎᐅᔪᖅ ᐱᖃᓯᐅᔾᔨᓱᒪᒋᕗᖅ ᐃᓱᒪᖅᓱᕈᓐᓇᕐᓂᕐᒥᒃ ᐃᓱᒪᓕᐊᕆᓯᒪᔭᑎᒍᑦ ᓄᖅᑲᖅᑎᑕᐅᙱᓪᓗᓂ ᐊᒻᒪᓗ ᑭᓂᕐᓴᖅᑕᐅᙱᓪᓗᓂ, ᐱᓗᒍ ᐊᒻᒪᓗ ᑐᓴᖅᑎᑦᑎᔪᓐᓇᕐᓂᒃᑯᑦ ᐊᒻᒪᓗ ᐃᓱᒪᒋᔭᐅᓯᒪᔪᑎᒍᑦ ᓇᓪᓕᐊᒃᑯᑐᐃᓐᓇᖅ ᑐᓴᕈᓐᓇᐅᑎᑎᒍᑦ ᐊᒻᒪᓗ ᑕᒪᒃᑯᐊ ᓱᖁᑎᒋᙱᓪᓗᒋᑦ ᓴᐳᒻᒥᔭᐃᔨᐅᓇᓱᐊᖅᑐᑦ.</para>
  </article>

  <article number="20">
    <title>ᐃᓚᖓ 20.</title>
    <orderedlist>
      <listitem>
        <para>ᑭᓇᒃᑯᑐᐃᓐᓇᑦᑎᐊᑦ ᐱᔪᓐᓇᐅᑎᖃᕐᐳᑦ ᐃᓱᒪᖅᓱᕈᓐᓇᕐᓂᕐᒧᑦ ᓴᐃᓕᒪᑎᑦᑎᐊᕋᓱᐊᕐᓂᕐᒧᑦ ᑲᑎᒪᕐᔪᐊᕐᓂᕐᒥ ᑲᑐᔾᔨᖃᑎᒌᖕᓂᒃᑯᓪᓗ.</para>
      </listitem>
      <listitem>
        <para>ᑭᓇᑐᐃᓐᓇᕐᒥᒃ ᐅᐸᓘᒪᓇᖅᑐᕐᓱᖅᑎᑦᑎᔪᖃᖅᑐᒃᓴᐅᙱᓚᖅ ᐊᑕᕕᖃᕐᓂᐅᓕᖁᓪᓗᒍ ᑲᑐᔾᔨᖃᑎᒌᒡᕕᐅᔪᒧᑦ.</para>
      </listitem>
    </orderedlist>
  </article>

  <article number="21">
    <title>ᐃᓚᖓ 21.</title>
    <orderedlist>
      <listitem>
        <para>ᑭᓇᒃᑯᑐᐃᓐᓇᑦᑎᐊᑦ ᐱᔪᓐᓇᐅᑎᖃᕐᐳᑦ ᐃᓚᐅᔪᓐᓇᕐᓂᕐᒥᒃ ᒐᕙᒪᒧᑦ ᐊᖑᑎᐅᑉ ᐅᕝᕙᓘᓐᓃᑦ ᐊᕐᓇᐅᑉ ᓄᓇᒋᔭᒥᓂ, ᑐᕌᖓᓪᓚᕆᒃᑐᒥᒃ ᐅᕝᕙᓗ ᐃᓱᒪᒋᓯᒪᔭᒥᓂᒃ ᐃᓱᒪᖅᓱᑦᑎᐊᕐᓗᓂ ᓂᕈᐊᕐᓯᓯᒪᔪᒃᓴᐅᓂᕐᒧᑦ ᑭᒡᒐᖅᑐᐃᔨᐅᔪᓂᒃ.</para>
      </listitem>
      <listitem>
        <para>ᑭᓇᒃᑯᑐᐃᓇᑦᑎᐊᑦ ᐱᔪᓐᓇᐅᑎᖃᕐᐳᑦ ᐊᔾᔨᑐᐃᓐᓇᐅᓗᑎᒃ ᐱᕕᒃᓴᐅᑕᐅᔪᓂᒃ ᓇᓂᑐᐃᓐᓇᖅ ᑭᒡᒐᖅᑐᐃᔾᔪᑎᓄᑦ ᐊᖑᑎᐅᑉ ᐅᕝᕙᓘᓐᓃᑦ ᐊᕐᓇᐅᑉ ᓄᓇᒋᔭᒥᓂ.</para>
      </listitem>
      <listitem>
        <para>ᐱᔪᒪᔭᒥᒃᑎᒍᑦ ᑭᓇᒃᑯᑐᐃᓐᓇᐃᑦ ᑐᙵᕕᖃᑦᑎᐊᖅᑐᒃᓴᐅᕗᑦ ᐊᔪᙱᕝᕕᖃᕐᓂᕐᒥᒃ ᒐᕙᒪᒧᑦ; ᐅᖃᓪᓚᐅᑕᐅᓪᓚᑦᑏᖅᑐᒃᓴᐅᕙᖅ ᖃᖓᑐᐃᓐᓇᖅ ᓂᕈᐊᕐᓂᖃᓪᓚᑦᑏᖅᑎᓪᓗᒍᓗ ᓯᓚᕐᔪᐊᕐᒥᐅᓕᒦᓂ ᐊᒻᒪᓗ ᐊᔾᔨᐅᔪᒥᒃ ᓂᕈᐊᕈᓐᓇᕐᕕᖃᕐᓗᓂ ᐊᒻᒪᓗ ᑕᑯᔭᐅᑦᑕᐃᓕᕐᕆᐊᕐᓗᓂᕐᑦᑎᐅᖅ ᓂᕈᐊᑦᑕᒥᓂᒃ ᓂᕈᐊᖅᕕᖃᖅᑎᑕᒃᓴᐅᔪᖅ ᐅᕝᕙᓘᓐᓃᑦ ᐊᔾᔨᖅᓱᖃᑕᐅᔪᒥᒃ ᐃᓱᒪᖅᓱᕐᕕᖃᖅᑐᒃᓴᐅᔪᖅ ᓂᕈᐊᕐᓂᕐᒧᑦ ᐱᒋᐊᕈᑎᓕᐊᕆᓯᒪᔪᓕᒫᒃᑯᑦ.</para>
      </listitem>
    </orderedlist>
  </article>

  <article number="22">
    <title>ᐃᓚᖓ 22.</title>
    <para>ᑭᓇᒃᑯᑐᐃᓐᓇᑦᑎᐊᑦ, ᐃᓚᒋᔭᐅᔪᖅ ᐃᓅᖃᑎᒥᓄᑦ, ᐱᔪᓐᓇᐅᑎᖃᕐᐳᖅ ᐃᓅᓰᕐᒧᑦ ᖃᓄᐃᕈᔪᒃᑕᐃᓕᔾᔪᑎᒧᑦ ᐊᒻᒪᓗ ᐃᔾᔨᕆᔭᐃᑦᑎᐊᕆᐊᖃᖅᑐᒃᓴᐅᓪᓗᓂᓗ, ᓇᓂᑐᐃᓐᓇᖅ ᓄᓇᖃᖅᓂᓕᒥᒃᒃᑯᑦ ᐃᑲᔪᖅᑐᐃᔾᔪᑕᐅᔭᓄᑦ ᐊᒻᒪᓗ ᓯᓚᕐᔪᐊᕐᒥᐅᓄᑦ ᑲᑐᔾᔨᖃᑎᒌᖕᓂᒃᑯᑦ ᐊᒻᒪᓗ ᒪᓕᒃᓗᒋᑦ ᑲᑐᔾᔨᖃᑎᒌᒡᕕᐅᔪᒧᑦ ᐊᒻᒪᓗ ᐃᑲᔪᖅᑐᐃᔾᔪᑕᐅᔪᓂᒃ ᐊᒻᒪᓗ ᐃᓕᖅᑯᓯᑐᖃᓕᕆᐅᑎᓄᑦ ᐱᔪᓐᓇᐅᑎᓄᑦ ᓱᑕᐃᕐᕕᖃᖅᑎᑦᑎᔪᖃᖅᑐᒃᓴᐅᙱᓗᖅ ᐊᖑᑎᐅᑦ ᓈᓚᒃᑕᐅᔾᔪᑎᒃᓴᖓᓂᒃ ᐊᒻᒪᓗ ᐃᓱᒪᕐᓱᕐᓗᓂ ᐱᕙᓪᓕᐊᑎᕆᓂᕐᒥᒃ ᐊᖑᑎ ᓇᖕᒥᓂᕐᓱᐊᕆᔪᒪᔭᒥᓂᒃ.</para>
  </article>

  <article number="23">
  <title>ᐃᓚᖓ 23.</title>
    <orderedlist>
      <listitem>
        <para>ᑭᓇᒃᑯᑐᐃᓐᓇᑦᑎᐊᑦ ᐱᔪᓐᓇᐅᑎᖃᕐᐳᑦ ᓴᓇᔭᒃᓴᖃᕈᒪᓂᕐᒧᑦ, ᐃᓱᒪᕐᓱᕐᓗᑎᒃ ᓂᕈᐊᕆᔭᒥᓂᒃ ᓴᓇᕕᒃᓴᕆᔪᒪᔭᒥᓂᑦ, ᐃᓕᑐᐃᓐᓇᕐᓂᒃᑯᑦ ᐊᒻᒪᓗ ᐱᒃᑯᒥᒋᔭᖃᖅᓂᕐᓴᐅᓂᒃᑯᑦ ᖃᓄᐃᓐᓂᖓ ᓴᓇᔭᒃᓴᐅᑉ ᐊᒻᒪᓗ ᓴᐳᒻᒥᔭᐅᑎᖃᕆᐊᖃᕐᓂᒃᑯᑦ ᓴᓇᕕᒃᓴᖃᙵᓗᐊᖃᑦᑕᕐᓂᙱ ᐱᓪᓗᒍ.</para>
      </listitem>
      <listitem>
        <para>ᑭᓇᒃᑯᑐᐃᓐᓇᑦᑎᐊᑦ, ᓇᓪᓕᐊᖕᓄᑐᐃᓐᓇᖅ ᐃᓅᖃᓐᓂᐊᖅᑐᖃᖅᑐᒃᓴᐅᙱᓗᖅ, ᐱᔪᓐᓇᐅᑎᖃᕐᒪᑦ ᐊᔾᔨᐅᑎᑕᐅᑦᑎᐊᕐᑐᒥᒃ ᐊᑭᓕᖅᓱᐊᖑᓂᕐᒧᑦ ᐊᒻᒪᓗ ᐊᔾᔨᖅᓲᔾᔭᐅᓗᓂ ᓴᓇᕕᖃᕈᓐᓇᕐᓂᕐᒧᑦ.</para>
      </listitem>
      <listitem>
        <para>ᑭᓇᒃᑯᑐᐃᓐᓇᑦᑎᐊᑦ ᓴᓇᕕᖃᖅᑐᑦ ᐱᔪᓐᓇᐅᑎᖃᕐᐳᑦ ᐃᓕᑐᐃᓐᓇᕐᓂᒃᑯᑦ ᐊᒻᒪᓗ ᐱᒃᑯᒥᒋᔭᖃᖅᓂᕐᓴᐅᓂᒃᑯᑦ ᖁᔭᓕᐅᑎᑐᖃᕐᓂᒃᑯᑦ ᓇᓗᓇᐃᓕᑎᑕᐅᓯᒪᔾᔪᑎᒋᓂᐊᕐᒪᒍᑦ ᓇᖕᒥᓂᖅ ᐊᒻᒪᓗ ᐊᖑᑎᐅᑉ ᐃᓚᓂ ᐊᑑᑎᖃᓪᓚᑦᑏᖅᑐᖁᑎᒋᓂᕐᒥᒍᑦ ᐃᓅᓯᒃᑯᑦ ᓈᓚᒃᑕᐅᔪᓐᓇᕐᓂᖃᕐᓗᓂ, ᐊᒻᒪᓗ ᐱᑎᑕᐅᓯᒪᔪᓐᓇᕐᓂᒃᑯᑦ, ᐱᔭᕆᐊᖃᕐᓂᑐᐊᕐᐸᑦ, ᐊᓯᑐᒍᑦ ᑐᕇᖓᓂᖃᕐᑎᓪᓗᒍ ᐃᓅᓯᕐᒧᑦ ᓴᐳᒻᒥᔭᐅᑎᖃᕆᐊᖃᕐᓂᕐᒧᑦ.</para>
      </listitem>
      <listitem>
        <para>ᑭᓇᒃᑯᑐᐃᓐᓇᑦᑎᐊᑦ ᐱᔪᓐᓇᐅᑎᖃᕐᐳᑦ ᓴᓇᒪᓂᒃᑯᑦ ᐊᒻᒪᓗ ᑲᑐᑎᓪᓗᒍ ᑕᐅᕐᓲᓂᒃᑯᑦ ᐊᑕᐅᓯᐅᓕᖓᔾᔪᑎᐅᔪᓄᑦ ᓴᐳᒻᒥᔭᐅᑎᐅᖁᓪᓗᒍ ᐊᖑᑎᐅᑉ ᐅᕝᕙᓘᓐᓃᑦ ᐊᕐᓇᐅᑉ ᐱᒃᑯᒥᒋᔭᖏᓐᓄᑦ.</para>
      </listitem>
    </orderedlist>
  </article>

</udhr>
