<?xml version="1.0" encoding="UTF-8"?>

<!-- © The Office of the High Commisioner for Human Rights -->

<udhr iso639-3='ojb' xml:lang='ojb' key='ojb' n='Ojibwa, Northwestern' dir='ltr' iso15924='Cans' xmlns="http://www.unicode.org/udhr">

  <title>ᐯᒪᑎᓯᑦ ᑌᐸᑫᑕᑯᓯᐎᓇᓐ ᒥᓯᐌᑲᒥᒃ ᐎᓐᑕᒪᑫᐎᓐ</title>

  <note>
    <para>ᑯᑕᑎᔭᓐ ᐊᓂᑕ ᐃᔑᑭᔝᐎᓇᓐ</para>
    <para>ᒪᒪᐤ ᐅᑾᐱᐃᑎᐎᓂᒃ ᐅᓇᑯᓂᑫᐎᓐ 217 A (III) ᑭᐅᑕᐱᓂᑲᑎᒃ ᑲᔦ ᑭᐃᑭᑐᓇᓂᐗᓐ</para>
    <para>ᒣᑾ ᑭᒋᐊᔭᒥᐁᑭᔑᑲᓂ ᑭᓯᔅ 10, 1948 ᑭᐃᓇᑭᓱᐸᓀᓐ.</para>
    <para>ᒣᑾ ᑭᒋᐊᔦᒥᐁᑭᔑᑲᓂ ᑭᓯᔅ 10, 1948 ᒪᒪᐤ ᐅᑾᐱᐃᑎᐎᓂᒃ ᒥᓯᐌᑲᒥᒃ ᑲᑭᓇᐌᓄᓐ ᐁᔑᐎᓯᒋᒃ ᑭᐅᑕᐱᓂᑲᑌᒃ ᑲᔦ ᑭᐃᑭᑐᓇᓂᐗᓐ ᒋᐗᐎᑌᒃ ᐅᒋ ᐯᒪᑎᓯᑦ ᑌᐸᑫᑕᑯᓯᐎᓇᓐ ᒥᓯᐌᑲᒥᒃ ᑌᐸᒋᒧᐎᓐ ᐎᑫ ᐱᑯ ᑲᐃᔑ ᐅᔑᐱᐃᑲᑌᒃ ᒪᓯᓇᐃᑲᓐ ᐅᒪ ᑲᐊᓂ ᐅᔑᐱᐃᑲᑌᑭᓐ ᒪᓯᓇᐃᑲᓂᒃ.</para>
    <para>ᒣᑾ ᑭᒋᐊᔭᒥᐁᑭᔑᑲᓂ ᑭᓯᔅ 10, 1948 ᒪᒪᐤ ᐅᑾᐱᐃᑎᐌᓂᒃ ᒥᓯᐌᑲᒥᒃ ᑲᑭᓇᐌᓀᓐ ᐁᔑᐎᓭᒋᒃ ᑭᐅᑕᐱᓂᑲᑌᒃ ᑲᔦ ᑭᐃᑭᑐᓇᓂᐗᓐ ᒋᐗᐎᑌᒃ ᐅᒋ ᐯᒪᑎᓯᑦ ᑌᐸᑫᑕᑯᓯᐎᓇᓐ ᒥᓯᐌᑲᒥᒃ ᑎᐸᒋᒧᐎᓐ ᐎᑫ ᐱᑯ ᒥᓯᐌ ᑲᐃᔑ ᐅᔑᐱᐃᑲᑌᒃ ᒪᓯᓇᐃᑲᓐ ᐅᒪ ᑲᐊᓂ ᐅᔑᐱᐃᑲᑌᑭᓐ ᒪᓯᓇᐃᑲᓂᒃ. ᑲᐃᔥᑾ ᐅᓇᑯᓂᑲ ᓂᐗᓄᑯᐸᓀᓐ ᐅᐅᐌ ᒪᒪᐤ ᐅᑾᐱᐃᑎᐎᓂᒃ ᐅᓇᑯᓂᑫᐎᓐ ᑲᑭᓇ ᑲᐅᒋ ᑎᐯᓐᑕᑯᓯᐗᐨ ᐅᒪ ᐊᑭᒃ ᑭᐃᔑ ᐎᑕᒪᐗᐗᒃ ᑭᐸᑭᑎᓇᒧᐗᒃ ᐅᐅᐌᓂ ᒪᓯᓇᐃᑲᓐ ᒥᑕᔥ ᑲᐃᓂᑡ ᑭᐃᔑᐅᓇᑌ ᒋᑕᐱᑯ ᒋᐃᔑᐱᒥᓂᔕ ᐃᑲᑌᒃ ᐅᓇᑯᓂᑫᐎᓐ, ᒥᓯᐌ ᒋᐃᔑᐎᒋᑲᑌᑭᓐ ᒋᑭᑫᑕᑾᑭᓐ. ᒋᐗᐸᒋᑲᑌᑭᓐ, ᒋᐊᑭᒋᑲᑌᑭᓐ ᒥᓇᐗ ᑭᑭᓄᐊᒪᑎᐎᑲᒥᑯᓐ ᐎᐎᓂ ᒋᐃᔑᐗᐎᑌᑭᓐ ᒥᓇ ᒋᐊᓂᑫᑲᓄᑌᑭᓐ ᒋᓂᓭᑐᒋᑲᑌᒃ ᒥᓇ ᑯᑕᑭᔭᓐ ᑲᐃᔑ ᐊᔭᑭᓐ ᑭᑭᓄᐊᒪᑎᐗᑲᒥᑯᓐ ᒋᐃᔑ ᐸᑭᑎᓂᑲᑌᑭᓐ ᒥᓯᐌ ᑲᐃᔑ ᐊᔭᓂᐗᒃ ᒥᓇ ᑲᐊᐃᔑᑕᓂᐗᒃ ᐱᓴᓐ ᐱᑯ ᑲᑡᓴᐗᓇᑭᓯᓇᓂᐗᒃ ᒋᐃᔑᐗᐎᒋᑲᑌᒃ ᐅᐌ ᐎᑕᒪᑫᐎᓐ.</para>
  </note>

  <preamble>
    <title>ᐁᔑᐗᐎᑌᑭᓐ</title>
    <para>ᒥᐅᐌ ᐃᑕᔥ ᒣᑾ ᑲᐃᔑᑭᑫᒋᑲᑌᒃ ᑲᑭᓇᐌᓀᓐ ᐅᑕᔭᓐ ᑌᐸᑫᑕᑯᓯᐎᓐ ᑲᑕᓶᐗᓇᑭᓯᓇᓂᐗᒃ ᑲᔦ ᑕᐱᑕ ᐃᔑᑲᓇᐗᐸᑎᐎᓐ ᒥᑕᔥ ᐅᒪ ᑲᐅᒋᑕᒪᑲᒃ ᑎᐯᓂᒥᑎᓱᐎᓐ, ᑾᔭᑾᑎᓯᐎᓐ ᒥᓇ ᐱᓴᓂᓯᐎᓐ ᐅᒪ ᐊᑭᒃ.</para>
    <para>ᒥᐅᐌ ᐃᑕᔥ ᒣᑾ ᑲᐅᒋ ᐃᔑᐌᐸᒃ ᑲᐸᐸᐱᓯᔅᑫᒋᑲᑌᓯᓄᒃ ᒥᓇ ᑕᐸᓭᓂᒥᐌᐎᓂᒃ ᐅᒋᒪᑲᓐ ᒥᑲᓱᐃᔑᒋᑫᐎᓇᓐ ᑲᐅᒋ ᓂᔥᑫᑕᑾᒃ ᐱᒪᑎᓯᐎᓂᒃ ᒥᓇ ᐅᐅᒪ ᐃᑕᔥᐎᓐ ᐊᑭᒃ ᒪᐗᒃ ᑲᑭᒋᐃᓀᑕᑾᒃ ᒋᐃᔑᐱᒋᑲᑌᑭᓐ ᐯᒪᑎᓯᐗᐨ ᒋᒥᓉᑕᒧᐗᐨ ᑎᐯᓂᒥᑎᓯᐎᓐ ᑲᑭᑭᑐᐎᓂᒃ, ᑌᐺᔦᑕᒧᐎᓐ ᒥᓇ ᐊᓐᑕᐌᑕᒧᐎᓐ ᑲᔦ ᑯᑕᒋᐎᓐ ᑭᐊᔭᓯᒃ.</para>
    <para>ᒥᐅᐌ ᐃᑕᔥ ᒣᑾ ᒪᐗᐨ ᑲᑭᒋᐃᓀᑡᑲᒃ, ᑭᔥᐱᓐ ᐃᔑᓇᑾᓯᓄᒃ ᐃᓂᓂ ᑫᐅᒋᐊᐸᐃᐌᐸᓐ ᐃᔥᑾᒃ ᑲᐃᔑ ᐌᑾᒋᓭᑦ ᒋᑭ ᐅᒋ ᓇᑲᔥᑲᑭᐸᓐ ᑎᐱᓇᐌ ᑎᐸᑯᓂᑯᐎᓐ ᒥᓇ ᑲᐃᔑᒪᑯᔥᑲᑫᒪᑲᒃ ᐱᒪᑎᓯᐎᓂᒃ ᐊᓂᔥ ᐅᒋᑕ ᐱᑯ ᒋᑭᐅᒋᑭᐸᓐ ᐯᒪᑎᓯᑦ ᑌᐸᑫᑕᓪᑉᓱᐎᓐ ᒋᐊᔭᑾᒥᓂᑲᑌᒃ ᐃᒪ ᐃᓇᑯᓂᑫᐎᓂᒃ.</para>
    <para>ᒥᐅᐌ ᐃᑕᔥ ᒣᑾ ᒪᐗᐨ ᑲᑭᒋᐃᓀᑕᑾᒃ ᒋᑐᒋᑲᑌᒃ ᑲᐃᔑ ᒥᓄ ᐎᒋᐎᑎᓇᓂᐗᒃ ᒥᓯᐌ ᑲᑕᓶᐗᓇᑭᓯᓇᓂᐗᒃ.</para>
    <para>ᒥᐅᐌ ᐃᑕᔥ ᒣᑾ ᐅᐱᒪᑎᓴᒃ ᒥᓯᐌᑲᒥᒃ ᒋᑭᐌ ᐊᔭᐗᒃ ᑌᐼᔦᑕᒧᐎᓐ ᐃᒪ ᑌᐸᑫᑕᑯᓯᐎᓂᒃ ᑲᐃᔑ ᑭᑌᓂ ᑕᑾᒃ ᒥᓇ ᑲᐃᔑ ᑌᐸᑫᑕᑾᒃ ᑲᑕᔑᐗᑦ ᐊᐎᔭᒃ ᒥᓇᐗ ᐃᐃᒪ ᐃᓂᓂᐗᒃ ᑲᔦ ᐃᑴᐗᒃ ᑕᐱᑕ ᐃᓀᑕᑯᓯᐎ ᓂᒃ ᒥᓇ ᒋᑲᑴ ᐃᔑᒋ ᑲᓂᐗᒃ ᐊᐗᔑᒣ ᑫᐅᒋ ᐱᒋᓂᔥᑲᒃ ᑫᑯᓇᓐ ᓇᐗᐨ ᒋᐊᓂᒥᓄᓭᓇᓂᐗᑭᐸᓐ ᐱᒪᑎᓯᐌ ᓂᒃ.</para>
    <para>ᒥᐅᐌ ᐃᑕᔥ ᒣᑾ ᑲᐊᐃᔑᑎᐯᑕᑯᓯᐗᐨ ᑲᓂᑲᓂᑕᒪᑫᐗᐨ ᑭᐃᔑ ᐸᑭᑎᓂᑎᓱᐗᒃ ᐊᐸᓯᓇᐃᑫᐎᓂᒃ ᒋᑲᑴ ᐃᔑᒋᑲᓂᐗᒃ ᒥᓯᐌ ᑲᒪᒪᐎᓄᐗᑦ ᐊᓂᔑᓂᓂᐎᓐ ᒋᑭᑌᓐᒋᑲᑌᑭᓐ ᒥᓇ ᒋᑲᓇᐗᐸᒋᑲᑌᑭᓐ ᐯᒪᑎᓯᑦ ᐅᑌᐸᑫᑕᑯᓯᐎᓐ ᑲᔦ ᑎᐯᓂᒥᑎᓱᐎᓇᓐ.</para>
    <para>ᒥᐅᐌ ᐃᑕᔥ ᒣᑾ ᒋᑭᐃᔑ ᓂᓯᑐᒋᑲᑌᑭᓐ ᐅᓄᐌᓂᐗᓐ ᑌᐸᑫᑕᑫᓯᐎᓇᓐ ᒥᓇ ᑎᐯᓂᒥᑎᓯᐎᓇᓐ ᒪᐗᒃ ᑭᒋᐃᓀ ᑕᑾᓄᓐ ᑲᑭᓇ ᐱᑯ ᒋᐃᔑ ᑭᑫᑕᑾᑭᓐ ᐅᐌ ᐊᐸᓯᓇᐃᑫᐎᓂᒃ. ᐊᒥᑕᔥ ᐌᒋ ᑎᐸᒋᒧᐗᑦ ᐅᑯ ᒪᒪᐤ ᐅᑾᐱᐃᑎᐎᓂᒃ ᐅᐌᓂ ᐅᒋ ᒥᓯᐌᑲᒥᒃ ᐯᒪᑎᓯᑦ ᑌᐸᑫᑕᑯᓯᐎᓇᓐ ᑎᐸᒋᒧᐎᓐ ᒋᐃᔑᑭᑫᑕᑾᒃ ᑲᑭᓇ ᐊᐎᔭᒃ ᒥᓇ ᒥᓯᐌᑲᓂᒃ ᑲᑕᓱ ᐸᐯᔑᑯᐗᐨ ᑲᔦ ᑲᑕᓯᑭᓐ ᑲᑕᔑᐊᔭᓂᐗᒃ ᒋᑲᓇᐌᑕᒧᐗᑦ ᐅᐌᓂ ᐃᓇᑯᓂᑫᐎᓐ ᑲᔦ ᒧᔕᒃ ᒋᒪᒋᒣᒋᑲᑌᒃ ᒥᓇᐗ ᑲᑭᑭᓄᐊᒪᑫᐗᑦ ᒋᐃᔑ ᑭᑫᑕᑯᑐᐗᒃ ᐊᐗᔑᒣ ᒋᑭᑌᓂᑕᑾᒃ ᐅᓄᐎᓂᐗᓐ ᑌᐸᑫᑕᑯᓯᐎᓇᓐ ᒥᓇ ᑎᐯᓂᒥᑎᓱᐎᓇᓐ ᑲᑭᓇ ᑲᐃᔑᓇᑾᓂᓂᒃ ᒋᐃᔑ ᑲᔥᑭᑐᐗᒃ ᒋᑭᑐᑕᒧᐗᐸᓐ ᑫᐎᓇᐗ ᐃᑭᐌᓂᐗᒃ ᑭᑲᓇ ᑲᐅᑭᒪᐌᑕᑯᓯᐗᑦ ᒥᓇ ᑫᐎᓇᐗ ᐊᐎᔭᒃ ᑲᐊᑯ ᑎᐯᓇᑾᓂᓂᒃ ᑲᐃᔑᑎᐯᑕᒧᐗᑦ ᐊᑭᓂ ᒋᐊᔭᑾᒥᓂᑲᑌᒃ ᒥᓯᐌ ᐃᒪ ᒥᓇ ᒥᓯᐌᑲᒥᒃ.</para>
  </preamble>

  <article number="1">
    <title>ᐅᔑᐱᐃᑲᓐ ᐯᔑᒃ.</title>
    <para>ᑭᑲᓇᐌᓀᓐ ᑲᐱᒪᑎᓯᐗᑦ ᓂᑕᐎᑭᐗᒃ ᑎᐯᓂᒥᑎᓱᐎᓂᒃ ᒥᓇ ᑕᐱᑕ ᑭᒋᐃᓀᑕᑯᓯᐎᓐ ᑲᔦ ᑌᐸᑫᑕᑯᓯᐎᓐ. ᐅᑕᔦᓇᐗ ᒥᑲᐎᐎᓐ ᑲᔦ ᓂᑄᑲᐎᓐ ᒥᓇᐗ ᑕᔥ ᒋᐃᔑᑲᓇᐗᐸᑎᐗᐸᓐ ᐊᒐᑯ ᒥᓄᐎᒋᐎᑎᐎᓂᒃ.</para>
  </article>

  <article number="2">
    <title>ᐅᔑᐱᐃᑲᓐ ᓂᔑᓐ.</title>
    <para>ᑲᑭᓇᐌᓄᓐ ᐅᑕᔦᓇᐗ ᑲᑭᓇ ᑌᐸᑫᑕᑯᓯᐎᓇᓐ ᒥᓇ ᑎᐯᓂᒥᑎᓱᐎᓇᓐ ᑲᐃᓇᑌᓂᒃ ᐅᐌᓂ ᐃᑭᑐᐎᓐ ᑲᐎᓐ ᑲᐎᓐ ᒣᒬᒃ ᓂᓯᑕᐎᓇ ᑯᓯᐎᓐ ᐅᒋ ᑕᐱᔥᑯᒃ ᑲᑎᓄᐎᑦ, ᑲᐃᔐᑫᑦ, ᑲᐃᔑᓇᑯᓱᑦ, ᑲᐃᔑᑫᔗᑦ, ᑲᐃᔑᐊᔦᒥᐃᑦ, ᐃᓀᑕᒧᐎᓐ, ᑲᐃᑕᑲᓀᓯᑦ, ᑭᑎᒪᑭᓯᐎᓐ, ᓂᑕᐎᑭᐎᓐ ᒥᓇ ᑯᑕᒃ ᐃᔑᑭᑫᑕᑯᓯᐎᓐ. ᓇᐗᒃ ᒥᓇᐗ ᑲᐎᓐ ᒣᒬᒃ ᓂᓯᑕᐎᓇᑯᓯᐎᓐ ᑕᐊᔭᒪᑲᓯᓄᓐ ᐅᒋ ᐅᒋᒪᐎᓂᒃ. ᑲᐊᑯᑎᐯᑕᑯᓯᒃ ᑫᒪ ᒥᓯᐌᑲᒥᒃ ᑲᐃᔑ ᑎᐯᑕᑯᓯᓇᓂᐗᒃ ᐊᒋᒃ ᒥᓇ ᑲᑎᐯᑕᒧᐗᑦ ᐅᑕᑭᐗ ᑲᐃᔑ ᐯᔑᑯᑦ ᐊᐎᔭ ᑫᒪ ᑲᔦ ᐅᒋᑎᐯᑕᒃ ᐊᑭᓂ ᑎᐱᓇᐌ, ᐊᐯᓂᒧᐎᓂᒃ, ᐅᑭᒪᐅᓂᒃ ᑲᐊᔭᓯᑾ ᒪᑭᔕ ᑲᔦ ᐊᓂᑕ ᑲᓄᑕᔥᑲᒧᐗᑦ ᑭᒋ ᐅᑭᒪᐌᑕᑯᓯᐌᓂ.</para>
  </article>

  <article number="3">
    <title>ᐅᔑᐱᐃᑲᓐ ᓂᓯᓐ</title>
    <para>ᑲᑭᓇᐌᓀᓐ ᑌᐸᑫᑕᑯᓯ ᐱᒪᑎᓯᐎᓐ, ᒋᐊᐗᑲᓇᓯᐎᓐᑦ ᒥᓇ ᐊᔭᑾᒥᓯᐎᓂᒃ ᒋᐊᔭᒃ.</para>
  </article>

  <article number="4">
    <title>ᐅᔑᐱᐃᑲᓐ ᓂᐎᓐ</title>
    <para>ᑲᐎᓐ ᑕᐃᔑᐌᐸᓯᓄᓐ ᒋᐊᐗᑭᓇᓂᐗᒃ ᐊᐎᔭ ᑫᒪ ᑯᑕᑭᑐᐎᓐ. ᑲᐎᓐ ᑲᔦ ᑕᐃᔑᐌᐸᓯᓄᓐ ᑲᑭᓇ ᑫᑯᓐ ᑲᐃᔑᓇᑾᒃ ᑲᑾᑕᑭᑐᐎᓐᓂᒃ ᒥᓇ ᒋᑭᐱᑎᓂᑲᑌᒃ ᑭᐃᔑᒋᑫᐗᑦ ᒣᔥᑾᒃ ᑲᐅᑎᓇᒥᐎᑡ ᑯᑕᑭᑐ ᐊᓄᑭᐊᑲᓇᓐ.</para>
  </article>

  <article number="5">
    <title>ᐅᔑᐱᐃᑲᓐ ᓇᓇᓐ</title>
    <para>ᑫᑯᐗᓐ ᐊᐎᔭ ᑕᑐᒋᑲᓂᐎᓯ ᓇᓀᑲᒋᐃᑎᐎᓂᒃ ᑲᔦ ᒪᒋᑐᑕᑫᐎᓂᒃ ᑲᐅᒋ ᑕᐸᓭᑕᑯᐎᑕ ᐅᐱᒪᑎᓯ ᑫᒪ ᑲᑾᑕᑭᐃᐌᐎᓂᒃ.</para>
  </article>

  <article number="6">
    <title>ᐅᔑᐱᐃᑲᓐ ᐃᑺᑕᓱ</title>
    <para>ᒥᓯᐌ ᐱᑯ ᐅᒪ ᑲᑭᓇᐌᓀᓐ ᑌᐸᑫᑕᑯᓯ ᒋᐃᔑᑭᑫᑕᑯᓯᑦ ᑲᐃᓇᓴᒥᓯᒃ ᐃᓇᑯᓂᑫᐎᓐ.</para>
  </article>

  <article number="7">
    <title>ᐅᔑᐱᐃᑲᓐ ᓂᔡᓱ</title>
    <para>ᑲᐃᓇᓴᒥᓯᒃ ᐅᓇᑯᓂᑫᐎᓐ ᑲᑭᓇ ᐊᐎᔭ ᑕᐱᑕ ᐃᔑᓇᑯᓯ ᒥᓇ ᒋᐅᒋ ᑲᓇᐌᓂᒥᑯᐗᑦ ᐅᓂᑯᓂᑫᐎᓂᒃ. ᑲᑭᓇ ᐊᐎᔭ ᑕᐱᑕ ᐃᔑᓇᑯᓯ ᒋᑲᐌᓂᒥᑯᑦ ᐅᐌᓂ ᐃᓇᑯᓂᑫᐎᓐ ᐅᒋ ᐱᑯᓂᑲᑌᒃ ᒥᓇ ᐱᑯ ᐃᓂᐌᓂᐗᓐ ᑲᐅᒋ ᐃᔑᓂᔥᑫᑲᓂᐗᒃ.</para>
  </article>

  <article number="8">
    <title>ᐅᔑᐱᐃᑲᓐ ᓂᔥᔡᓱ</title>
    <para>ᑲᑭᓇᐌᓀᓐ ᑲᐱᒪᑎᓯᑦ ᐅᑕᔭᓐ ᑌᐸᑫᑕᑯᓯᐎᓐ ᒥᓯᐌ ᑎᐸᑯᓂᑫᐎᓂᒃ ᑲᑭ ᐅᒋ ᐸᑭᑎᓂᑲᑌᑭᓐ ᑯᓂᑫᐎᓇᓐ ᑲᔦ ᐃᓇᑯᓂᑫᐎᓐ ᑫᑐᒋᑲᑌᒃ ᐊᓐᒋᑯ ᑲᐱᑯᓂᑫᑦ ᐅᓄᐌᓂᐗᓐ ᑲᑭ ᐃᔑ ᐅᓇᒋᑲᑌᑭᓐ ᑌᐸᑫᑕᑯᓯᐌᓇᓐ.</para>
  </article>

  <article number="9">
    <title>ᐅᔑᐱᐃᑲᓐ ᔕᑲᓱ</title>
    <para>ᑲᐎᓐ ᐊᐎᔭ ᑕᐃᔑᓴᓯ ᐎᓐ ᐁᑕᑯ ᐅᑕᑯᓂᑯᐎᓐ ᒋᐅᑕᑯᐅᓐᑦ, ᑲᓇᐌᑕᑯᓯᐎᓐ ᑫᒪ ᒋᐅᒋ ᓀᐱᒋ ᑭᒋᐎᓇᑲᓂᐎᑦ ᐸᑲᓐ ᐊᑭᒃ.</para>
  </article>

  <article number="10">
    <title>ᐅᔑᐱᐃᑲᓐ ᒥᑕᓱ</title>
    <para>ᑲᑭᓇᐌᓀᓐ ᐅᑕᔭᓐ ᒥᓯᐌ ᐌᐌᓂ ᑕᐱᑕ ᑾᔭᒃ ᑭᐃᔑᑲᓇᐗᐸᒋᑲᑌᓂᒃ ᑲᐃᔑᑕᔑᒋᑲᑌᑭᓐ ᐃᔑᓭᐎᓇᓐ ᑎᐸᑯᓂᑫᐎᓂᒃ ᒥᓇᐗ ᐃᒪ ᑎᐸᑯᓂᑫᐎᓇᓐ ᑲᑎᐯᓂᑎᓱᒪᑲᑭᓐ ᑲᒧᒋᓇᐸᓀ ᐁᑕ ᑐᒋᑲᑌᒃ ᒥᓇᐗ ᑎᐯᑯᓂᑫᐎᓐ ᑲᐃᔑ ᑲᑴ ᑭᑫᒋᑲᑌᓂᒃ ᐊᓂᓐ ᒪᔭ ᑲᐃᔑᒪᒪᔑᑦ ᑲᔦ ᐅᐸᐸᒥᓯᐌᓐ ᒥᓇ ᑲᔦ ᑭᒋᒪᒪᒻᔑᐌᓐ ᑲᐃᑕᑾᐅᑎᓇ ᓂᐗᒃ.</para>
  </article>

  <article number="11">
    <title>ᐅᔑᐸᐃᑲᓐ ᒥᑕᓯᔑᐯᔑᒃ</title>
    <orderedlist>
      <listitem>
        <para>ᑲᑭᓇᐌᓄᓐ ᑲᑎᐸᑯᓂᑡ ᐅᒪᒪᔑᐎᓂᐗ ᐅᑕᔭᓇᐗ ᑌᐸᑫᑕᑯᓯᐎᓐ ᐱᓇᒪ ᒋᑭᔕᑯᓇᑲᓂᐎᑦ ᒋᑄ ᐊᓇᒣᑕᑯᓯᑦ ᑲᐃᓇᑌᒃ ᑎᐸᑯᓂᑫᐎᓐ ᐅᑕᔭᓐ ᑫᐅᒋ ᓇᑕᒪᑯᐨ ᐅᑎᐸᑯᓂᑯᐎᓐ.</para>
      </listitem>
      <listitem>
        <para>ᑲᐎᓐ ᐊᐎᔭ ᑕᐊᓇᒣᓂᒪᑲᓂᐎᓯ ᐅᒋ ᑫᑯᓐ ᐃᐃᐌ ᐊᐱ ᑲᑭᑐᑕᒃ ᑭᐅᑎᓂᑲᑌᓂᒃ ᑲᐅᒋ ᑎᐸᑯᓂ ᑎᓇᓂᐗᒃ ᐅᐌ ᑫᑲᓐ ᑲᑭᐃᔑᒋᑲᓂᐗᒃ ᑫᒪ ᐊᓇᐌᐎᓯᐎᓐ ᑫᒪ ᑲᐃᔑᓄᑕᔥᑲᒃ ᑫᑯᓐ ᐅᒪ ᒥᓯᐌᑲᒥᒃ ᑲᔦ ᒥᓯᐌᐊᑭᒃ ᑲᔦ ᐃᑕᔥ ᒥᓇᐗ ᑲᐎᓐ ᑕᐃᔑᑐᒋᑲᑌᓂ ᐅᒪᒪᔑᐎᓐ ᓇᐗᒃ ᐊᐗᔑᒣ ᑲᑾᓯᑴᑕᑾᒃ ᒋᐃᓇ ᑾᐃᑲᓂᐎᑦ ᐃᐌ ᐊᐱ ᑲᑭ ᐃᔑ ᐱᑯᓂᑫᑦ.</para>
      </listitem>
    </orderedlist>
  </article>

  <article number="12">
    <title>ᐅᔑᐱᐃᑲᓐ ᒥᑕᓱᔑᓂᔑᓐ</title>
    <para>ᑲᐎᓐ ᐊᐎᔭ ᑕᑐᒋᑲᓂᐎᓯ ᒋᐅᒋ ᑲᑴᑎᐸᐊᒪᐎᑦ ᐅᒪᒪᔑᐎᓐ ᐅᑎᐱᓇᐌᐎᓯᐎᓂᒃ, ᐅᑎᐯᒋᑫᐎᓂᒃ, ᐅᐗᑲ ᐃᑲᓂᒃ ᑫᒪ ᐅᔑᐱᐊᒪᑎᐎᓂᒃ, ᒥᓇ ᑲᔦ ᒋᐅᒋ ᑕᑯᐱᒋᑲᑌᓂᒃ ᐅᑕᐱᑌᑕᑯᓯᐎᓐ ᒥᓇ ᐅᒋᔑᐌᐱᓯᐎᓐ. ᑲᑭᓇᐌᓀᓐ ᐅᑕᔭᓐ ᑌᐸᑫᑕᑯᓯᐎᓐ ᒋᐅᒋ ᑲᓇᐌᓂᒥᑯᑦ ᐅᓇᑯᓂᑫᐎᓐ ᐅᐌᓂ ᐅᒋ ᐊᑐᓀᐃᑫᐎᓐ ᑲᔦ ᐗᓂᔥᑴᐃᐌᐎᓐ.</para>
  </article>

  <article number="13">
    <title>ᐅᔑᐱᐃᑲᓐ ᒥᑕᓱᔑᓂᓯᓐ</title>
    <orderedlist>
      <listitem>
        <para>ᑲᑭᓇᐌᓀᓐ ᐅᑕᔭᓐ ᑌᐸᑫᑕᑯᓯᐎᓐ ᑎᐯᓂᒥᑎᓱᐎᓂᒃ ᒋᐸᐸᒥᐊᔭᑦ ᑲᔦ ᒋᐃᔑᑕᑦ ᑲᐊᑯ ᑎᐱᓂᑲᑌᒃ ᐊᑭᒃ.</para>
      </listitem>
      <listitem>
        <para>ᑲᑭᓇᐌᓀᓐ ᐅᑕᔭᓐ ᑌᐸᑫᑕᑯᓯᐎᓐ ᒋᓇᑲᑕᒃ ᐸᑲᓐ ᐊᒋᒃ ᑲᔦ ᑎᐱᓇᐌ ᐅᑕᑭ ᒥᓇᐗ ᒋᐃᔑᑎᑭᐌᑦ ᑲᑭᐱᐅᒋᑦ ᐅᑕᑭᒃ.</para>
      </listitem>
    </orderedlist>
  </article>

  <article number="14">
    <title>ᐅᔑᐱᐃᑲᓐ ᒥᑕᓱᔑᓂᐃᓐ</title>
    <orderedlist>
      <listitem>
        <para>ᑲᑭᓇᐌᓀᓐ ᐅᑕᔭᓐ ᑌᐸᑫᑕᑯᓯᐎᓐ ᑭᔥᐱᓐ ᑌᐺ ᐃᐌᓂ ᐅᒋ ᒪᒋᐸᐃᐌᑦ ᐊᓂᔕ ᐱᑯ ᑲᐅᒋᑭᑲᓂ ᐎᐗᑦ ᐊᓂᔑᓂ ᓂᐗᒃ ᑲᐃᔑᓇᑯᓯᑦ, ᑲᑎᓄᐎᑦ ᑫᒪ ᐅᑌᐺᔦᑕᒣᐎᓂᒃ ᐅᒋᑎᐸᑯᓇᑲᓂᐎᑦ ᐌᑎ ᐃᑕᔥ ᐸᑲᓐ ᐊᑭᒃ ᐃᔑᐊᐸᐃᐗᑕᒃ ᐱᓴᓐ ᐃᑯ ᒋᐊᑐᐗᐸᑕᒃ ᒥᓇ ᒋᐅᒋᓇᐁᑕᒃ.</para>
      </listitem>
      <listitem>
        <para>ᐅᐅᐌ ᑌᐸᑫᑕᑯᓯᐎᓐ ᒪᑭᔕ ᑲᐎᓐ ᑕᐃᔑ ᑲᓇᐗᐸᒋᑲᑌᓯᓄᓐ ᑭᔥᐱᓐ ᑌᐺ ᐃᔑᓇᑾᓯᓄᓐ ᑲᐅᒋ ᒪᒋᐸᐃᐌᑦ ᑌᑾᒃ ᐁᑭ ᒪᒪᔑᑲᑕᓱᑦ ᐁᑭ ᐱᑯᓂᑫᑦ ᑲᐃᓇᑌᓂᒃ ᐃᓇᑯᑫᐎᓐ ᐃᒪ ᒥᓯᐌᑲᒥᒃ ᐊᑭᒃ ᒪᒪᐎ ᐎᒋᐎᑎᐎᓂᒃ.</para>
      </listitem>
    </orderedlist>
  </article>

  <article number="15">
    <title>ᐅᔑᐱᐃᑲᓐ ᒥᑕᓱᔑᓇᓇᓐ</title>
    <orderedlist>
      <listitem>
        <para>ᑲᑭᓇᐌᓀᓐ ᐅᑕᔭᓐ ᑌᐸᑫᑕᑯᓯᐎᓐ ᒋᐅᒋ ᐊᔭᐸᓐ ᐅᑕᑲᓀᓯᐎᓐ ᑲᐃᔑᓇᑯᓯᑦ.</para>
      </listitem>
      <listitem>
        <para>ᑲᐎᓐ ᐊᐎᔭ ᑕᐅᒋᑎᐸᑯᓇᓯ ᐅᐌᓂ ᐅᑐᑕᑲᓀᓯᐎᓐ ᑲᐃᔑᓇᑯᓯᑦ ᑲᔦ ᒋᐊᓇᐌᑕᐎᑦ ᐎᐊᒋᑐᑦ ᐅᑐᑕᑲᓀᓯᐎᓐ.</para>
      </listitem>
    </orderedlist>
  </article>

  <article number="16">
    <title>ᐅᔑᐱᐃᑲᓐ ᒥᑕᓱᔑᓂᑯᑡᓱ</title>
    <orderedlist>
      <listitem>
        <para>ᐃᓂᓂᐗᒃ ᒥᓇ ᐃᑴᐗᒃ ᑲᑌᐱᑕᓱᐱᐯᓀᐗᑦ ᐅᑕᔭᓇᐗ ᑌᐸᑫᑕᑯᓯᐎᓐ ᐱᓴᓐ ᐃᑯ ᒋᑭᒋᐎᑎᑫᐗᐸᓐ ᑲᐎᓄᓐ ᒣᒬᒡ ᐱᓇᒪ ᐊᐌᓀᓂᐎᐗᑦ, ᐊᓂᓐ ᐁᔑᐊᔭᒥᐊᐗᑦ ᒥᓇ ᑲᑕᓇᑭᐗᑦ ᐅᑕᑲᓀᓯᐎᓐ. ᐅᑕᔭᓇᐗᓐ ᑕᐱᑕ ᑌᐸᑫᑕᑯᓯᐎᓐ ᑭᒋ ᐎᑎᑫᐎᓐ, ᒣᑾ ᐎᑎᑫᐎᓐ ᑲᔦ ᑭᔥᐱᓐ ᐊᓂ ᐃᔥᑾᓭᓂᒃ ᐎᑎᑫᐎᓐ.</para>
      </listitem>
      <listitem>
        <para>ᐎᓇᐗ ᐱᑯ ᑎᐱᓇᐌ ᑲᐃᓀᑕᒣᐗᑦ ᑲᐃᔑᓂᔑᐗᑦ ᑕᐃᔑᒋᑫᐎᒃ ᒋᑭᒋᐎᑎᑫᐗᑦ.</para>
      </listitem>
      <listitem>
        <para>ᑎᐯᒋᑫᐎᓇᓐ ᑲᐅᑕᑲᓀᓯᓇᓂᐗᒃ ᐃᔑᓂᓯᑕᐎᓇᑾᓄᓐ ᐅᒪ ᑲᐃᔑᐊᔭᓂᐗᒃ ᐁᓂᐌᒃ ᒋᑭᑲᓇᐌᑕᑾᑭᐸᓂᒃ ᑲᔦ ᒋᐊᔦᑾᒥᓂᑲᑌᑭᓐ.</para>
      </listitem>
    </orderedlist>
  </article>

  <article number="17">
    <title>ᐅᔑᐱᐃᑲᓐ ᒥᑕᓯᔑᓂᔕᓱ</title>
    <orderedlist>
      <listitem>
        <para>ᑭᑲᓇᐌᓀᓐ ᐅᑕᔭᓐ ᑭᑎᐯᓐᑕᑭᐸᓐ ᑲᐃᔑᑕᑦ ᒥᓇ ᑲᔦ ᑲᐃᒋ ᐎᒋᐱᒪᑎᓯᒪᑦ ᐅᒪ ᐊᑭᒃ.</para>
      </listitem>
      <listitem>
        <para>ᑲᐎᓐ ᑕᐃᒋ ᐅᓀᑕᒪᐗᓯ ᑎᐸᑯᓂᑫᐎᓂᒃ ᒋᐊᓇᐌᑕᒪᐎᑦ ᑲᐃᔑᑎᐯᑕᑦ ᐅᑎᔑᑕᐎᓐ.</para>
      </listitem>
    </orderedlist>
  </article>

  <article number="18">
    <title>ᐅᔑᐱᐃᑲᓐ ᒥᑕᓱᔑᓂᔥᔡᓱ</title>
    <para>ᑲᑭᓇᐌᓀᓐ ᐅᑕᔦᓐ ᑌᐸᑫᑕᑯᓯᐎᓐ ᑎᐯᓂᒥᑌᓱᐎᓂᒃ ᑲᐃᔑᓇᓇᑲᑕᐌᑕᒃ, ᐅᑭᑫᒣᐎᓐ, ᐅᑕᔭᒥᐊᐎᓐ ᒥᑕᔥ ᑲᔦ ᐁᔑ ᑕᑾᑌᒃ ᐊᐌ ᑌᐸᑫᑕᑯᓯᐎᓐ ᐱᓴᓐ ᐃᑯ ᓯ ᐃᔑᐊᒋᑐᑦ ᐅᒋᔭᒥᐊᐎᓐ, ᐅᑌᐺᑕᒣᐎᓐ ᒥᓇ ᑎᐯᓂᒥᑎᓱᐎᓐ, ᐁᔑ ᐯᔑᑯᑦ ᑫᒪ ᑯᑕᑭᔭ ᐅᑕᔑᑫᐎᓂᒃ ᒥᓇᐗ ᓂᔑᑫᓯᐎᓂᒃ ᒪᑭᔕ ᑲᔦ ᑲᐃᔑᐊᔭᓂᐗᒃ ᒋᐃᔑᓇᑾᑐᑦ ᐅᑕᔦᒥᐊᐎᓐ, ᑲᐃᔑ ᑭᑭᓄᐊᒪᑫᓇᓂᐗᓂᒃ ᐅᑌᐺᑕᒧᐎᓂᒃ, ᒋᐃᔑᒋᑫᑦ, ᐊᔭᒥᒋᑫᐎᓐ, ᒥᓇ ᑲᐃᔑ ᐱᒥᓇᐗᐸᑕᒃ.</para>
  </article>

  <article number="19">
    <title>ᐅᔑᐱᐃᑲᓐ ᒥᑕᓱᔕᑯᓱ</title>
    <para>ᑲᑭᓇᐌᓀᓐ ᐅᑕᔭᓐ ᑌᐸᑫᑕᑯᓯᐎᓐ ᑎᐯᓂᒥᑎᓱᐎᓂᒃ ᒋᑲᑲᓄᑕᒃ ᑲᔦ ᑭᐃᐃᔑᐗᐸᑕᒃ ᑫᑯᓇᓐ ᒥᑕᔥ ᐅᒪ ᑌᐸᑫᑕᑯᓯᐎᓐ ᐁᔑᑕᑶᒪᑲᒃ ᐱᓴᓐ ᐃᑯ ᒋᐃᔑᐊᑐᓀᐊᑭᓐ ᑫᔭ ᒋᐅᑕᐱᓇᑭᓐ ᒥᓇ ᒋᒥᑭᐌᐸᓐ ᐎᑕᒪᑫᐎᓐ ᐱᑯ ᐊᑎ ᑲᐃᔑᐊᑕᐌᓐᑕᑾᒃ ᑎᐸᒋᒧᐎᓐ ᒥᓯᐌ ᐱᑯ ᑲᐃᔑᓶᐗᓇᑭᓐ ᑲᑎᐸᒋᒧᐎᓂᑫᐗᑦ.</para>
  </article>

  <article number="20">
    <title>ᐅᔑᐱᐃᑲᓐ ᓂᔥᑕᓇ</title>
    <orderedlist>
      <listitem>
        <para>ᑲᑭᓇᐌᓀᓐ ᐅᑕᔭᓐ ᑌᐸᑫᑕᑯᓯᐎᓐ ᒪᐗᒋᐃᑎᐎᓂᒃ ᒋᑭᐊᔭᐗᑦ ᐱᓴᓂᓱᐎᓐ ᑲᔦ ᐃᒪ ᑲᐃᔑ ᐗᐎᒋᐎᑎᓇᓂᐗᒃ ᑫᑯᓇᓐ.</para>
      </listitem>
      <listitem>
        <para>ᑲᐃᔑ ᐗᐎᒋᐎᑎᓇᓂᐗᒃ ᑫᑯᓇᓐ ᑲᐃᔑᒋᑲᓂᐗᒃ ᐅᒪ ᐊᑭᒃ ᑲᐎᓐ ᐊᐎᔭ ᒋᐃᔑᑲᑴ ᔕᑯᒋᐃᑦ ᒋᑕᑶᑲᓱᐎᑦ.</para>
      </listitem>
    </orderedlist>
  </article>

  <article number="21">
    <title>ᐅᔑᐱᐃᑲᓐ ᓂᔥᑕᓇᔑᐯᔑᒃ</title>
    <orderedlist>
      <listitem>
        <para>ᑲᑭᓇᐌᓀᓐ ᐅᑕᔭᓐ ᑌᐸᑫᑕᑯᓯᐎᓐ ᑲᐃᔑᐅᑕᑭᒋᑦ ᑫᐎᓐ ᒋᐎᒋᑡᑦ ᐅᑭᒪᐅᓂᒃ, ᑾᔭᒃ ᐃᑯ ᒪᑭᔕ ᑲᔦ ᐎᓐ ᐃᑯ ᑲᐃᔑᐅᓀᓂᒪᑦ ᒋᐎᑐᑲᐗᑦ ᑲᐅᑭᒪᐅᓂ ᐊᓄᑭᓂᒋᓐ.</para>
      </listitem>
      <listitem>
        <para>ᑲᑭᓇᐌᓀᓐ ᐅᑕᔭᓐ ᑌᐸᑫᑕᑯᓯᐎᓐ ᑲᐃᔑ ᐅᑕᑭᒋᓇᓂᐗᒃ ᒋᐅᑎᓂᑫᐸᓐ ᑫᐎᓐ ᑲᐃᔑ ᐗᐎᒋᐃᑎᓇᓂᐗᓂᒃ ᑫᓇᓐ.</para>
      </listitem>
      <listitem>
        <para>ᑲᐅᑭᒪᐗᑎᓯᑦ ᐅᑐᓇᑭᓱᐎᓐ ᑕᐅᒋᑭᑫᑕᑾᓐ ᐊᓂᔑᓂᓂᐗᓐ ᑲᐃᔑ ᐊᑕᐌᑕᒥᓂᒋᓐ, ᒋᑕᔥ ᐅᐌ ᐁᔥᑲᒃ ᑫᑐᑭᑲᑌᒃ ᑾᔭᒃ ᒋᐅᓇᑭᒥᑡ ᑫᐅᑭᒪᐅᑡ ᑲᑭ ᐃᔑᐅᓀᓂᒥᑡ ᒋᐃᔑ ᒪᓇᒋᑭᑫᑕᑾᑭᓐ ᑲᐃᔑᐊᔑᑌᐱᐃᑲᓂᐗᒃ ᒥᓇᐗ ᑲᔦ ᐎᑫ ᐌᐌᓂ ᒋᑐᒋᑲᑌᒃ ᑲᐱᑕᑯᐌᐱᓂᑲᓂᐗᒃ ᐊᔑᑌᐱᐃᑫᐎᓂᓐ.</para>
      </listitem>
    </orderedlist>
  </article>

  <article number="22">
    <title>ᐅᔑᐱᐃᑲᓐ ᓂᔥᑕᓇᔑᓂᔑᓐ</title>
    <para>ᑲᑭᓇᐌᓀᓐ ᑲᐃᔑᑕᑾᑭᒥᑦ ᐅᒪ ᐊᑭᒃ ᐅᑕᔭᓐ ᑌᐸᑫᑕᑯᓯᐎᓐ ᑫᐎᓐ ᐅᒥᓀᓴᐎᓂᒃ ᒥᓇ ᒋᐃᔑᑭᑫᑕᑯᐃᑦ ᐅᒋ ᒥᓯᐌ ᐅᑲᑴᑲᔥᑭᑐᐎᓐ ᒥᓇ ᒥᓯᐌᑲᒥᒃ ᐅᐎᒋᑡᐎᓐ ᑲᐃᔑᓇᓇᐃᑕᒃ ᒥᓇ ᐃᒪ ᐱᒥᐎᒋᑫᐎᓂᒃ ᑲᑕᓱ ᐊᔭᑭᓐ ᐊᑭᔅᓯ ᑲᓇᓐ ᐅᑕᒋᐃᑎᓱᐎᓂᒃ ᒥᓇ ᑌᐸᑫᑕᑯᓱᐎᓐ ᑲᐃᔑᑭᑌᓂᑕᑾᒃ ᐱᒪᑎᓯᐎᓐ ᒥᓇ ᑲᔦ ᑎᐱᓂᒥᑎᓱᐎᓂᒃ ᒋᐊᓂ ᐅᑉᐱᔥᑲᓂᒃ ᐅᑎᔑᐌᐱᓱᐎᓂᒃ.</para>
  </article>

  <article number="23">
    <title>ᐅᔑᐱᐃᑲᓐ ᓂᔥᑕᓇᔑᓂᓯᓐ</title>
    <orderedlist>
      <listitem>
        <para>ᑲᑭᓇᐌᓀᓐ ᐅᑕᔭᓐ ᑌᐸᑫᑕᑯᓯᐎᓐ ᒋᑭᐊᓄᑭᐸᓐ, ᐎᓐ ᐃᑯ ᒋᐅᓀᑕᒪᓱᑦ ᐗᑕᓇᓄᑭᑦ, ᑲᔦ ᑫᒋᓇᒃ ᒋᐊᔭᑾᒪᓂᓂᒃ ᒋᑲᓇᐌᑕᑾᒃ ᑲᐊᐃᔑᓇᑾᒃ ᑲᑕᓇᓄᑭᓇᓂᐗᒃ ᒥᓇ ᑲᔦ ᒋᐅᒋ ᑲᓇᐌᓂᒥᑦ ᑲᐅᒋᓯᓄᑭᓐ ᐊᓄᑭᐎᓇᓐ.</para>
      </listitem>
      <listitem>
        <para>ᑲᑭᓇᐌᓀᓐ ᐅᑕᔭᓐ ᑌᐸᑫᑕᑯᓯᐎᓐ ᐌᐌᓂ ᑾᔭᒃ ᒋᑎᐸᐊᒪᐗᑲᓂᐎᑦ ᐅᑎᓭᐎᓐ ᑲᐃᔑ ᐊᓄᑭᑦ ᑲᔦ ᒋᐅᒋ ᒪᓀᓂᒪᑲ ᓂᐎᓯᒃ.</para>
      </listitem>
      <listitem>
        <para>ᑭᑲᓇᐌᓀᓐ ᐅᑕᔭᓐ ᑌᐸᑫᑕᑯᓯᐎᓐ ᑲᐊᓄᑭᑦ ᑾᔭᒃ ᒋᑕᑾᑭᒥᑡ ᑲᐃᔑ ᐊᑭᒥᑎᓇᓂᐗ ᐊᓂᓐ ᐁᑕᔑᓇᓂᐗᒃ ᐅᒋ ᑫᐎᓐ ᒥᓇ ᐅᑎᐯᒋᑫᐎᓂᒃ ᑭᒋᐃᓀᑕᑾᓐ ᑫᐎᓇᐗ ᐁᐱᒪᑎᓯᐗᑦ ᒥᓇ ᑭᔥᐱᓐ ᐁᑕ ᐃᔑᓇᑾᒃ ᐸᑲᓐ ᒋᐅᒋ ᓇᑕᒪᐎᑡ ᑲᐅᒋ ᑲᓇᐌᓂᒥᑎᓇᓂᐗᒃ.</para>
      </listitem>
      <listitem>
        <para>ᑲᑭᓇᐌᓀᓐ ᐅᑕᔭᓐ ᑌᐸᑫᑕᑯᓯᐎᓐ ᒋᑭᑕᑶᐸᓐ ᒥᓇ ᒋᐅᓇᑐᐸᓐ ᑲᐃᔑ ᒪᒪᐎᓄᓇᓂᐗᒃ ᐊᓄᑭᐎᓂᒃ ᒋᐅᒋ ᑲᓇᐌᑕᑾᓂᓂᑭᓐ ᑲᑕᓀᑕᑭᓐ ᒥᓇ ᑲᐃᔑᒥᓉᒋᑫᑦ ᑫᑯᓇᓐ.</para>
      </listitem>
    </orderedlist>
  </article>
</udhr>
