<?xml version="1.0" encoding="UTF-8"?>

<!--© The Office of the High Commisioner for Human Rights-->

<udhr iso639-3='ppl' xml:lang='ppl' key='ppl' n='Pipil' dir='ltr' iso15924='Latn' xmlns="http://www.unicode.org/udhr">
  <title>Munextia muchi ipal ne tehtechan tay tupal</title>
  <note>
    <para>Giqihket wan inaget pal ne musempuzuhket pal ne tumak tahtalmet pal gitat su welit gichiwat ume se chikume A(iii) pal mahtati ipal mezi se chiknawi ume pual xiqey.</para>
  </note>
  <preamble>
    <title>AXTU PAL TIPEWAT</title>
    <para>Weli muina ga ne tamagixti ne tuktiani wan ne nehmachnemit tik ne tahtal gipia pal tezilnah ne tay gichiwtuk tay gatka tesu genga tay maya tupal muchi ne pal tu iknuwan.</para>
    <para>Weli muina ga te gixmati wan ne tay gatka tesu datka tu patiw tal gichiwtiwit tesu tik tupal te geman inatiwit tay pal tehemet, wan inatiwit ga gichiwtiwit inatiwit ga ginetuyat gichiwat ne pewa muchi pal se techan gan ne tagamet teya mahmawit wan welit inat tay gichiwat tay yek.</para>
    <para>Weli muina ga pal ne tahtagamet nemi gah gipalewia gah gituktia pal gita ga ne tagat muita ga te weli yawit gah tesu gichiwa yek.</para>
    <para>Weli muina ga ne tehtechan pal ne tuhtumak sen nemit techan inatiwit tik ne amatageza inatiwit ga nemi tay ipal ne tagat gitaget geski tu patiw wan gan tigengat pal ne tagamet wan ne siwatket; wan inatiwit ga mu magixtihtiwit pal gitat tay gichiwat pal gipiat wan welit nemit ihtig ipal se mas patawak ipal ne tamagixti.</para>
    <para>Weli muina ga ne tagutun tupal inatiwit ga kia tik palewiat wan tay mupuzuwat ipal ne sen nemit techan magitagan gen se tahtuli pal muchi ne tal wan yahiga ne tamagixti ipal ne tagat.</para>
    <para>Wan muweli muina ga san se pal ini tay tupal wan ne tamagixti yaha tay mas timunegit pal tikchiwat tay tinatiwit.</para>
    <para>Ne musepuzuhket muchi ne tahtalmet</para>
    <para>Ina tay munextia muchi ipal ne tehtechan tay tupal wan tumak tahtal ma puzihtiwit ginegit gichiwat ihtik tamachtiagan pal mumachhtiat pal welit, nehmach nemigan pal ne tupal tamagixti tay tupal wan tamachiwa gen ipal ixkáliu tu techan wan tepal techan su tikchiwtiwit wan muchi ma gichiwagan wan yek tagutun ihtik ne tehtechan muchi gen ihtik ne tahtal talihtiwit gaitan tay ipal.</para>
  </preamble>
  <article number="1">
    <title>Pewa ina se (1)</title>
    <para>Muchi ne tay gen tu weyga nestiwit tamagixti genga tik ekneliat wan ipal wan gichiwtiwit ipal ma munegigan ne se pal ne se.</para>
  </article>
  <article number="2">
    <title>Pewa ina ume (2)</title>
    <para>Muchi tehemet ti welit tinat iwan tamagixti ga inatiwit tik ini nextiwit pal nuhme tehemet tilqiluya, siwat u tagat gen tageza, gan mu tanwageza, tay yaha gimati ga weli ina pal ne techan u pal muchi su gipia u te, nestuk u gan yaha ginegi.</para>
    <para>Te ya mu ixtemuwa tay mu chiwtuk pal ne galpuli u tepal tal ipal ne tu tal tay ne tupal uk se isel tal gen se tal gipia iteguyu tesu isel u gipia uk se iteguyu.</para>
  </article>
  <article number="3">
    <title>Pewa ina yey (3)</title>
    <para>Muchi tehemet tiwelit tinemit ne tamagixti wan ga yaha isel mutuktia.</para>
  </article>
  <article number="4">
    <title>Pewa ina nawi (4)</title>
    <para>Tesu aga weli gichiwa tay te ginegi te weli tegiti gah i wan yaha tesu ginegi wan tesu welit giahwat nan tesu welit techchiwat datka.</para>
  </article>
  <article number="5">
    <title>Pewa ina maqil (5)</title>
    <para>Tesu aga weli mezilpia ma ixtuna u techsumat gen tesu yek.</para>
  </article>
  <article number="6">
    <title>Pewa ina chiqasen (6)</title>
    <para>Muchi tehemet tiwelit, gan tinemit mu ixtiya ne tuamaw.</para>
  </article>
  <article number="7">
    <title>Pewa ina chikume (7)</title>
    <para>Ixpan ne tahtuli muchi tigenga wan gipia, genga ipatiwyu pal gipalewia ne tahtuli, muchi gipalewia ne tahtuli gah ina ga tehemet tesu datka tupatiwyu wan gah ina genga ga tehemet tesu datka tupatiw.</para>
  </article>
  <article number="8">
    <title>Pewa ina chiqey (8)</title>
    <para>Muchi tehemet tikpiat u tiweli tik tahtanit gan welit techpalewiyat qak ginegit techixtiliat tay tupal wan tay nemi tik ne amat u pal ne tahtuli.</para>
  </article>
  <article number="9">
    <title>Pewa ina chiknawi (9)</title>
    <para>Te agah welit gitenzaqat nan welit gi tuktiyat ga uk se techan.</para>
  </article>
  <article number="10">
    <title>Pewa ina mahtati (10)</title>
    <para>Muchi tehemet tiwelit ga muchi tigenga munextia ga gigagit ga se gal puli gan tatuktiyat u gan muweli pal gitat tay ipal tay ginegit ma gichiwat u pal gitat su yek u te yek tay gichiwa.</para>
  </article>
  <article number="11">
    <title>Pewa ina mahtati se (11)</title>
    <orderedlist>
      <listitem>
	<para>Muchi tehemet tikpiat gen tiwelit tinat ma inagan ga tesu yaha gichiwtuk su te mumati su yaha gichiwtuk gen ina netahtuli wan muina tay munechtiwit tay munegi pal yaha te welit gi tenzaqat.</para>
      </listitem>
      <listitem>
	<para>Te aga weli tigilwiat ga yaha gikchiwtuk su te gichiwtuk ga tesu datka gichiwtuk gen tupal tahtuli tal u tepal tal. Nan nusan weli gilwiya ma tachtawi ta yaha tesu gichiwtuk.</para>
      </listitem>
    </orderedlist>
  </article>
  <article number="12">
    <title>Pewa ina mahtati ume (12)</title>
    <para>Te aga weli ina datka ipampa su tesu gimatit tay yaha gichiwa, wan iknuwan, itechan wan igal wan iamat tageza, nan tay yawi ma inat ipampa ipal ta yaha. Muchi tehemet tikpiat ixpan netahtuli techpalewiat tayawi ga tehemet wan tay tehemet tesu tikchiwtiwit.</para>
  </article>
  <article number="13">
    <title>Pewa ina mahtati yey (13)</title>
    <orderedlist>
      <listitem>
	<para>Muchi tehemet tiwelit tinehnemi gan tehemet tiknegit.</para>
      </listitem>
      <listitem>
	<para>Muchi tehemet tiwelit tigisat pal uk se te pal techan wan tiwelit timuqepat tik ne techan.</para>
      </listitem>
    </orderedlist>
  </article>
  <article number="14">
    <title>Pewa ina mahtati nawi (14)</title>
    <orderedlist>
      <listitem>
	<para>Wan su gen se tehemet gitemuwat weli yawi tik uk se techan gitemuwa gan weli nemi.</para>
      </listitem>
      <listitem>
	<para>Wan tesu welit gitahtanit ne tahtuli su yaha gimati ga gichiwtuk tay inat ipal u tay yawi ihpak tay ipal ne sen talmet.</para>
      </listitem>
    </orderedlist>
  </article>
  <article number="15">
    <title>Pewa ina gaxtuli (15)</title>
    <orderedlist>
      <listitem>
	<para>Muchi tehemet tiwelit tigixtiat tuamaw tageza pal gimatit ga cha ne tehemet titechan tagamet.</para>
      </listitem>
      <listitem>
	<para>Tesu aga weli giixtilia pal yaha techan cha ne nan weli gipata gan yaha nestuk.</para>
      </listitem>
    </orderedlist>
  </article>
  <article number="16">
    <title>Pewa ina gaxtuli se (16)</title>
    <orderedlist>
      <listitem>
	<para>Ne tagamet wan ne siwatget qak ahsi nexiwit ga welit munamiktiat welit munamiktiat pal gi iskaliat ipihpilawan wan te muita gen itachixka mulatuh u mezali. Wan genga welit tay ipal sen nemit u muahkawat.</para>
      </listitem>
      <listitem>
	<para>Maya su yehemet ginegit munamiktiat welit munamiktiat su té tesu.</para>
      </listitem>
      <listitem>
	<para>Ne iknew se tagutun pal ne tezilna pal ne techan cha nehket, wan gipia ta ipal ixpan netechan wan pal ne talmet.</para>
      </listitem>
    </orderedlist>
  </article>
  <article number="17">
    <title>Pewa ina gaxtuli ume (17)</title>
    <orderedlist>
      <listitem>
	<para>Muchi tehemet tiwelit tikpiat maya tupal wan nusan tiksempiat.</para>
      </listitem>
      <listitem>
	<para>Tesu aga weli techihtilia tay tupal.</para>
      </listitem>
    </orderedlist>
  </article>
  <article number="18">
    <title>Pewa ina gaxtuli yey (18)</title>
    <para>Muchi tehemet tiwelit tikchiwat tay tiyultageza, ta yaha weli gikchiwa wan gan ginegi mutanwageza; ini tay ipal gikchiwat ga tiwelit tikpatat tay tehemet tiknegit u gan tiknegit timutanwagezat; kiuni gen netamagixti munextia gan tehemet tiknegit timutanwagezat maya se u muchi, ixpan muchi u tusel; pal tikmachtiat, ne tay tikchiwat, ne gan titageza wan gan muita.</para>
  </article>
  <article number="19">
    <title>Pewa ina gaxtuli nawi (19)</title>
    <para>Muchi tehemet weli tikpiat tamagixti pal ina tay yek u té; ini tay tupal yek pal te aga weli techilwiat ga tesu yek tay tikchiwat, wili tiawit tigitat wan welit techilwiat wan weli muina su yek u té, wan weli muilwia muchi, tesu maya ni gan su té gan muweli ina wan gen muweli ina.</para>
  </article>
  <article number="20">
    <title>Pewa ina se pual (20)</title>
    <orderedlist>
      <listitem>
	<para>Muchi tehemet tikpiat tamagixti pal timupuzuat wan gan mupuzuat pal tik chiwat tay yek.</para>
      </listitem>
      <listitem>
	<para>Tesu aga weli mezilwia ma xinemi gan tesu tiknegi.</para>
      </listitem>
    </orderedlist>
  </article>
  <article number="21">
    <title>Pewa ina se pual se (21)</title>
    <orderedlist>
      <listitem>
	<para>Muchi tehemet tiwelit nemi tik ne gal puli pal ne tu techan, welit tinemit u tiktuktiat uk se ma nemi tupampa.</para>
      </listitem>
      <listitem>
	<para>Muchi tehemet tiwelit tigalagit gan muchi tigengat gichiwat tay ipal ne pal ne tahtuli.</para>
      </listitem>
      <listitem>
	<para>Tay ginegi ne techan ga ne tezilna pal tanawatiani ipal muchi tehemet; ini tay tiinat pal muchi pal qak tiawit tay tiinat gahyawi gituktia ne techan, ini tay muina tiawit tikchiwat qak ya muqepa tik inat ga ya mupata uk se ga gituhtia ne techan; pal muchi inat ga yaha weli naga pal tatuktia wan tay muina maya tehemet tikmatit pal ga tinatiwit wan uk se weli muchiwa ma ina ga nemi yek.</para>
      </listitem>
    </orderedlist>
  </article>
  <article number="22">
    <title>Pewa ina se pual ume (22)</title>
    <para>Muchi tehemet gen se pal ne gan puzuat weli gipia gal wan gan yawi pahtia wan mumachtia, wan gipia gan su ginegi gichiwa pal ne techan wan pal ne tepal techan tay gipia ne gan ahsi musempuzuat wan tay gipia ipal ne techan, gunih weli tay yaha gipia, yaha gipia muchi tay munegi, wan tay gichiwa gatka, tay yaha munegi ipal wan tay weli gichiwa tay yaha munegi.</para>
  </article>
  <article number="23">
    <title>Pewa ina se pual yey (23)</title>
    <orderedlist>
      <listitem>
	<para>Muchi tehemet tiwelit titegitit, pal ina tay ginegi gichiwa, tay genga gen uk seyuk tegitit ma mumati yek wan weli mutahtawelia ga tesu gimagat gan tegiti.</para>
      </listitem>
      <listitem>
	<para>Muchi tehemet tiwelit tiktahtamit ipatiw ne tegiw genga gen gitaxtawat ne uk seyuk.</para>
      </listitem>
      <listitem>
	<para>Muchi tehemet welit tikpiat matechtahtawigan genga pal mumati yek, pal gimati gaipal wan pal iknew pal ixtuna pal muchi yehemet wan pal tami gichiwat ga uk seyuk gan welit gipalewiat.</para>
      </listitem>
      <listitem>
	<para>Muchi tehemet tiwelit tikpuzuwat wan weli timuchiwat se pal gan mupuzuat pal mupalewia tay ipal.</para>
      </listitem>
    </orderedlist>
  </article>
  <article number="24">
    <title>Pewa ina se pual nawi (24)</title>
    <para>Muchi tehemet tiwelit timusewiat, wan paxaluwa qak tesu tegiti, wan qak tegiti ma tegiti axta qak inatiwit, wan qak paxaluwa magitaxtawigan gen tegitisgia.</para>
  </article>
  <article number="25">
    <title>Pewa ina se pual maqil (25)</title>
    <orderedlist>
      <listitem>
	<para>Muchi tehemet welit tikpiat ma tinemigan yek ma weli nemi yek yaha wan iknew, ma gipia pal mupahtia wan pal nemi yek, wan tay giqa, qahqax, gal, gan ya mupahtia wan pal muchi tay yaha munegi; gipia nusan gan gitaxtawat su te gipia tegiw, guguya, te weli nehnemi, ga migi igumpa, ga chulét, wan uk sekseyuk gagi puluhtuk tay yaha tesu ginetuya.</para>
      </listitem>
      <listitem>
	<para>inan wan qak gunet gipiat nusan ga gitahpiat wan ga gita manemi yek. Muchi neguhgunet, nestiwit ipal munamitihtiwit u tesu, gipiat nusan pal ipal tay muchi gipiat.</para>
      </listitem>
    </orderedlist>
  </article>
  <article number="26">
    <title>Pewa ina se pual xiqasen (26)</title>
    <orderedlist>
      <listitem>
	<para>Muchi tehemet tiwelit timumachtiat. Wan timumaxtiat ma te techtahtani ipatiw, pal timumachtiat tay timunegit. Pal timumachtiat timunegit ma techilwigan gan tiawit timumachtiat. Tay timumachtiat pal tiwelit tiinat yek tay tiknegit tiina wan ini weli nemi pal muchi tesu pal maya se; pal muchi ne gan mumachtiat gan welit genga pal muchi, su weli gichiwa tay yaha weli.</para>
      </listitem>
      <listitem>
	<para>Ne tay timumachtiat nemi pal weya tay tigixmati wan pal tesu aga techchiwa datka; pal weli gimati, pal yahkawat gichiwa tay yaha ginegi, pal te timuqalantiat wan pal timunegit nuhme ne tal wan muchi ne gan mupuzuat tesu inat datka pal tyut u wan mutanwageza; wan yaha mugumuntia pal tami qiga tay ginegi gichiwa pal ne nuhme ne talmet pal te aga muchiwa datka.</para>
      </listitem>
      <listitem>
	<para>Ne tehtegu weli gitat tay welit gimachtiat ne guhgunew.</para>
      </listitem>
    </orderedlist>
  </article>
  <article number="27">
    <title>Pewa ina se pual chikume (27)</title>
    <orderedlist>
      <listitem>
	<para>Muchi tehemet tiwelit tikchiwat tay gichiwa ne techan tagamet, pal welit mu yulqesuwat tay yehemet welit gichiwat, wan weli nemit ne ga gimati ina tay gichiwa wan tay gimaga ipatiw tay yaha gichiwtuk.</para>
      </listitem>
      <listitem>
	<para>Muchi tehemet tiwelit tigitat su yek u te, tay tehemet tikchiwtiwit, tay yaha ipal pal yaha gichiwtuk tik ne tay tesu aga gimati, tawawasua wan tilqilua, mihtutia, gixpiza.</para>
      </listitem>
    </orderedlist>
  </article>
  <article number="28">
    <title>Pewa ina se pual chiqéy (28)</title>
    <para>Muchi tehemet tiwelit tiktahtamit ma gichiwagan tay inatiwit ga giawi gichiwat tay tupal tamagixti tay inextiwit tik tay inatiwit ma gichiwagan pal te naga maya tik amat.</para>
  </article>
  <article number="29">
    <title>Pewa ina se pual chiknawi (29)</title>
    <orderedlist>
      <listitem>
	<para>Muchi tehemet tiwelit tikchiwat tay ipal ne techan ga maya ipal yaha weli gichiwa tay yaha weli gamumaxtihtuk.</para>
      </listitem>
      <listitem>
	<para>Tik ta yaha gichiwa pal te aga gilwia datka, muchi tehemet weli nemi tay gilwiat chupi ta ina ne tanawatiani, wan pal maya gita ga ta yaha ipal wan tamagixti ipal muchi wan mumati yek tay gilwiat ma gichiwa ipampa uk seyuk, tay yek tatuktiat, tay yek, ne tatuknianit pal muchi wan pal nemi yek muchi tik se gan tinemit gan tesu aga techilwiat datka.</para>
      </listitem>
      <listitem>
	<para>Ini tay tupal wan tamagixti tesu weli qak tesu tiknegit qak te tiknegit tay su tiawit tinat tay tesu yek pal ne sen talmet.</para>
      </listitem>
    </orderedlist>
  </article>
  <article number="30">
    <title>Pewa ina se pual mahtati (30)</title>
    <para>Tesu datka tay ginechtiwit welit inat tesu welit gimatit gen gimaga ta ipal pal se gan musempuzuat u pal ne techan, pal pewat gichiwat u gichiwat tay pal gitahtani tay tesu ginegi gikchiwat pal ne tay inatiwit tigini tay ginechtiwit.</para>
  </article>
</udhr>
