<?xml version="1.0" encoding="UTF-8"?>

<!--© The Office of the High Commisioner for Human Rights-->

<udhr iso639-3='ukr' xml:lang='uk' key='ukr' n='Ukrainian' dir='ltr' iso15924='Cyrl' xmlns="http://www.unicode.org/udhr">
   <title>ЗАГАЛЬНА ДЕКЛАРАЦІЯ ПРАВ ЛЮДИНІ</title>
   <preamble>
      <title>ПРЕАМБУЛА</title>
      <para>Беручи до уваги, що визнання гідності, яка властива всім членам людської сім'ї, і рівних та невід'ємних їх прав є основою свободі, справедливості та загального миру; і</para>
      <para>беручи до уваги, що зневажання і нехтування правами людини призвели до варварських актів, які обурюють совість людства, і що створення такого світу, в якому люди будуть мати свободу слова і переконань і будуть вільні від страху і нужди, проголошено як високе прагнення людей; і</para>
      <para>беручи до уваги, що необхідно, щоб права людини охоронялися силою закону з метою забезпечення того, щоб людина не була змушена вдаватися як до останнього засобу до повстання проти тиранії і гноблення; і</para>
      <para>беручи до уваги, що необхідно сприяти розвиткові дружніх відносин між народами; і</para>
      <para>беручи до уваги, що народи Об'єднаних Націй підтвердили в Статуті свою віру в основні права людини, в гідність і цінність людської особи і в рівноправність чоловіків і жінок та вирішили сприяти соціальному прогресові і поліпшенню умов життя при більшій свободі; і</para>
      <para>беручи до уваги. що держави‐члени зобов'язались сприяти у співробітництві з Організацією Об'єднаних Націй загальній повазі і додержанню прав людини і основних свобод; і</para>
      <para>беручи до уваги, що загальне розуміння характеру цих прав і свобод має величезне значення для повного виконання цього зобов'язання,</para>
      <para>ГЕНЕРАЛЬНА АСАМБЛЕЯ</para>
      <para>проголошує цю Загальну Декларацію Прав Людини як завдання, до виконання якого повинні прагнути всі народи і всі держави з тим, щоб кожна людина і кожний орган суспільства, завжди маючи на увазі цю Декларацію, прагнули шляхом освіти сприяти поважанню цих прав і свобод і забезпеченню, шляхом національних і міжнародних прогресивних заходів, загального і ефективного визнання і здійснення їх як серед народів держав ‐ членів Організації, так і серед народів територій, що перебувають під їх юрисдикцією.</para>
   </preamble>
   <article number="1">
      <title>Стаття 1.</title>
      <para>Всі люди народжуються вільними і рівними у своїй гідності та правах. Вони наділені розумом і совістю і повинні діяти у відношенні один до одного в дусі братерства.</para>
   </article>
   <article number="2">
      <title>Стаття 2.</title>
      <para>Кожна людина повинна мати всі права і всі свободи, проголошені цією Декларацією, незалежно від раси, кольору шкіри, статі, мови, релігії, політичних або інших переконань, національного чи соціального походження, майнового, станового або іншого становища.</para>
      <para>Крім того, не повинно проводитися ніякого розрізнення на основі політичного, правового або міжнародного статусу країни або території, до якої людина належить, незалежно від того, чи є ця територія незалежною, підопічною, несамоврядованою або як‐небудь інакше обмеженою у своєму суверенітеті.</para>
   </article>
   <article number="3">
      <title>таття 3.</title>
      <para>Кожна людина має право на життя, на свободу і на особисту недоторканність.</para>
   </article>
   <article number="4">
      <title>Стаття 4.</title>
      <para>Ніхто не повинен бути в рабстві або у підневільному стані; рабство і работоргівля забороняються в усіх їх видах.</para>
   </article>
   <article number="5">
      <title>Стаття 5.</title>
      <para>Ніхто не повинен зазнавати тортур, або жорстокого, нелюдського, або такого, що принижує його гідність, поводження і покарання.</para>
   </article>
   <article number="6">
      <title>Стаття 6.</title>
      <para>Кожна людина, де б вона не перебувала, має право на визнання її правосуб'єктності.</para>
   </article>
   <article number="7">
      <title>Стаття 7.</title>
      <para>Всі люди рівні перед законом і мають право, без будь‐якої різниці, на рівний їх захист законом. Усі люди мають право на рівний захист від якої б то не було дискримінації, що порушує цю Декларацію, і від якого б то не було підбурювання до такої дискримінації.</para>
   </article>
   <article number="8">
      <title>Стаття 8.</title>
      <para>Кожна людина має право на ефективне поновлення у правах компетентними національними судами в разі порушення її основних прав, наданих їй конституцією або законом.</para>
   </article>
   <article number="9">
      <title>Стаття 9.</title>
      <para>Ніхто не може зазнавати безпідставного арешту, затримання або вигнання.</para>
   </article>
   <article number="10">
      <title>Стаття 10.</title>
      <para>Кожна людина, для визначення її прав і обов'язків і для встановлення обґрунтованості пред'явленого їй кримінального обвинувачення, має право, на основі повної рівності, на те, щоб її справа була розглянута прилюдно і з додержанням усіх вимог справедливості незалежним і безстороннім судом.</para>
   </article>
   <article number="11">
      <title>Стаття 11.</title>
      <orderedlist>
         <listitem>
            <para>Кожна людина обвинувачена у вчиненні злочину, має право вважатися невинною доти, поки її винність не буде встановлена в законному порядку шляхом прилюдного судового розгляду, при якому їй забезпечують усі можливості для захисту.</para>
         </listitem>
         <listitem>
            <para>Ніхто не може бути засуджений за злочин на підставі вчинення будь‐якого діяння або за бездіяльність, які під час їх вчинення не становили злочину за національними законами або за міжнародним правом. Не може також накладатись покарання тяжче від того, яке могло бути застосоване на час вчинення злочину.</para>
         </listitem>
      </orderedlist>
   </article>
   <article number="12">
      <title>Стаття 12.</title>
      <para>Ніхто не може зазнавати безпідставного втручання у його особисте і сімейне життя, безпідставного посягання на недоторканність його житла, таємницю його кореспонденції або на його честь і репутацію. Кожна людина має право на захист закону від такого втручання або таких посягань.</para>
   </article>
   <article number="13">
      <title>Стаття 13.</title>
      <orderedlist>
         <listitem>
            <para>Кожна людина має право вільно пересуватися і обирати собі місце проживання у межах кожної держави.</para>
         </listitem>
         <listitem>
            <para>Кожна людина має право покинути будь‐яку країну, включаючи й свою власну, і повертатись у свою країну.</para>
         </listitem>
      </orderedlist>
   </article>
   <article number="14">
      <title>Стаття 14.</title>
      <orderedlist>
         <listitem>
            <para>Кожна людина має право шукати притулку від переслідувань в інших країнах і користуватися цим притулком.</para>
         </listitem>
         <listitem>
            <para>Це право не може бути використане в разі переслідування, яке в дійсності ґрунтується на вчиненні неполітичного злочину, або діяння, що суперечить цілям і принципам Організації Об'єднаних Націй.</para>
         </listitem>
      </orderedlist>
   </article>
   <article number="15">
      <title>Стаття 15.</title>
      <orderedlist>
         <listitem>
            <para>Кожна людина має право на громадянство.</para>
         </listitem>
         <listitem>
            <para>Ніхто не може бути безпідставно позбавлений громадянства або права змінити своє громадянство.</para>
         </listitem>
      </orderedlist>
   </article>
   <article number="16">
      <title>Стаття 16.</title>
      <orderedlist>
         <listitem>
            <para>Чоловіки і жінки, які досягли повноліття, мають право без будь‐яких обмежень за ознакою раси, національності або релігії одружуватися і засновувати сім'ю. Вони користуються однаковими правами щодо одруження під час шлюбу та під час його розірвання.</para>
         </listitem>
         <listitem>
            <para>Шлюб може укладатися тільки при вільній і повній згоді сторін, що одружуються.</para>
         </listitem>
         <listitem>
            <para>Сім'я є природним і основним осередком суспільства і має право на захист з боку суспільства та держави.</para>
         </listitem>
      </orderedlist>
   </article>
   <article number="17">
      <title>Стаття 17.</title>
      <orderedlist>
         <listitem>
            <para>Кожна людина має право володіти майном як одноособово, так і разом з іншими.</para>
         </listitem>
         <listitem>
            <para>Ніхто не може бути безпідставно позбавлений свого майна.</para>
         </listitem>
      </orderedlist>
   </article>
   <article number="18">
      <title>Стаття 18.</title>
      <para>Кожна людина має право на свободу думки, совісті і релігії; це право включає свободу змінювати свою релігію або переконання і свободу сповідувати свою релігію або переконання як одноособово, так і разом з іншими, прилюдним або приватним порядком в ученні, богослужінні і виконанні релігійних та ритуальних обрядів.</para>
   </article>
   <article number="19">
      <title>Стаття 19.</title>
      <para>Кожна людина має право на свободу переконань і на вільне їх виявлення; це право включає свободу безперешкодно дотримуватися своїх переконань та свободу шукати, одержувати і поширювати інформацію та ідеї будь‐якими засобами і незалежно від державних кордонів.</para>
   </article>
   <article number="20">
      <title>Стаття 20.</title>
      <orderedlist>
         <listitem>
            <para>Кожна людина має право на свободу мирних зборів і асоціацій.</para>
         </listitem>
         <listitem>
            <para>Ніхто не може бути примушений вступати до будь‐якої асоціації.</para>
         </listitem>
      </orderedlist>
   </article>
   <article number="21">
      <title>Стаття 21.</title>
      <orderedlist>
         <listitem>
            <para>Кожна людина має право брати участь в управлінні своєю країною безпосередньо або через вільно обраних представників.</para>
         </listitem>
         <listitem>
            <para>Кожна людина має право рівного доступу до державної служби в своїй країні.</para>
         </listitem>
         <listitem>
            <para>Воля народу повинна бути основою влади уряду; ця воля повинна виявлятися у періодичних і нефальсифікованих виборах, які повинні провадитись при загальному і рівному виборчому праві шляхом таємного голосування або ж через інші рівнозначні форми, що забезпечують свободу голосування.</para>
         </listitem>
      </orderedlist>
   </article>
   <article number="22">
      <title>Стаття 22.</title>
      <para>Кожна людина, як член суспільства, має право на соціальне забезпечення і на здійснення необхідних для підтримання її гідності і для вільного розвитку її особи прав у економічній. Соціальній і культурній галузях за допомогою національних зусиль і міжнародного співробітництва та відповідно до структури і ресурсів кожної держави.</para>
   </article>
   <article number="23">
      <title>Стаття 23.</title>
      <orderedlist>
         <listitem>
            <para>Кожна людина має право на працю, на вільний вибір роботи, на справедливі і сприятливі умови праці та на захист від безробіття.</para>
         </listitem>
         <listitem>
            <para>Кожна людина, без будь‐якої дискримінації, має право на рівну оплату за рівну працю.</para>
         </listitem>
         <listitem>
            <para>Кожний працюючий має право на справедливу і задовільну винагороду, яка забезпечує гідне людини існування, її самої та її сім'ї, і яка в разі необхідності доповнюється іншими засобами соціального забезпечення.</para>
         </listitem>
         <listitem>
            <para>Кожна людина має право створювати професійні спілки і входити до професійних спілок для захисту своїх інтересів.</para>
         </listitem>
      </orderedlist>
   </article>
   <article number="24">
      <title>Стаття 24.</title>
      <para>Кожна людина має право на відпочинок і дозвілля, включаючи право на розумне обмеження робочого дня та на оплачувану періодичну відпустку.</para>
   </article>
   <article number="25">
      <title>Стаття 25.</title>
      <orderedlist>
         <listitem>
            <para>Кожна людина має право на такий життєвий рівень, включаючи їжу, житло, медичний догляд та необхідне соціальне обслуговування, який є необхідним для підтримання здоров'я і добробуту її самої та її сім'ї, і право на забезпечення в разі безробіття, хвороби, інвалідності, вдівства, старості чи іншого випадку втрати засобів до існування через незалежні від неї обставини.</para>
         </listitem>
         <listitem>
            <para>Материнство і дитинство дають право на особливе піклування і допомогу. Всі діти, народжені у шлюбі або поза шлюбом, повинні користуватися однаковим соціальним захистом.</para>
         </listitem>
      </orderedlist>
   </article>
   <article number="26">
      <title>Стаття 26.</title>
      <orderedlist>
         <listitem>
            <para>Кожна людина має право на освіту. Освіта повинна бути безплатною, хоча б початкова і загальна. Початкова освіта повинна бути обов'язковою. Технічна і професійна освіта повинна бути загальнодоступною, а вища освіта повинна бути однаково доступною для всіх на основі здібностей кожного.</para>
         </listitem>
         <listitem>
            <para>Освіта повинна бути спрямована на повний розвиток людської особи і збільшення поваги до прав людини і основних свобод. Освіта повинна сприяти взаєморозумінню, терпимості і дружбі між усіма народами, расовими, або релігійними групами і повинна сприяти діяльності Організації Об'єднаних Націй по підтриманню миру.</para>
         </listitem>
         <listitem>
            <para>Батьки мають право пріоритету у виборі виду освіти для своїх малолітніх дітей.</para>
         </listitem>
      </orderedlist>
   </article>
   <article number="27">
      <title>Стаття 27.</title>
      <orderedlist>
         <listitem>
            <para>Кожна людина має право вільно брати участь у культурному житті суспільства, втішатися мистецтвом, брати участь у науковому прогресі і користуватися його благами.</para>
         </listitem>
         <listitem>
            <para>Кожна людина має право на захист її моральних і матеріальних інтересів, що є результатом наукових, літературних або художніх праць, автором яких вона є.</para>
         </listitem>
      </orderedlist>
   </article>
   <article number="28">
      <title>Стаття 28.</title>
      <para>Кожна людина має право на соціальний і міжнародний порядок, при якому права і свободи, викладені в цій Декларації, можуть бути повністю здійснені.</para>
   </article>
   <article number="29">
      <title>Стаття 29.</title>
      <orderedlist>
         <listitem>
            <para> Кожна людина має обов'язки перед суспільством, у якому тільки й можливий вільний і повний розвиток її особи.</para>
         </listitem>
         <listitem>
            <para>При здійсненні своїх прав і свобод кожна людина повинна зазнавати тільки таких обмежень, які встановлені законом виключно з метою забезпечення належного визнання і поваги прав і свобод інших та забезпечення справедливих вимог моралі, громадського порядку і загального добробуту в демократичному суспільстві.</para>
         </listitem>
         <listitem>
            <para>Здійснення цих прав і свобод ні в якому разі не повинно суперечити цілям і принципам Організації Об'єднаних Націй.</para>
         </listitem>
      </orderedlist>
   </article>
   <article number="30">
      <title>Стаття 30.</title>
      <para>Ніщо у цій Декларації не може бути витлумачено як надання будь‐якій державі, групі осіб або окремим особам права займатися будь‐якою діяльністю або вчиняти дії, спрямовані на знищення прав і свобод, викладених у цій Декларації.</para>
   </article>
</udhr>
   
